S,B,layer,kernel_name
32,1,conv1,_Z23implicit_convolve_sgemmIffiLi1024ELi5ELi5ELi3ELi3ELi3ELi1ELb0ELb0ELb1EEviiiPKT_iPT0_S2_18kernel_conv_paramsyT1_ffiPKS3_S8_bbii
32,1,relu1,_ZN2at6native29vectorized_elementwise_kernelILi4EZZZNS0_49_GLOBAL__N__a62a4dcd_16_TensorCompare_cu_71e06f4e19launch_clamp_scalarERNS_18TensorIteratorBaseEN3c106ScalarES6_NS0_6detail11ClampLimitsEENKUlvE_clEvENKUlvE5_clEvEUlfE_St5arrayIPcLy2EELb0EEEviT0_T1_
32,1,maxpool,_ZN2at6native52_GLOBAL__N__71d79c19_19_DilatedMaxPool2d_cu_9872839c21max_pool_forward_nchwIfiEEvT0_PKT_xxxiiiiiiiiiiPS4_Px
32,1,conv2,_ZN5cudnn17winograd_nonfused26winogradForwardData9x9_5x5IffEEvNS0_18WinogradDataParamsIT_T0_EE
32,1,conv2,_ZN5cudnn17winograd_nonfused28winogradForwardFilter9x9_5x5IffEEvNS0_20WinogradFilterParamsIT_T0_EE
32,1,conv2,_ZN7cutlass7Kernel2I41cutlass_80_simt_sgemm_64x64_8x5_nn_align1EEvNT_6ParamsE
32,1,conv2,_ZN5cudnn17winograd_nonfused28winogradForwardOutput9x9_5x5IffEEvNS0_20WinogradOutputParamsIT_T0_EE
32,1,relu2,_ZN2at6native29vectorized_elementwise_kernelILi4EZZZNS0_49_GLOBAL__N__a62a4dcd_16_TensorCompare_cu_71e06f4e19launch_clamp_scalarERNS_18TensorIteratorBaseEN3c106ScalarES6_NS0_6detail11ClampLimitsEENKUlvE_clEvENKUlvE5_clEvEUlfE_St5arrayIPcLy2EELb0EEEviT0_T1_
32,1,conv3,_Z23implicit_convolve_sgemmIffiLi1024ELi5ELi5ELi3ELi3ELi3ELi1ELb0ELb0ELb1EEviiiPKT_iPT0_S2_18kernel_conv_paramsyT1_ffiPKS3_S8_bbii
32,1,relu3,_ZN2at6native29vectorized_elementwise_kernelILi4EZZZNS0_49_GLOBAL__N__a62a4dcd_16_TensorCompare_cu_71e06f4e19launch_clamp_scalarERNS_18TensorIteratorBaseEN3c106ScalarES6_NS0_6detail11ClampLimitsEENKUlvE_clEvENKUlvE5_clEvEUlfE_St5arrayIPcLy2EELb0EEEviT0_T1_
32,1,conv4,_Z23implicit_convolve_sgemmIffiLi1024ELi5ELi5ELi3ELi3ELi3ELi1ELb0ELb0ELb1EEviiiPKT_iPT0_S2_18kernel_conv_paramsyT1_ffiPKS3_S8_bbii
32,1,relu4,_ZN2at6native29vectorized_elementwise_kernelILi4EZZZNS0_49_GLOBAL__N__a62a4dcd_16_TensorCompare_cu_71e06f4e19launch_clamp_scalarERNS_18TensorIteratorBaseEN3c106ScalarES6_NS0_6detail11ClampLimitsEENKUlvE_clEvENKUlvE5_clEvEUlfE_St5arrayIPcLy2EELb0EEEviT0_T1_
32,1,conv5,_Z23implicit_convolve_sgemmIffiLi1024ELi5ELi5ELi3ELi3ELi3ELi1ELb0ELb0ELb1EEviiiPKT_iPT0_S2_18kernel_conv_paramsyT1_ffiPKS3_S8_bbii
32,1,relu5,_ZN2at6native29vectorized_elementwise_kernelILi4EZZZNS0_49_GLOBAL__N__a62a4dcd_16_TensorCompare_cu_71e06f4e19launch_clamp_scalarERNS_18TensorIteratorBaseEN3c106ScalarES6_NS0_6detail11ClampLimitsEENKUlvE_clEvENKUlvE5_clEvEUlfE_St5arrayIPcLy2EELb0EEEviT0_T1_
32,1,conv6,_Z23implicit_convolve_sgemmIffiLi1024ELi5ELi5ELi3ELi3ELi3ELi1ELb0ELb0ELb1EEviiiPKT_iPT0_S2_18kernel_conv_paramsyT1_ffiPKS3_S8_bbii
32,1,relu6,_ZN2at6native29vectorized_elementwise_kernelILi4EZZZNS0_49_GLOBAL__N__a62a4dcd_16_TensorCompare_cu_71e06f4e19launch_clamp_scalarERNS_18TensorIteratorBaseEN3c106ScalarES6_NS0_6detail11ClampLimitsEENKUlvE_clEvENKUlvE5_clEvEUlfE_St5arrayIPcLy2EELb0EEEviT0_T1_
32,1,global_avg_pool,_ZN2at6native13reduce_kernelILi512ELi1ENS0_8ReduceOpIfNS0_7MeanOpsIffffEEjfLi4ELi4EEEEEvT1_
32,1,fc1,_ZN8internal5gemvx6kernelIiiffffLb0ELb1ELb1ELb0ELi7ELb0E18cublasGemvParamsExIi30cublasGemvTensorStridedBatchedIKfES5_S3_IfEfEEENSt9enable_ifIXntT5_EvE4typeET11_
32,1,relu7,_ZN2at6native29vectorized_elementwise_kernelILi4EZZZNS0_49_GLOBAL__N__a62a4dcd_16_TensorCompare_cu_71e06f4e19launch_clamp_scalarERNS_18TensorIteratorBaseEN3c106ScalarES6_NS0_6detail11ClampLimitsEENKUlvE_clEvENKUlvE5_clEvEUlfE_St5arrayIPcLy2EELb0EEEviT0_T1_
32,1,fc2,_ZN8internal5gemvx6kernelIiiffffLb0ELb1ELb1ELb0ELi7ELb0E18cublasGemvParamsExIi30cublasGemvTensorStridedBatchedIKfES5_S3_IfEfEEENSt9enable_ifIXntT5_EvE4typeET11_
32,2,conv1,_Z23implicit_convolve_sgemmIffiLi1024ELi5ELi5ELi3ELi3ELi3ELi1ELb0ELb0ELb1EEviiiPKT_iPT0_S2_18kernel_conv_paramsyT1_ffiPKS3_S8_bbii
32,2,relu1,_ZN2at6native29vectorized_elementwise_kernelILi4EZZZNS0_49_GLOBAL__N__a62a4dcd_16_TensorCompare_cu_71e06f4e19launch_clamp_scalarERNS_18TensorIteratorBaseEN3c106ScalarES6_NS0_6detail11ClampLimitsEENKUlvE_clEvENKUlvE5_clEvEUlfE_St5arrayIPcLy2EELb0EEEviT0_T1_
32,2,maxpool,_ZN2at6native52_GLOBAL__N__71d79c19_19_DilatedMaxPool2d_cu_9872839c21max_pool_forward_nchwIfiEEvT0_PKT_xxxiiiiiiiiiiPS4_Px
32,2,conv2,_ZN5cudnn17winograd_nonfused26winogradForwardData9x9_5x5IffEEvNS0_18WinogradDataParamsIT_T0_EE
32,2,conv2,_ZN5cudnn17winograd_nonfused28winogradForwardFilter9x9_5x5IffEEvNS0_20WinogradFilterParamsIT_T0_EE
32,2,conv2,_ZN7cutlass7Kernel2I41cutlass_80_simt_sgemm_64x64_8x5_nn_align1EEvNT_6ParamsE
32,2,conv2,_ZN5cudnn17winograd_nonfused28winogradForwardOutput9x9_5x5IffEEvNS0_20WinogradOutputParamsIT_T0_EE
32,2,relu2,_ZN2at6native29vectorized_elementwise_kernelILi4EZZZNS0_49_GLOBAL__N__a62a4dcd_16_TensorCompare_cu_71e06f4e19launch_clamp_scalarERNS_18TensorIteratorBaseEN3c106ScalarES6_NS0_6detail11ClampLimitsEENKUlvE_clEvENKUlvE5_clEvEUlfE_St5arrayIPcLy2EELb0EEEviT0_T1_
32,2,conv3,_Z23implicit_convolve_sgemmIffiLi1024ELi5ELi5ELi3ELi3ELi3ELi1ELb0ELb0ELb1EEviiiPKT_iPT0_S2_18kernel_conv_paramsyT1_ffiPKS3_S8_bbii
32,2,relu3,_ZN2at6native29vectorized_elementwise_kernelILi4EZZZNS0_49_GLOBAL__N__a62a4dcd_16_TensorCompare_cu_71e06f4e19launch_clamp_scalarERNS_18TensorIteratorBaseEN3c106ScalarES6_NS0_6detail11ClampLimitsEENKUlvE_clEvENKUlvE5_clEvEUlfE_St5arrayIPcLy2EELb0EEEviT0_T1_
32,2,conv4,_Z23implicit_convolve_sgemmIffiLi1024ELi5ELi5ELi3ELi3ELi3ELi1ELb0ELb0ELb1EEviiiPKT_iPT0_S2_18kernel_conv_paramsyT1_ffiPKS3_S8_bbii
32,2,relu4,_ZN2at6native29vectorized_elementwise_kernelILi4EZZZNS0_49_GLOBAL__N__a62a4dcd_16_TensorCompare_cu_71e06f4e19launch_clamp_scalarERNS_18TensorIteratorBaseEN3c106ScalarES6_NS0_6detail11ClampLimitsEENKUlvE_clEvENKUlvE5_clEvEUlfE_St5arrayIPcLy2EELb0EEEviT0_T1_
32,2,conv5,_Z23implicit_convolve_sgemmIffiLi1024ELi5ELi5ELi3ELi3ELi3ELi1ELb0ELb0ELb1EEviiiPKT_iPT0_S2_18kernel_conv_paramsyT1_ffiPKS3_S8_bbii
32,2,relu5,_ZN2at6native29vectorized_elementwise_kernelILi4EZZZNS0_49_GLOBAL__N__a62a4dcd_16_TensorCompare_cu_71e06f4e19launch_clamp_scalarERNS_18TensorIteratorBaseEN3c106ScalarES6_NS0_6detail11ClampLimitsEENKUlvE_clEvENKUlvE5_clEvEUlfE_St5arrayIPcLy2EELb0EEEviT0_T1_
32,2,conv6,_Z23implicit_convolve_sgemmIffiLi1024ELi5ELi5ELi3ELi3ELi3ELi1ELb0ELb0ELb1EEviiiPKT_iPT0_S2_18kernel_conv_paramsyT1_ffiPKS3_S8_bbii
32,2,relu6,_ZN2at6native29vectorized_elementwise_kernelILi4EZZZNS0_49_GLOBAL__N__a62a4dcd_16_TensorCompare_cu_71e06f4e19launch_clamp_scalarERNS_18TensorIteratorBaseEN3c106ScalarES6_NS0_6detail11ClampLimitsEENKUlvE_clEvENKUlvE5_clEvEUlfE_St5arrayIPcLy2EELb0EEEviT0_T1_
32,2,global_avg_pool,_ZN2at6native13reduce_kernelILi512ELi1ENS0_8ReduceOpIfNS0_7MeanOpsIffffEEjfLi4ELi4EEEEEvT1_
32,2,fc1,_Z16gemmSN_TN_kernelIfLi128ELi16ELi2ELi4ELi2ELi2ELb1E30cublasGemvTensorStridedBatchedIKfES2_S0_IfEEv22cublasGemmSmallNParamsIT7_T8_T9_T_E
32,2,relu7,_ZN2at6native29vectorized_elementwise_kernelILi4EZZZNS0_49_GLOBAL__N__a62a4dcd_16_TensorCompare_cu_71e06f4e19launch_clamp_scalarERNS_18TensorIteratorBaseEN3c106ScalarES6_NS0_6detail11ClampLimitsEENKUlvE_clEvENKUlvE5_clEvEUlfE_St5arrayIPcLy2EELb0EEEviT0_T1_
32,2,fc2,_Z16gemmSN_TN_kernelIfLi128ELi16ELi2ELi4ELi2ELi2ELb1E30cublasGemvTensorStridedBatchedIKfES2_S0_IfEEv22cublasGemmSmallNParamsIT7_T8_T9_T_E
32,4,conv1,_Z23implicit_convolve_sgemmIffiLi1024ELi5ELi5ELi3ELi3ELi3ELi1ELb0ELb0ELb1EEviiiPKT_iPT0_S2_18kernel_conv_paramsyT1_ffiPKS3_S8_bbii
32,4,relu1,_ZN2at6native29vectorized_elementwise_kernelILi4EZZZNS0_49_GLOBAL__N__a62a4dcd_16_TensorCompare_cu_71e06f4e19launch_clamp_scalarERNS_18TensorIteratorBaseEN3c106ScalarES6_NS0_6detail11ClampLimitsEENKUlvE_clEvENKUlvE5_clEvEUlfE_St5arrayIPcLy2EELb0EEEviT0_T1_
32,4,maxpool,_ZN2at6native52_GLOBAL__N__71d79c19_19_DilatedMaxPool2d_cu_9872839c21max_pool_forward_nchwIfiEEvT0_PKT_xxxiiiiiiiiiiPS4_Px
32,4,conv2,_ZN5cudnn17winograd_nonfused26winogradForwardData9x9_5x5IffEEvNS0_18WinogradDataParamsIT_T0_EE
32,4,conv2,_ZN5cudnn17winograd_nonfused28winogradForwardFilter9x9_5x5IffEEvNS0_20WinogradFilterParamsIT_T0_EE
32,4,conv2,_ZN7cutlass7Kernel2I41cutlass_80_simt_sgemm_64x64_8x5_nn_align1EEvNT_6ParamsE
32,4,conv2,_ZN5cudnn17winograd_nonfused28winogradForwardOutput9x9_5x5IffEEvNS0_20WinogradOutputParamsIT_T0_EE
32,4,relu2,_ZN2at6native29vectorized_elementwise_kernelILi4EZZZNS0_49_GLOBAL__N__a62a4dcd_16_TensorCompare_cu_71e06f4e19launch_clamp_scalarERNS_18TensorIteratorBaseEN3c106ScalarES6_NS0_6detail11ClampLimitsEENKUlvE_clEvENKUlvE5_clEvEUlfE_St5arrayIPcLy2EELb0EEEviT0_T1_
32,4,conv3,_Z23implicit_convolve_sgemmIffiLi1024ELi5ELi5ELi3ELi3ELi3ELi1ELb0ELb0ELb1EEviiiPKT_iPT0_S2_18kernel_conv_paramsyT1_ffiPKS3_S8_bbii
32,4,relu3,_ZN2at6native29vectorized_elementwise_kernelILi4EZZZNS0_49_GLOBAL__N__a62a4dcd_16_TensorCompare_cu_71e06f4e19launch_clamp_scalarERNS_18TensorIteratorBaseEN3c106ScalarES6_NS0_6detail11ClampLimitsEENKUlvE_clEvENKUlvE5_clEvEUlfE_St5arrayIPcLy2EELb0EEEviT0_T1_
32,4,conv4,_Z23implicit_convolve_sgemmIffiLi1024ELi5ELi5ELi3ELi3ELi3ELi1ELb0ELb0ELb1EEviiiPKT_iPT0_S2_18kernel_conv_paramsyT1_ffiPKS3_S8_bbii
32,4,relu4,_ZN2at6native29vectorized_elementwise_kernelILi4EZZZNS0_49_GLOBAL__N__a62a4dcd_16_TensorCompare_cu_71e06f4e19launch_clamp_scalarERNS_18TensorIteratorBaseEN3c106ScalarES6_NS0_6detail11ClampLimitsEENKUlvE_clEvENKUlvE5_clEvEUlfE_St5arrayIPcLy2EELb0EEEviT0_T1_
32,4,conv5,_Z23implicit_convolve_sgemmIffiLi1024ELi5ELi5ELi3ELi3ELi3ELi1ELb0ELb0ELb1EEviiiPKT_iPT0_S2_18kernel_conv_paramsyT1_ffiPKS3_S8_bbii
32,4,relu5,_ZN2at6native29vectorized_elementwise_kernelILi4EZZZNS0_49_GLOBAL__N__a62a4dcd_16_TensorCompare_cu_71e06f4e19launch_clamp_scalarERNS_18TensorIteratorBaseEN3c106ScalarES6_NS0_6detail11ClampLimitsEENKUlvE_clEvENKUlvE5_clEvEUlfE_St5arrayIPcLy2EELb0EEEviT0_T1_
32,4,conv6,_Z23implicit_convolve_sgemmIffiLi1024ELi5ELi5ELi3ELi3ELi3ELi1ELb0ELb0ELb1EEviiiPKT_iPT0_S2_18kernel_conv_paramsyT1_ffiPKS3_S8_bbii
32,4,relu6,_ZN2at6native29vectorized_elementwise_kernelILi4EZZZNS0_49_GLOBAL__N__a62a4dcd_16_TensorCompare_cu_71e06f4e19launch_clamp_scalarERNS_18TensorIteratorBaseEN3c106ScalarES6_NS0_6detail11ClampLimitsEENKUlvE_clEvENKUlvE5_clEvEUlfE_St5arrayIPcLy2EELb0EEEviT0_T1_
32,4,global_avg_pool,_ZN2at6native13reduce_kernelILi512ELi1ENS0_8ReduceOpIfNS0_7MeanOpsIffffEEjfLi4ELi4EEEEEvT1_
32,4,fc1,_Z16gemmSN_TN_kernelIfLi128ELi16ELi2ELi4ELi4ELi4ELb1E30cublasGemvTensorStridedBatchedIKfES2_S0_IfEEv22cublasGemmSmallNParamsIT7_T8_T9_T_E
32,4,relu7,_ZN2at6native29vectorized_elementwise_kernelILi4EZZZNS0_49_GLOBAL__N__a62a4dcd_16_TensorCompare_cu_71e06f4e19launch_clamp_scalarERNS_18TensorIteratorBaseEN3c106ScalarES6_NS0_6detail11ClampLimitsEENKUlvE_clEvENKUlvE5_clEvEUlfE_St5arrayIPcLy2EELb0EEEviT0_T1_
32,4,fc2,_Z16gemmSN_TN_kernelIfLi128ELi16ELi2ELi4ELi4ELi4ELb1E30cublasGemvTensorStridedBatchedIKfES2_S0_IfEEv22cublasGemmSmallNParamsIT7_T8_T9_T_E
32,8,conv1,_Z23implicit_convolve_sgemmIffiLi1024ELi5ELi5ELi3ELi3ELi3ELi1ELb0ELb0ELb1EEviiiPKT_iPT0_S2_18kernel_conv_paramsyT1_ffiPKS3_S8_bbii
32,8,relu1,_ZN2at6native29vectorized_elementwise_kernelILi4EZZZNS0_49_GLOBAL__N__a62a4dcd_16_TensorCompare_cu_71e06f4e19launch_clamp_scalarERNS_18TensorIteratorBaseEN3c106ScalarES6_NS0_6detail11ClampLimitsEENKUlvE_clEvENKUlvE5_clEvEUlfE_St5arrayIPcLy2EELb0EEEviT0_T1_
32,8,maxpool,_ZN2at6native52_GLOBAL__N__71d79c19_19_DilatedMaxPool2d_cu_9872839c21max_pool_forward_nchwIfiEEvT0_PKT_xxxiiiiiiiiiiPS4_Px
32,8,conv2,_ZN5cudnn17winograd_nonfused26winogradForwardData9x9_5x5IffEEvNS0_18WinogradDataParamsIT_T0_EE
32,8,conv2,_ZN5cudnn17winograd_nonfused28winogradForwardFilter9x9_5x5IffEEvNS0_20WinogradFilterParamsIT_T0_EE
32,8,conv2,_ZN7cutlass7Kernel2I41cutlass_80_simt_sgemm_64x64_8x5_nn_align1EEvNT_6ParamsE
32,8,conv2,_ZN5cudnn17winograd_nonfused28winogradForwardOutput9x9_5x5IffEEvNS0_20WinogradOutputParamsIT_T0_EE
32,8,relu2,_ZN2at6native29vectorized_elementwise_kernelILi4EZZZNS0_49_GLOBAL__N__a62a4dcd_16_TensorCompare_cu_71e06f4e19launch_clamp_scalarERNS_18TensorIteratorBaseEN3c106ScalarES6_NS0_6detail11ClampLimitsEENKUlvE_clEvENKUlvE5_clEvEUlfE_St5arrayIPcLy2EELb0EEEviT0_T1_
32,8,conv3,_Z23implicit_convolve_sgemmIffiLi1024ELi5ELi5ELi3ELi3ELi3ELi1ELb0ELb0ELb1EEviiiPKT_iPT0_S2_18kernel_conv_paramsyT1_ffiPKS3_S8_bbii
32,8,relu3,_ZN2at6native29vectorized_elementwise_kernelILi4EZZZNS0_49_GLOBAL__N__a62a4dcd_16_TensorCompare_cu_71e06f4e19launch_clamp_scalarERNS_18TensorIteratorBaseEN3c106ScalarES6_NS0_6detail11ClampLimitsEENKUlvE_clEvENKUlvE5_clEvEUlfE_St5arrayIPcLy2EELb0EEEviT0_T1_
32,8,conv4,_Z23implicit_convolve_sgemmIffiLi1024ELi5ELi5ELi3ELi3ELi3ELi1ELb0ELb0ELb1EEviiiPKT_iPT0_S2_18kernel_conv_paramsyT1_ffiPKS3_S8_bbii
32,8,relu4,_ZN2at6native29vectorized_elementwise_kernelILi4EZZZNS0_49_GLOBAL__N__a62a4dcd_16_TensorCompare_cu_71e06f4e19launch_clamp_scalarERNS_18TensorIteratorBaseEN3c106ScalarES6_NS0_6detail11ClampLimitsEENKUlvE_clEvENKUlvE5_clEvEUlfE_St5arrayIPcLy2EELb0EEEviT0_T1_
32,8,conv5,_Z23implicit_convolve_sgemmIffiLi1024ELi5ELi5ELi3ELi3ELi3ELi1ELb0ELb0ELb1EEviiiPKT_iPT0_S2_18kernel_conv_paramsyT1_ffiPKS3_S8_bbii
32,8,relu5,_ZN2at6native29vectorized_elementwise_kernelILi4EZZZNS0_49_GLOBAL__N__a62a4dcd_16_TensorCompare_cu_71e06f4e19launch_clamp_scalarERNS_18TensorIteratorBaseEN3c106ScalarES6_NS0_6detail11ClampLimitsEENKUlvE_clEvENKUlvE5_clEvEUlfE_St5arrayIPcLy2EELb0EEEviT0_T1_
32,8,conv6,_Z23implicit_convolve_sgemmIffiLi1024ELi5ELi5ELi3ELi3ELi3ELi1ELb0ELb0ELb1EEviiiPKT_iPT0_S2_18kernel_conv_paramsyT1_ffiPKS3_S8_bbii
32,8,relu6,_ZN2at6native29vectorized_elementwise_kernelILi4EZZZNS0_49_GLOBAL__N__a62a4dcd_16_TensorCompare_cu_71e06f4e19launch_clamp_scalarERNS_18TensorIteratorBaseEN3c106ScalarES6_NS0_6detail11ClampLimitsEENKUlvE_clEvENKUlvE5_clEvEUlfE_St5arrayIPcLy2EELb0EEEviT0_T1_
32,8,global_avg_pool,_ZN2at6native13reduce_kernelILi512ELi1ENS0_8ReduceOpIfNS0_7MeanOpsIffffEEjfLi4ELi4EEEEEvT1_
32,8,fc1,_Z16gemmSN_TN_kernelIfLi128ELi16ELi2ELi4ELi8ELi9ELb0E30cublasGemvTensorStridedBatchedIKfES2_S0_IfEEv22cublasGemmSmallNParamsIT7_T8_T9_T_E
32,8,relu7,_ZN2at6native29vectorized_elementwise_kernelILi4EZZZNS0_49_GLOBAL__N__a62a4dcd_16_TensorCompare_cu_71e06f4e19launch_clamp_scalarERNS_18TensorIteratorBaseEN3c106ScalarES6_NS0_6detail11ClampLimitsEENKUlvE_clEvENKUlvE5_clEvEUlfE_St5arrayIPcLy2EELb0EEEviT0_T1_
32,8,fc2,_Z16gemmSN_TN_kernelIfLi128ELi16ELi2ELi4ELi8ELi9ELb0E30cublasGemvTensorStridedBatchedIKfES2_S0_IfEEv22cublasGemmSmallNParamsIT7_T8_T9_T_E
32,16,conv1,_Z23implicit_convolve_sgemmIffiLi1024ELi5ELi5ELi3ELi3ELi3ELi1ELb0ELb0ELb1EEviiiPKT_iPT0_S2_18kernel_conv_paramsyT1_ffiPKS3_S8_bbii
32,16,relu1,_ZN2at6native29vectorized_elementwise_kernelILi4EZZZNS0_49_GLOBAL__N__a62a4dcd_16_TensorCompare_cu_71e06f4e19launch_clamp_scalarERNS_18TensorIteratorBaseEN3c106ScalarES6_NS0_6detail11ClampLimitsEENKUlvE_clEvENKUlvE5_clEvEUlfE_St5arrayIPcLy2EELb0EEEviT0_T1_
32,16,maxpool,_ZN2at6native52_GLOBAL__N__71d79c19_19_DilatedMaxPool2d_cu_9872839c21max_pool_forward_nchwIfiEEvT0_PKT_xxxiiiiiiiiiiPS4_Px
32,16,conv2,_ZN5cudnn17winograd_nonfused26winogradForwardData9x9_5x5IffEEvNS0_18WinogradDataParamsIT_T0_EE
32,16,conv2,_ZN5cudnn17winograd_nonfused28winogradForwardFilter9x9_5x5IffEEvNS0_20WinogradFilterParamsIT_T0_EE
32,16,conv2,_ZN7cutlass7Kernel2I41cutlass_80_simt_sgemm_64x64_8x5_nn_align1EEvNT_6ParamsE
32,16,conv2,_ZN5cudnn17winograd_nonfused28winogradForwardOutput9x9_5x5IffEEvNS0_20WinogradOutputParamsIT_T0_EE
32,16,relu2,_ZN2at6native29vectorized_elementwise_kernelILi4EZZZNS0_49_GLOBAL__N__a62a4dcd_16_TensorCompare_cu_71e06f4e19launch_clamp_scalarERNS_18TensorIteratorBaseEN3c106ScalarES6_NS0_6detail11ClampLimitsEENKUlvE_clEvENKUlvE5_clEvEUlfE_St5arrayIPcLy2EELb0EEEviT0_T1_
32,16,conv3,_Z23implicit_convolve_sgemmIffiLi1024ELi5ELi5ELi3ELi3ELi3ELi1ELb0ELb0ELb1EEviiiPKT_iPT0_S2_18kernel_conv_paramsyT1_ffiPKS3_S8_bbii
32,16,relu3,_ZN2at6native29vectorized_elementwise_kernelILi4EZZZNS0_49_GLOBAL__N__a62a4dcd_16_TensorCompare_cu_71e06f4e19launch_clamp_scalarERNS_18TensorIteratorBaseEN3c106ScalarES6_NS0_6detail11ClampLimitsEENKUlvE_clEvENKUlvE5_clEvEUlfE_St5arrayIPcLy2EELb0EEEviT0_T1_
32,16,conv4,_Z23implicit_convolve_sgemmIffiLi1024ELi5ELi5ELi3ELi3ELi3ELi1ELb0ELb0ELb1EEviiiPKT_iPT0_S2_18kernel_conv_paramsyT1_ffiPKS3_S8_bbii
32,16,relu4,_ZN2at6native29vectorized_elementwise_kernelILi4EZZZNS0_49_GLOBAL__N__a62a4dcd_16_TensorCompare_cu_71e06f4e19launch_clamp_scalarERNS_18TensorIteratorBaseEN3c106ScalarES6_NS0_6detail11ClampLimitsEENKUlvE_clEvENKUlvE5_clEvEUlfE_St5arrayIPcLy2EELb0EEEviT0_T1_
32,16,conv5,_Z23implicit_convolve_sgemmIffiLi1024ELi5ELi5ELi3ELi3ELi3ELi1ELb0ELb0ELb1EEviiiPKT_iPT0_S2_18kernel_conv_paramsyT1_ffiPKS3_S8_bbii
32,16,relu5,_ZN2at6native29vectorized_elementwise_kernelILi4EZZZNS0_49_GLOBAL__N__a62a4dcd_16_TensorCompare_cu_71e06f4e19launch_clamp_scalarERNS_18TensorIteratorBaseEN3c106ScalarES6_NS0_6detail11ClampLimitsEENKUlvE_clEvENKUlvE5_clEvEUlfE_St5arrayIPcLy2EELb0EEEviT0_T1_
32,16,conv6,_Z23implicit_convolve_sgemmIffiLi1024ELi5ELi5ELi3ELi3ELi3ELi1ELb0ELb0ELb1EEviiiPKT_iPT0_S2_18kernel_conv_paramsyT1_ffiPKS3_S8_bbii
32,16,relu6,_ZN2at6native29vectorized_elementwise_kernelILi4EZZZNS0_49_GLOBAL__N__a62a4dcd_16_TensorCompare_cu_71e06f4e19launch_clamp_scalarERNS_18TensorIteratorBaseEN3c106ScalarES6_NS0_6detail11ClampLimitsEENKUlvE_clEvENKUlvE5_clEvEUlfE_St5arrayIPcLy2EELb0EEEviT0_T1_
32,16,global_avg_pool,_ZN2at6native13reduce_kernelILi512ELi1ENS0_8ReduceOpIfNS0_7MeanOpsIffffEEjfLi4ELi4EEEEEvT1_
32,16,fc1,_Z16gemmSN_TN_kernelIfLi128ELi16ELi2ELi4ELi8ELi9ELb0E30cublasGemvTensorStridedBatchedIKfES2_S0_IfEEv22cublasGemmSmallNParamsIT7_T8_T9_T_E
32,16,relu7,_ZN2at6native29vectorized_elementwise_kernelILi4EZZZNS0_49_GLOBAL__N__a62a4dcd_16_TensorCompare_cu_71e06f4e19launch_clamp_scalarERNS_18TensorIteratorBaseEN3c106ScalarES6_NS0_6detail11ClampLimitsEENKUlvE_clEvENKUlvE5_clEvEUlfE_St5arrayIPcLy2EELb0EEEviT0_T1_
32,16,fc2,_Z16gemmSN_TN_kernelIfLi128ELi16ELi2ELi4ELi8ELi9ELb0E30cublasGemvTensorStridedBatchedIKfES2_S0_IfEEv22cublasGemmSmallNParamsIT7_T8_T9_T_E
32,32,conv1,_Z23implicit_convolve_sgemmIffiLi1024ELi5ELi5ELi3ELi3ELi3ELi1ELb0ELb0ELb1EEviiiPKT_iPT0_S2_18kernel_conv_paramsyT1_ffiPKS3_S8_bbii
32,32,relu1,_ZN2at6native29vectorized_elementwise_kernelILi4EZZZNS0_49_GLOBAL__N__a62a4dcd_16_TensorCompare_cu_71e06f4e19launch_clamp_scalarERNS_18TensorIteratorBaseEN3c106ScalarES6_NS0_6detail11ClampLimitsEENKUlvE_clEvENKUlvE5_clEvEUlfE_St5arrayIPcLy2EELb0EEEviT0_T1_
32,32,maxpool,_ZN2at6native52_GLOBAL__N__71d79c19_19_DilatedMaxPool2d_cu_9872839c21max_pool_forward_nchwIfiEEvT0_PKT_xxxiiiiiiiiiiPS4_Px
32,32,conv2,_ZN5cudnn17winograd_nonfused26winogradForwardData9x9_5x5IffEEvNS0_18WinogradDataParamsIT_T0_EE
32,32,conv2,_ZN5cudnn17winograd_nonfused28winogradForwardFilter9x9_5x5IffEEvNS0_20WinogradFilterParamsIT_T0_EE
32,32,conv2,_Z20magma_sgemmEx_kernelIfffLb0ELb0ELi6ELi3ELi5ELi3ELi3EEviii13BatchedTensoriS0_iS0_iS0_iiiPKT_S3_S1_S1_i18cublasLtEpilogue_tiPKvx
32,32,conv2,_ZN5cudnn17winograd_nonfused28winogradForwardOutput9x9_5x5IffEEvNS0_20WinogradOutputParamsIT_T0_EE
32,32,relu2,_ZN2at6native29vectorized_elementwise_kernelILi4EZZZNS0_49_GLOBAL__N__a62a4dcd_16_TensorCompare_cu_71e06f4e19launch_clamp_scalarERNS_18TensorIteratorBaseEN3c106ScalarES6_NS0_6detail11ClampLimitsEENKUlvE_clEvENKUlvE5_clEvEUlfE_St5arrayIPcLy2EELb0EEEviT0_T1_
32,32,conv3,_Z23implicit_convolve_sgemmIffiLi1024ELi5ELi5ELi3ELi3ELi3ELi1ELb0ELb0ELb1EEviiiPKT_iPT0_S2_18kernel_conv_paramsyT1_ffiPKS3_S8_bbii
32,32,relu3,_ZN2at6native29vectorized_elementwise_kernelILi4EZZZNS0_49_GLOBAL__N__a62a4dcd_16_TensorCompare_cu_71e06f4e19launch_clamp_scalarERNS_18TensorIteratorBaseEN3c106ScalarES6_NS0_6detail11ClampLimitsEENKUlvE_clEvENKUlvE5_clEvEUlfE_St5arrayIPcLy2EELb0EEEviT0_T1_
32,32,conv4,_Z23implicit_convolve_sgemmIffiLi1024ELi5ELi5ELi3ELi3ELi3ELi1ELb0ELb0ELb1EEviiiPKT_iPT0_S2_18kernel_conv_paramsyT1_ffiPKS3_S8_bbii
32,32,relu4,_ZN2at6native29vectorized_elementwise_kernelILi4EZZZNS0_49_GLOBAL__N__a62a4dcd_16_TensorCompare_cu_71e06f4e19launch_clamp_scalarERNS_18TensorIteratorBaseEN3c106ScalarES6_NS0_6detail11ClampLimitsEENKUlvE_clEvENKUlvE5_clEvEUlfE_St5arrayIPcLy2EELb0EEEviT0_T1_
32,32,conv5,_Z23implicit_convolve_sgemmIffiLi1024ELi5ELi5ELi3ELi3ELi3ELi1ELb0ELb0ELb1EEviiiPKT_iPT0_S2_18kernel_conv_paramsyT1_ffiPKS3_S8_bbii
32,32,relu5,_ZN2at6native29vectorized_elementwise_kernelILi4EZZZNS0_49_GLOBAL__N__a62a4dcd_16_TensorCompare_cu_71e06f4e19launch_clamp_scalarERNS_18TensorIteratorBaseEN3c106ScalarES6_NS0_6detail11ClampLimitsEENKUlvE_clEvENKUlvE5_clEvEUlfE_St5arrayIPcLy2EELb0EEEviT0_T1_
32,32,conv6,_ZN5cudnn3cnn23kern_precompute_indicesILb0EEEvPiiiiii
32,32,conv6,_Z26precomputed_convolve_sgemmIfiLi512ELi6ELi7ELi4ELi3ELi5ELi1ELb0EEviiiPKT_iPS0_S2_18kernel_conv_paramsyT0_ffibbS2_S2_Pi
32,32,relu6,_ZN2at6native29vectorized_elementwise_kernelILi4EZZZNS0_49_GLOBAL__N__a62a4dcd_16_TensorCompare_cu_71e06f4e19launch_clamp_scalarERNS_18TensorIteratorBaseEN3c106ScalarES6_NS0_6detail11ClampLimitsEENKUlvE_clEvENKUlvE5_clEvEUlfE_St5arrayIPcLy2EELb0EEEviT0_T1_
32,32,global_avg_pool,_ZN2at6native13reduce_kernelILi512ELi1ENS0_8ReduceOpIfNS0_7MeanOpsIffffEEjfLi4ELi4EEEEEvT1_
32,32,fc1,_ZN7cutlass7Kernel2I41cutlass_80_simt_sgemm_64x64_8x5_tn_align1EEvNT_6ParamsE
32,32,fc1,_ZN8cublasLt19splitKreduce_kernelILi32ELi16EiffffLb0EfffLb1ELb1ELb0ELb0EEEvNS_18cublasSplitKParamsIT4_EEPKT2_PKT8_PT7_PT3_PKS2_SF_PKT9_S6_PSG_PvxPS2_PiSL_SL_SF_SF_SF_SF_SF_
32,32,relu7,_ZN2at6native29vectorized_elementwise_kernelILi4EZZZNS0_49_GLOBAL__N__a62a4dcd_16_TensorCompare_cu_71e06f4e19launch_clamp_scalarERNS_18TensorIteratorBaseEN3c106ScalarES6_NS0_6detail11ClampLimitsEENKUlvE_clEvENKUlvE5_clEvEUlfE_St5arrayIPcLy2EELb0EEEviT0_T1_
32,32,fc2,_ZN7cutlass7Kernel2I41cutlass_80_simt_sgemm_64x64_8x5_tn_align1EEvNT_6ParamsE
32,32,fc2,_ZN8cublasLt19splitKreduce_kernelILi32ELi16EiffffLb0EfffLb1ELb1ELb0ELb0EEEvNS_18cublasSplitKParamsIT4_EEPKT2_PKT8_PT7_PT3_PKS2_SF_PKT9_S6_PSG_PvxPS2_PiSL_SL_SF_SF_SF_SF_SF_
32,64,conv1,_Z23implicit_convolve_sgemmIffiLi1024ELi5ELi5ELi3ELi3ELi3ELi1ELb0ELb0ELb1EEviiiPKT_iPT0_S2_18kernel_conv_paramsyT1_ffiPKS3_S8_bbii
32,64,relu1,_ZN2at6native29vectorized_elementwise_kernelILi4EZZZNS0_49_GLOBAL__N__a62a4dcd_16_TensorCompare_cu_71e06f4e19launch_clamp_scalarERNS_18TensorIteratorBaseEN3c106ScalarES6_NS0_6detail11ClampLimitsEENKUlvE_clEvENKUlvE5_clEvEUlfE_St5arrayIPcLy2EELb0EEEviT0_T1_
32,64,maxpool,_ZN2at6native52_GLOBAL__N__71d79c19_19_DilatedMaxPool2d_cu_9872839c21max_pool_forward_nchwIfiEEvT0_PKT_xxxiiiiiiiiiiPS4_Px
32,64,conv2,_ZN5cudnn17winograd_nonfused26winogradForwardData9x9_5x5IffEEvNS0_18WinogradDataParamsIT_T0_EE
32,64,conv2,_ZN5cudnn17winograd_nonfused28winogradForwardFilter9x9_5x5IffEEvNS0_20WinogradFilterParamsIT_T0_EE
32,64,conv2,_Z20magma_sgemmEx_kernelIfffLb0ELb0ELi6ELi3ELi5ELi3ELi3EEviii13BatchedTensoriS0_iS0_iS0_iiiPKT_S3_S1_S1_i18cublasLtEpilogue_tiPKvx
32,64,conv2,_ZN5cudnn17winograd_nonfused28winogradForwardOutput9x9_5x5IffEEvNS0_20WinogradOutputParamsIT_T0_EE
32,64,relu2,_ZN2at6native29vectorized_elementwise_kernelILi4EZZZNS0_49_GLOBAL__N__a62a4dcd_16_TensorCompare_cu_71e06f4e19launch_clamp_scalarERNS_18TensorIteratorBaseEN3c106ScalarES6_NS0_6detail11ClampLimitsEENKUlvE_clEvENKUlvE5_clEvEUlfE_St5arrayIPcLy2EELb0EEEviT0_T1_
32,64,conv3,_Z23implicit_convolve_sgemmIffiLi1024ELi5ELi5ELi3ELi3ELi3ELi1ELb0ELb0ELb1EEviiiPKT_iPT0_S2_18kernel_conv_paramsyT1_ffiPKS3_S8_bbii
32,64,relu3,_ZN2at6native29vectorized_elementwise_kernelILi4EZZZNS0_49_GLOBAL__N__a62a4dcd_16_TensorCompare_cu_71e06f4e19launch_clamp_scalarERNS_18TensorIteratorBaseEN3c106ScalarES6_NS0_6detail11ClampLimitsEENKUlvE_clEvENKUlvE5_clEvEUlfE_St5arrayIPcLy2EELb0EEEviT0_T1_
32,64,conv4,_ZN5cudnn3cnn23kern_precompute_indicesILb0EEEvPiiiiii
32,64,conv4,_Z26precomputed_convolve_sgemmIfiLi512ELi6ELi7ELi4ELi3ELi5ELi1ELb0EEviiiPKT_iPS0_S2_18kernel_conv_paramsyT0_ffibbS2_S2_Pi
32,64,relu4,_ZN2at6native29vectorized_elementwise_kernelILi4EZZZNS0_49_GLOBAL__N__a62a4dcd_16_TensorCompare_cu_71e06f4e19launch_clamp_scalarERNS_18TensorIteratorBaseEN3c106ScalarES6_NS0_6detail11ClampLimitsEENKUlvE_clEvENKUlvE5_clEvEUlfE_St5arrayIPcLy2EELb0EEEviT0_T1_
32,64,conv5,_Z23implicit_convolve_sgemmIffiLi1024ELi5ELi5ELi3ELi3ELi3ELi1ELb0ELb0ELb1EEviiiPKT_iPT0_S2_18kernel_conv_paramsyT1_ffiPKS3_S8_bbii
32,64,relu5,_ZN2at6native29vectorized_elementwise_kernelILi4EZZZNS0_49_GLOBAL__N__a62a4dcd_16_TensorCompare_cu_71e06f4e19launch_clamp_scalarERNS_18TensorIteratorBaseEN3c106ScalarES6_NS0_6detail11ClampLimitsEENKUlvE_clEvENKUlvE5_clEvEUlfE_St5arrayIPcLy2EELb0EEEviT0_T1_
32,64,conv6,_Z23implicit_convolve_sgemmIffiLi1024ELi5ELi5ELi3ELi3ELi3ELi1ELb0ELb0ELb1EEviiiPKT_iPT0_S2_18kernel_conv_paramsyT1_ffiPKS3_S8_bbii
32,64,relu6,_ZN2at6native29vectorized_elementwise_kernelILi4EZZZNS0_49_GLOBAL__N__a62a4dcd_16_TensorCompare_cu_71e06f4e19launch_clamp_scalarERNS_18TensorIteratorBaseEN3c106ScalarES6_NS0_6detail11ClampLimitsEENKUlvE_clEvENKUlvE5_clEvEUlfE_St5arrayIPcLy2EELb0EEEviT0_T1_
32,64,global_avg_pool,_ZN2at6native13reduce_kernelILi512ELi1ENS0_8ReduceOpIfNS0_7MeanOpsIffffEEjfLi4ELi4EEEEEvT1_
32,64,fc1,_ZN7cutlass7Kernel2I41cutlass_80_simt_sgemm_64x64_8x5_tn_align1EEvNT_6ParamsE
32,64,fc1,_ZN8cublasLt19splitKreduce_kernelILi32ELi16EiffffLb0EfffLb1ELb1ELb0ELb0EEEvNS_18cublasSplitKParamsIT4_EEPKT2_PKT8_PT7_PT3_PKS2_SF_PKT9_S6_PSG_PvxPS2_PiSL_SL_SF_SF_SF_SF_SF_
32,64,relu7,_ZN2at6native29vectorized_elementwise_kernelILi4EZZZNS0_49_GLOBAL__N__a62a4dcd_16_TensorCompare_cu_71e06f4e19launch_clamp_scalarERNS_18TensorIteratorBaseEN3c106ScalarES6_NS0_6detail11ClampLimitsEENKUlvE_clEvENKUlvE5_clEvEUlfE_St5arrayIPcLy2EELb0EEEviT0_T1_
32,64,fc2,_ZN7cutlass7Kernel2I41cutlass_80_simt_sgemm_64x64_8x5_tn_align1EEvNT_6ParamsE
32,64,fc2,_ZN8cublasLt19splitKreduce_kernelILi32ELi16EiffffLb0EfffLb1ELb1ELb0ELb0EEEvNS_18cublasSplitKParamsIT4_EEPKT2_PKT8_PT7_PT3_PKS2_SF_PKT9_S6_PSG_PvxPS2_PiSL_SL_SF_SF_SF_SF_SF_
32,95,conv1,_Z23implicit_convolve_sgemmIffiLi1024ELi5ELi5ELi3ELi3ELi3ELi1ELb0ELb0ELb1EEviiiPKT_iPT0_S2_18kernel_conv_paramsyT1_ffiPKS3_S8_bbii
32,95,relu1,_ZN2at6native29vectorized_elementwise_kernelILi4EZZZNS0_49_GLOBAL__N__a62a4dcd_16_TensorCompare_cu_71e06f4e19launch_clamp_scalarERNS_18TensorIteratorBaseEN3c106ScalarES6_NS0_6detail11ClampLimitsEENKUlvE_clEvENKUlvE5_clEvEUlfE_St5arrayIPcLy2EELb0EEEviT0_T1_
32,95,maxpool,_ZN2at6native52_GLOBAL__N__71d79c19_19_DilatedMaxPool2d_cu_9872839c21max_pool_forward_nchwIfiEEvT0_PKT_xxxiiiiiiiiiiPS4_Px
32,95,conv2,_ZN5cudnn17winograd_nonfused26winogradForwardData9x9_5x5IffEEvNS0_18WinogradDataParamsIT_T0_EE
32,95,conv2,_ZN5cudnn17winograd_nonfused28winogradForwardFilter9x9_5x5IffEEvNS0_20WinogradFilterParamsIT_T0_EE
32,95,conv2,_Z20magma_sgemmEx_kernelIfffLb0ELb0ELi6ELi3ELi5ELi3ELi3EEviii13BatchedTensoriS0_iS0_iS0_iiiPKT_S3_S1_S1_i18cublasLtEpilogue_tiPKvx
32,95,conv2,_ZN5cudnn17winograd_nonfused28winogradForwardOutput9x9_5x5IffEEvNS0_20WinogradOutputParamsIT_T0_EE
32,95,relu2,_ZN2at6native29vectorized_elementwise_kernelILi4EZZZNS0_49_GLOBAL__N__a62a4dcd_16_TensorCompare_cu_71e06f4e19launch_clamp_scalarERNS_18TensorIteratorBaseEN3c106ScalarES6_NS0_6detail11ClampLimitsEENKUlvE_clEvENKUlvE5_clEvEUlfE_St5arrayIPcLy2EELb0EEEviT0_T1_
32,95,conv3,_Z23implicit_convolve_sgemmIffiLi128ELi5ELi5ELi3ELi3ELi3ELi1ELb0ELb0ELb1EEviiiPKT_iPT0_S2_18kernel_conv_paramsyT1_ffiPKS3_S8_bbii
32,95,relu3,_ZN2at6native29vectorized_elementwise_kernelILi4EZZZNS0_49_GLOBAL__N__a62a4dcd_16_TensorCompare_cu_71e06f4e19launch_clamp_scalarERNS_18TensorIteratorBaseEN3c106ScalarES6_NS0_6detail11ClampLimitsEENKUlvE_clEvENKUlvE5_clEvEUlfE_St5arrayIPcLy2EELb0EEEviT0_T1_
32,95,conv4,_Z23implicit_convolve_sgemmIffiLi1024ELi5ELi5ELi3ELi3ELi3ELi1ELb0ELb0ELb1EEviiiPKT_iPT0_S2_18kernel_conv_paramsyT1_ffiPKS3_S8_bbii
32,95,relu4,_ZN2at6native29vectorized_elementwise_kernelILi4EZZZNS0_49_GLOBAL__N__a62a4dcd_16_TensorCompare_cu_71e06f4e19launch_clamp_scalarERNS_18TensorIteratorBaseEN3c106ScalarES6_NS0_6detail11ClampLimitsEENKUlvE_clEvENKUlvE5_clEvEUlfE_St5arrayIPcLy2EELb0EEEviT0_T1_
32,95,conv5,_Z23implicit_convolve_sgemmIffiLi1024ELi5ELi5ELi3ELi3ELi3ELi1ELb0ELb0ELb1EEviiiPKT_iPT0_S2_18kernel_conv_paramsyT1_ffiPKS3_S8_bbii
32,95,relu5,_ZN2at6native29vectorized_elementwise_kernelILi4EZZZNS0_49_GLOBAL__N__a62a4dcd_16_TensorCompare_cu_71e06f4e19launch_clamp_scalarERNS_18TensorIteratorBaseEN3c106ScalarES6_NS0_6detail11ClampLimitsEENKUlvE_clEvENKUlvE5_clEvEUlfE_St5arrayIPcLy2EELb0EEEviT0_T1_
32,95,conv6,_Z23implicit_convolve_sgemmIffiLi1024ELi5ELi5ELi3ELi3ELi3ELi1ELb0ELb0ELb1EEviiiPKT_iPT0_S2_18kernel_conv_paramsyT1_ffiPKS3_S8_bbii
32,95,relu6,_ZN2at6native29vectorized_elementwise_kernelILi4EZZZNS0_49_GLOBAL__N__a62a4dcd_16_TensorCompare_cu_71e06f4e19launch_clamp_scalarERNS_18TensorIteratorBaseEN3c106ScalarES6_NS0_6detail11ClampLimitsEENKUlvE_clEvENKUlvE5_clEvEUlfE_St5arrayIPcLy2EELb0EEEviT0_T1_
32,95,global_avg_pool,_ZN2at6native13reduce_kernelILi512ELi1ENS0_8ReduceOpIfNS0_7MeanOpsIffffEEjfLi4ELi4EEEEEvT1_
32,95,fc1,_ZN7cutlass7Kernel2I41cutlass_80_simt_sgemm_64x64_8x5_tn_align1EEvNT_6ParamsE
32,95,fc1,_ZN8cublasLt19splitKreduce_kernelILi32ELi16EiffffLb0EfffLb1ELb1ELb0ELb0EEEvNS_18cublasSplitKParamsIT4_EEPKT2_PKT8_PT7_PT3_PKS2_SF_PKT9_S6_PSG_PvxPS2_PiSL_SL_SF_SF_SF_SF_SF_
32,95,relu7,_ZN2at6native29vectorized_elementwise_kernelILi4EZZZNS0_49_GLOBAL__N__a62a4dcd_16_TensorCompare_cu_71e06f4e19launch_clamp_scalarERNS_18TensorIteratorBaseEN3c106ScalarES6_NS0_6detail11ClampLimitsEENKUlvE_clEvENKUlvE5_clEvEUlfE_St5arrayIPcLy2EELb0EEEviT0_T1_
32,95,fc2,_ZN7cutlass7Kernel2I41cutlass_80_simt_sgemm_64x64_8x5_tn_align1EEvNT_6ParamsE
32,95,fc2,_ZN8cublasLt19splitKreduce_kernelILi32ELi16EiffffLb0EfffLb1ELb1ELb0ELb0EEEvNS_18cublasSplitKParamsIT4_EEPKT2_PKT8_PT7_PT3_PKS2_SF_PKT9_S6_PSG_PvxPS2_PiSL_SL_SF_SF_SF_SF_SF_
32,98,conv1,_Z23implicit_convolve_sgemmIffiLi1024ELi5ELi5ELi3ELi3ELi3ELi1ELb0ELb0ELb1EEviiiPKT_iPT0_S2_18kernel_conv_paramsyT1_ffiPKS3_S8_bbii
32,98,relu1,_ZN2at6native29vectorized_elementwise_kernelILi4EZZZNS0_49_GLOBAL__N__a62a4dcd_16_TensorCompare_cu_71e06f4e19launch_clamp_scalarERNS_18TensorIteratorBaseEN3c106ScalarES6_NS0_6detail11ClampLimitsEENKUlvE_clEvENKUlvE5_clEvEUlfE_St5arrayIPcLy2EELb0EEEviT0_T1_
32,98,maxpool,_ZN2at6native52_GLOBAL__N__71d79c19_19_DilatedMaxPool2d_cu_9872839c21max_pool_forward_nchwIfiEEvT0_PKT_xxxiiiiiiiiiiPS4_Px
32,98,conv2,_ZN5cudnn17winograd_nonfused26winogradForwardData9x9_5x5IffEEvNS0_18WinogradDataParamsIT_T0_EE
32,98,conv2,_ZN5cudnn17winograd_nonfused28winogradForwardFilter9x9_5x5IffEEvNS0_20WinogradFilterParamsIT_T0_EE
32,98,conv2,_Z20magma_sgemmEx_kernelIfffLb0ELb0ELi6ELi3ELi5ELi3ELi3EEviii13BatchedTensoriS0_iS0_iS0_iiiPKT_S3_S1_S1_i18cublasLtEpilogue_tiPKvx
32,98,conv2,_ZN5cudnn17winograd_nonfused28winogradForwardOutput9x9_5x5IffEEvNS0_20WinogradOutputParamsIT_T0_EE
32,98,relu2,_ZN2at6native29vectorized_elementwise_kernelILi4EZZZNS0_49_GLOBAL__N__a62a4dcd_16_TensorCompare_cu_71e06f4e19launch_clamp_scalarERNS_18TensorIteratorBaseEN3c106ScalarES6_NS0_6detail11ClampLimitsEENKUlvE_clEvENKUlvE5_clEvEUlfE_St5arrayIPcLy2EELb0EEEviT0_T1_
32,98,conv3,_Z23implicit_convolve_sgemmIffiLi128ELi5ELi5ELi3ELi3ELi3ELi1ELb0ELb0ELb1EEviiiPKT_iPT0_S2_18kernel_conv_paramsyT1_ffiPKS3_S8_bbii
32,98,relu3,_ZN2at6native29vectorized_elementwise_kernelILi4EZZZNS0_49_GLOBAL__N__a62a4dcd_16_TensorCompare_cu_71e06f4e19launch_clamp_scalarERNS_18TensorIteratorBaseEN3c106ScalarES6_NS0_6detail11ClampLimitsEENKUlvE_clEvENKUlvE5_clEvEUlfE_St5arrayIPcLy2EELb0EEEviT0_T1_
32,98,conv4,_Z23implicit_convolve_sgemmIffiLi1024ELi5ELi5ELi3ELi3ELi3ELi1ELb0ELb0ELb1EEviiiPKT_iPT0_S2_18kernel_conv_paramsyT1_ffiPKS3_S8_bbii
32,98,relu4,_ZN2at6native29vectorized_elementwise_kernelILi4EZZZNS0_49_GLOBAL__N__a62a4dcd_16_TensorCompare_cu_71e06f4e19launch_clamp_scalarERNS_18TensorIteratorBaseEN3c106ScalarES6_NS0_6detail11ClampLimitsEENKUlvE_clEvENKUlvE5_clEvEUlfE_St5arrayIPcLy2EELb0EEEviT0_T1_
32,98,conv5,_Z23implicit_convolve_sgemmIffiLi1024ELi5ELi5ELi3ELi3ELi3ELi1ELb0ELb0ELb1EEviiiPKT_iPT0_S2_18kernel_conv_paramsyT1_ffiPKS3_S8_bbii
32,98,relu5,_ZN2at6native29vectorized_elementwise_kernelILi4EZZZNS0_49_GLOBAL__N__a62a4dcd_16_TensorCompare_cu_71e06f4e19launch_clamp_scalarERNS_18TensorIteratorBaseEN3c106ScalarES6_NS0_6detail11ClampLimitsEENKUlvE_clEvENKUlvE5_clEvEUlfE_St5arrayIPcLy2EELb0EEEviT0_T1_
32,98,conv6,_Z23implicit_convolve_sgemmIffiLi512ELi6ELi8ELi3ELi3ELi5ELi1ELb0ELb0ELb1EEviiiPKT_iPT0_S2_18kernel_conv_paramsyT1_ffiPKS3_S8_bbii
32,98,relu6,_ZN2at6native29vectorized_elementwise_kernelILi4EZZZNS0_49_GLOBAL__N__a62a4dcd_16_TensorCompare_cu_71e06f4e19launch_clamp_scalarERNS_18TensorIteratorBaseEN3c106ScalarES6_NS0_6detail11ClampLimitsEENKUlvE_clEvENKUlvE5_clEvEUlfE_St5arrayIPcLy2EELb0EEEviT0_T1_
32,98,global_avg_pool,_ZN2at6native13reduce_kernelILi512ELi1ENS0_8ReduceOpIfNS0_7MeanOpsIffffEEjfLi4ELi4EEEEEvT1_
32,98,fc1,_ZN7cutlass7Kernel2I41cutlass_80_simt_sgemm_64x64_8x5_tn_align1EEvNT_6ParamsE
32,98,fc1,_ZN8cublasLt19splitKreduce_kernelILi32ELi16EiffffLb0EfffLb1ELb1ELb0ELb0EEEvNS_18cublasSplitKParamsIT4_EEPKT2_PKT8_PT7_PT3_PKS2_SF_PKT9_S6_PSG_PvxPS2_PiSL_SL_SF_SF_SF_SF_SF_
32,98,relu7,_ZN2at6native29vectorized_elementwise_kernelILi4EZZZNS0_49_GLOBAL__N__a62a4dcd_16_TensorCompare_cu_71e06f4e19launch_clamp_scalarERNS_18TensorIteratorBaseEN3c106ScalarES6_NS0_6detail11ClampLimitsEENKUlvE_clEvENKUlvE5_clEvEUlfE_St5arrayIPcLy2EELb0EEEviT0_T1_
32,98,fc2,_ZN7cutlass7Kernel2I41cutlass_80_simt_sgemm_64x64_8x5_tn_align1EEvNT_6ParamsE
32,98,fc2,_ZN8cublasLt19splitKreduce_kernelILi32ELi16EiffffLb0EfffLb1ELb1ELb0ELb0EEEvNS_18cublasSplitKParamsIT4_EEPKT2_PKT8_PT7_PT3_PKS2_SF_PKT9_S6_PSG_PvxPS2_PiSL_SL_SF_SF_SF_SF_SF_
32,128,conv1,_Z23implicit_convolve_sgemmIffiLi1024ELi5ELi5ELi3ELi3ELi3ELi1ELb0ELb0ELb1EEviiiPKT_iPT0_S2_18kernel_conv_paramsyT1_ffiPKS3_S8_bbii
32,128,relu1,_ZN2at6native29vectorized_elementwise_kernelILi4EZZZNS0_49_GLOBAL__N__a62a4dcd_16_TensorCompare_cu_71e06f4e19launch_clamp_scalarERNS_18TensorIteratorBaseEN3c106ScalarES6_NS0_6detail11ClampLimitsEENKUlvE_clEvENKUlvE5_clEvEUlfE_St5arrayIPcLy2EELb0EEEviT0_T1_
32,128,maxpool,_ZN2at6native52_GLOBAL__N__71d79c19_19_DilatedMaxPool2d_cu_9872839c21max_pool_forward_nchwIfiEEvT0_PKT_xxxiiiiiiiiiiPS4_Px
32,128,conv2,_ZN5cudnn17winograd_nonfused26winogradForwardData9x9_5x5IffEEvNS0_18WinogradDataParamsIT_T0_EE
32,128,conv2,_ZN5cudnn17winograd_nonfused28winogradForwardFilter9x9_5x5IffEEvNS0_20WinogradFilterParamsIT_T0_EE
32,128,conv2,_Z20magma_sgemmEx_kernelIfffLb0ELb0ELi6ELi3ELi5ELi3ELi3EEviii13BatchedTensoriS0_iS0_iS0_iiiPKT_S3_S1_S1_i18cublasLtEpilogue_tiPKvx
32,128,conv2,_ZN5cudnn17winograd_nonfused28winogradForwardOutput9x9_5x5IffEEvNS0_20WinogradOutputParamsIT_T0_EE
32,128,relu2,_ZN2at6native29vectorized_elementwise_kernelILi4EZZZNS0_49_GLOBAL__N__a62a4dcd_16_TensorCompare_cu_71e06f4e19launch_clamp_scalarERNS_18TensorIteratorBaseEN3c106ScalarES6_NS0_6detail11ClampLimitsEENKUlvE_clEvENKUlvE5_clEvEUlfE_St5arrayIPcLy2EELb0EEEviT0_T1_
32,128,conv3,_Z23implicit_convolve_sgemmIffiLi128ELi5ELi5ELi3ELi3ELi3ELi1ELb0ELb0ELb1EEviiiPKT_iPT0_S2_18kernel_conv_paramsyT1_ffiPKS3_S8_bbii
32,128,relu3,_ZN2at6native29vectorized_elementwise_kernelILi4EZZZNS0_49_GLOBAL__N__a62a4dcd_16_TensorCompare_cu_71e06f4e19launch_clamp_scalarERNS_18TensorIteratorBaseEN3c106ScalarES6_NS0_6detail11ClampLimitsEENKUlvE_clEvENKUlvE5_clEvEUlfE_St5arrayIPcLy2EELb0EEEviT0_T1_
32,128,conv4,_Z23implicit_convolve_sgemmIffiLi1024ELi5ELi5ELi3ELi3ELi3ELi1ELb0ELb0ELb1EEviiiPKT_iPT0_S2_18kernel_conv_paramsyT1_ffiPKS3_S8_bbii
32,128,relu4,_ZN2at6native29vectorized_elementwise_kernelILi4EZZZNS0_49_GLOBAL__N__a62a4dcd_16_TensorCompare_cu_71e06f4e19launch_clamp_scalarERNS_18TensorIteratorBaseEN3c106ScalarES6_NS0_6detail11ClampLimitsEENKUlvE_clEvENKUlvE5_clEvEUlfE_St5arrayIPcLy2EELb0EEEviT0_T1_
32,128,conv5,_Z23implicit_convolve_sgemmIffiLi1024ELi5ELi5ELi3ELi3ELi3ELi1ELb0ELb0ELb1EEviiiPKT_iPT0_S2_18kernel_conv_paramsyT1_ffiPKS3_S8_bbii
32,128,relu5,_ZN2at6native29vectorized_elementwise_kernelILi4EZZZNS0_49_GLOBAL__N__a62a4dcd_16_TensorCompare_cu_71e06f4e19launch_clamp_scalarERNS_18TensorIteratorBaseEN3c106ScalarES6_NS0_6detail11ClampLimitsEENKUlvE_clEvENKUlvE5_clEvEUlfE_St5arrayIPcLy2EELb0EEEviT0_T1_
32,128,conv6,_Z23implicit_convolve_sgemmIffiLi512ELi6ELi8ELi3ELi3ELi5ELi1ELb0ELb0ELb1EEviiiPKT_iPT0_S2_18kernel_conv_paramsyT1_ffiPKS3_S8_bbii
32,128,relu6,_ZN2at6native29vectorized_elementwise_kernelILi4EZZZNS0_49_GLOBAL__N__a62a4dcd_16_TensorCompare_cu_71e06f4e19launch_clamp_scalarERNS_18TensorIteratorBaseEN3c106ScalarES6_NS0_6detail11ClampLimitsEENKUlvE_clEvENKUlvE5_clEvEUlfE_St5arrayIPcLy2EELb0EEEviT0_T1_
32,128,global_avg_pool,_ZN2at6native13reduce_kernelILi512ELi1ENS0_8ReduceOpIfNS0_7MeanOpsIffffEEjfLi4ELi4EEEEEvT1_
32,128,fc1,_ZN7cutlass7Kernel2I41cutlass_80_simt_sgemm_64x64_8x5_tn_align1EEvNT_6ParamsE
32,128,fc1,_ZN8cublasLt19splitKreduce_kernelILi32ELi16EiffffLb0EfffLb1ELb1ELb0ELb0EEEvNS_18cublasSplitKParamsIT4_EEPKT2_PKT8_PT7_PT3_PKS2_SF_PKT9_S6_PSG_PvxPS2_PiSL_SL_SF_SF_SF_SF_SF_
32,128,relu7,_ZN2at6native29vectorized_elementwise_kernelILi4EZZZNS0_49_GLOBAL__N__a62a4dcd_16_TensorCompare_cu_71e06f4e19launch_clamp_scalarERNS_18TensorIteratorBaseEN3c106ScalarES6_NS0_6detail11ClampLimitsEENKUlvE_clEvENKUlvE5_clEvEUlfE_St5arrayIPcLy2EELb0EEEviT0_T1_
32,128,fc2,_ZN7cutlass7Kernel2I41cutlass_80_simt_sgemm_64x64_8x5_tn_align1EEvNT_6ParamsE
32,128,fc2,_ZN8cublasLt19splitKreduce_kernelILi32ELi16EiffffLb0EfffLb1ELb1ELb0ELb0EEEvNS_18cublasSplitKParamsIT4_EEPKT2_PKT8_PT7_PT3_PKS2_SF_PKT9_S6_PSG_PvxPS2_PiSL_SL_SF_SF_SF_SF_SF_
32,167,conv1,_Z23implicit_convolve_sgemmIffiLi1024ELi5ELi5ELi3ELi3ELi3ELi1ELb0ELb0ELb1EEviiiPKT_iPT0_S2_18kernel_conv_paramsyT1_ffiPKS3_S8_bbii
32,167,relu1,_ZN2at6native29vectorized_elementwise_kernelILi4EZZZNS0_49_GLOBAL__N__a62a4dcd_16_TensorCompare_cu_71e06f4e19launch_clamp_scalarERNS_18TensorIteratorBaseEN3c106ScalarES6_NS0_6detail11ClampLimitsEENKUlvE_clEvENKUlvE5_clEvEUlfE_St5arrayIPcLy2EELb0EEEviT0_T1_
32,167,maxpool,_ZN2at6native52_GLOBAL__N__71d79c19_19_DilatedMaxPool2d_cu_9872839c21max_pool_forward_nchwIfiEEvT0_PKT_xxxiiiiiiiiiiPS4_Px
32,167,conv2,_ZN5cudnn17winograd_nonfused26winogradForwardData9x9_5x5IffEEvNS0_18WinogradDataParamsIT_T0_EE
32,167,conv2,_ZN5cudnn17winograd_nonfused28winogradForwardFilter9x9_5x5IffEEvNS0_20WinogradFilterParamsIT_T0_EE
32,167,conv2,_Z20magma_sgemmEx_kernelIfffLb0ELb0ELi6ELi3ELi5ELi3ELi3EEviii13BatchedTensoriS0_iS0_iS0_iiiPKT_S3_S1_S1_i18cublasLtEpilogue_tiPKvx
32,167,conv2,_ZN5cudnn17winograd_nonfused28winogradForwardOutput9x9_5x5IffEEvNS0_20WinogradOutputParamsIT_T0_EE
32,167,relu2,_ZN2at6native29vectorized_elementwise_kernelILi4EZZZNS0_49_GLOBAL__N__a62a4dcd_16_TensorCompare_cu_71e06f4e19launch_clamp_scalarERNS_18TensorIteratorBaseEN3c106ScalarES6_NS0_6detail11ClampLimitsEENKUlvE_clEvENKUlvE5_clEvEUlfE_St5arrayIPcLy2EELb0EEEviT0_T1_
32,167,conv3,_Z23implicit_convolve_sgemmIffiLi128ELi5ELi5ELi3ELi3ELi3ELi1ELb0ELb0ELb1EEviiiPKT_iPT0_S2_18kernel_conv_paramsyT1_ffiPKS3_S8_bbii
32,167,relu3,_ZN2at6native29vectorized_elementwise_kernelILi4EZZZNS0_49_GLOBAL__N__a62a4dcd_16_TensorCompare_cu_71e06f4e19launch_clamp_scalarERNS_18TensorIteratorBaseEN3c106ScalarES6_NS0_6detail11ClampLimitsEENKUlvE_clEvENKUlvE5_clEvEUlfE_St5arrayIPcLy2EELb0EEEviT0_T1_
32,167,conv4,_Z23implicit_convolve_sgemmIffiLi1024ELi5ELi5ELi3ELi3ELi3ELi1ELb0ELb0ELb1EEviiiPKT_iPT0_S2_18kernel_conv_paramsyT1_ffiPKS3_S8_bbii
32,167,relu4,_ZN2at6native29vectorized_elementwise_kernelILi4EZZZNS0_49_GLOBAL__N__a62a4dcd_16_TensorCompare_cu_71e06f4e19launch_clamp_scalarERNS_18TensorIteratorBaseEN3c106ScalarES6_NS0_6detail11ClampLimitsEENKUlvE_clEvENKUlvE5_clEvEUlfE_St5arrayIPcLy2EELb0EEEviT0_T1_
32,167,conv5,_Z23implicit_convolve_sgemmIffiLi1024ELi5ELi5ELi3ELi3ELi3ELi1ELb0ELb0ELb1EEviiiPKT_iPT0_S2_18kernel_conv_paramsyT1_ffiPKS3_S8_bbii
32,167,relu5,_ZN2at6native29vectorized_elementwise_kernelILi4EZZZNS0_49_GLOBAL__N__a62a4dcd_16_TensorCompare_cu_71e06f4e19launch_clamp_scalarERNS_18TensorIteratorBaseEN3c106ScalarES6_NS0_6detail11ClampLimitsEENKUlvE_clEvENKUlvE5_clEvEUlfE_St5arrayIPcLy2EELb0EEEviT0_T1_
32,167,conv6,_Z23implicit_convolve_sgemmIffiLi1024ELi5ELi5ELi3ELi3ELi3ELi1ELb0ELb0ELb1EEviiiPKT_iPT0_S2_18kernel_conv_paramsyT1_ffiPKS3_S8_bbii
32,167,relu6,_ZN2at6native29vectorized_elementwise_kernelILi4EZZZNS0_49_GLOBAL__N__a62a4dcd_16_TensorCompare_cu_71e06f4e19launch_clamp_scalarERNS_18TensorIteratorBaseEN3c106ScalarES6_NS0_6detail11ClampLimitsEENKUlvE_clEvENKUlvE5_clEvEUlfE_St5arrayIPcLy2EELb0EEEviT0_T1_
32,167,global_avg_pool,_ZN2at6native13reduce_kernelILi512ELi1ENS0_8ReduceOpIfNS0_7MeanOpsIffffEEjfLi4ELi4EEEEEvT1_
32,167,fc1,_ZN7cutlass7Kernel2I41cutlass_80_simt_sgemm_64x64_8x5_tn_align1EEvNT_6ParamsE
32,167,fc1,_ZN8cublasLt19splitKreduce_kernelILi32ELi16EiffffLb0EfffLb1ELb1ELb0ELb0EEEvNS_18cublasSplitKParamsIT4_EEPKT2_PKT8_PT7_PT3_PKS2_SF_PKT9_S6_PSG_PvxPS2_PiSL_SL_SF_SF_SF_SF_SF_
32,167,relu7,_ZN2at6native29vectorized_elementwise_kernelILi4EZZZNS0_49_GLOBAL__N__a62a4dcd_16_TensorCompare_cu_71e06f4e19launch_clamp_scalarERNS_18TensorIteratorBaseEN3c106ScalarES6_NS0_6detail11ClampLimitsEENKUlvE_clEvENKUlvE5_clEvEUlfE_St5arrayIPcLy2EELb0EEEviT0_T1_
32,167,fc2,_ZN7cutlass7Kernel2I41cutlass_80_simt_sgemm_64x64_8x5_tn_align1EEvNT_6ParamsE
32,167,fc2,_ZN8cublasLt19splitKreduce_kernelILi32ELi16EiffffLb0EfffLb1ELb1ELb0ELb0EEEvNS_18cublasSplitKParamsIT4_EEPKT2_PKT8_PT7_PT3_PKS2_SF_PKT9_S6_PSG_PvxPS2_PiSL_SL_SF_SF_SF_SF_SF_
32,256,conv1,_Z23implicit_convolve_sgemmIffiLi1024ELi5ELi5ELi3ELi3ELi3ELi1ELb0ELb0ELb1EEviiiPKT_iPT0_S2_18kernel_conv_paramsyT1_ffiPKS3_S8_bbii
32,256,relu1,_ZN2at6native29vectorized_elementwise_kernelILi4EZZZNS0_49_GLOBAL__N__a62a4dcd_16_TensorCompare_cu_71e06f4e19launch_clamp_scalarERNS_18TensorIteratorBaseEN3c106ScalarES6_NS0_6detail11ClampLimitsEENKUlvE_clEvENKUlvE5_clEvEUlfE_St5arrayIPcLy2EELb0EEEviT0_T1_
32,256,maxpool,_ZN2at6native52_GLOBAL__N__71d79c19_19_DilatedMaxPool2d_cu_9872839c21max_pool_forward_nchwIfiEEvT0_PKT_xxxiiiiiiiiiiPS4_Px
32,256,conv2,_ZN5cudnn17winograd_nonfused26winogradForwardData9x9_5x5IffEEvNS0_18WinogradDataParamsIT_T0_EE
32,256,conv2,_ZN5cudnn17winograd_nonfused28winogradForwardFilter9x9_5x5IffEEvNS0_20WinogradFilterParamsIT_T0_EE
32,256,conv2,_Z20magma_sgemmEx_kernelIfffLb0ELb0ELi6ELi3ELi5ELi3ELi3EEviii13BatchedTensoriS0_iS0_iS0_iiiPKT_S3_S1_S1_i18cublasLtEpilogue_tiPKvx
32,256,conv2,_ZN5cudnn17winograd_nonfused28winogradForwardOutput9x9_5x5IffEEvNS0_20WinogradOutputParamsIT_T0_EE
32,256,relu2,_ZN2at6native29vectorized_elementwise_kernelILi4EZZZNS0_49_GLOBAL__N__a62a4dcd_16_TensorCompare_cu_71e06f4e19launch_clamp_scalarERNS_18TensorIteratorBaseEN3c106ScalarES6_NS0_6detail11ClampLimitsEENKUlvE_clEvENKUlvE5_clEvEUlfE_St5arrayIPcLy2EELb0EEEviT0_T1_
32,256,conv3,_Z23implicit_convolve_sgemmIffiLi1024ELi5ELi5ELi3ELi3ELi3ELi1ELb0ELb0ELb1EEviiiPKT_iPT0_S2_18kernel_conv_paramsyT1_ffiPKS3_S8_bbii
32,256,relu3,_ZN2at6native29vectorized_elementwise_kernelILi4EZZZNS0_49_GLOBAL__N__a62a4dcd_16_TensorCompare_cu_71e06f4e19launch_clamp_scalarERNS_18TensorIteratorBaseEN3c106ScalarES6_NS0_6detail11ClampLimitsEENKUlvE_clEvENKUlvE5_clEvEUlfE_St5arrayIPcLy2EELb0EEEviT0_T1_
32,256,conv4,_Z23implicit_convolve_sgemmIffiLi1024ELi5ELi5ELi3ELi3ELi3ELi1ELb0ELb0ELb1EEviiiPKT_iPT0_S2_18kernel_conv_paramsyT1_ffiPKS3_S8_bbii
32,256,relu4,_ZN2at6native29vectorized_elementwise_kernelILi4EZZZNS0_49_GLOBAL__N__a62a4dcd_16_TensorCompare_cu_71e06f4e19launch_clamp_scalarERNS_18TensorIteratorBaseEN3c106ScalarES6_NS0_6detail11ClampLimitsEENKUlvE_clEvENKUlvE5_clEvEUlfE_St5arrayIPcLy2EELb0EEEviT0_T1_
32,256,conv5,_Z23implicit_convolve_sgemmIffiLi1024ELi5ELi5ELi3ELi3ELi3ELi1ELb0ELb0ELb1EEviiiPKT_iPT0_S2_18kernel_conv_paramsyT1_ffiPKS3_S8_bbii
32,256,relu5,_ZN2at6native29vectorized_elementwise_kernelILi4EZZZNS0_49_GLOBAL__N__a62a4dcd_16_TensorCompare_cu_71e06f4e19launch_clamp_scalarERNS_18TensorIteratorBaseEN3c106ScalarES6_NS0_6detail11ClampLimitsEENKUlvE_clEvENKUlvE5_clEvEUlfE_St5arrayIPcLy2EELb0EEEviT0_T1_
32,256,conv6,_Z23implicit_convolve_sgemmIffiLi512ELi6ELi8ELi3ELi3ELi5ELi1ELb0ELb0ELb1EEviiiPKT_iPT0_S2_18kernel_conv_paramsyT1_ffiPKS3_S8_bbii
32,256,relu6,_ZN2at6native29vectorized_elementwise_kernelILi4EZZZNS0_49_GLOBAL__N__a62a4dcd_16_TensorCompare_cu_71e06f4e19launch_clamp_scalarERNS_18TensorIteratorBaseEN3c106ScalarES6_NS0_6detail11ClampLimitsEENKUlvE_clEvENKUlvE5_clEvEUlfE_St5arrayIPcLy2EELb0EEEviT0_T1_
32,256,global_avg_pool,_ZN2at6native13reduce_kernelILi512ELi1ENS0_8ReduceOpIfNS0_7MeanOpsIffffEEjfLi4ELi4EEEEEvT1_
32,256,fc1,_ZN7cutlass7Kernel2I41cutlass_80_simt_sgemm_64x64_8x5_tn_align1EEvNT_6ParamsE
32,256,fc1,_ZN8cublasLt19splitKreduce_kernelILi32ELi16EiffffLb0EfffLb1ELb1ELb0ELb0EEEvNS_18cublasSplitKParamsIT4_EEPKT2_PKT8_PT7_PT3_PKS2_SF_PKT9_S6_PSG_PvxPS2_PiSL_SL_SF_SF_SF_SF_SF_
32,256,relu7,_ZN2at6native29vectorized_elementwise_kernelILi4EZZZNS0_49_GLOBAL__N__a62a4dcd_16_TensorCompare_cu_71e06f4e19launch_clamp_scalarERNS_18TensorIteratorBaseEN3c106ScalarES6_NS0_6detail11ClampLimitsEENKUlvE_clEvENKUlvE5_clEvEUlfE_St5arrayIPcLy2EELb0EEEviT0_T1_
32,256,fc2,_ZN7cutlass7Kernel2I41cutlass_80_simt_sgemm_64x64_8x5_tn_align1EEvNT_6ParamsE
32,256,fc2,_ZN8cublasLt19splitKreduce_kernelILi32ELi16EiffffLb0EfffLb1ELb1ELb0ELb0EEEvNS_18cublasSplitKParamsIT4_EEPKT2_PKT8_PT7_PT3_PKS2_SF_PKT9_S6_PSG_PvxPS2_PiSL_SL_SF_SF_SF_SF_SF_
48,1,conv1,_Z23implicit_convolve_sgemmIffiLi1024ELi5ELi5ELi3ELi3ELi3ELi1ELb0ELb0ELb1EEviiiPKT_iPT0_S2_18kernel_conv_paramsyT1_ffiPKS3_S8_bbii
48,1,relu1,_ZN2at6native29vectorized_elementwise_kernelILi4EZZZNS0_49_GLOBAL__N__a62a4dcd_16_TensorCompare_cu_71e06f4e19launch_clamp_scalarERNS_18TensorIteratorBaseEN3c106ScalarES6_NS0_6detail11ClampLimitsEENKUlvE_clEvENKUlvE5_clEvEUlfE_St5arrayIPcLy2EELb0EEEviT0_T1_
48,1,maxpool,_ZN2at6native52_GLOBAL__N__71d79c19_19_DilatedMaxPool2d_cu_9872839c21max_pool_forward_nchwIfiEEvT0_PKT_xxxiiiiiiiiiiPS4_Px
48,1,conv2,_ZN5cudnn17winograd_nonfused26winogradForwardData9x9_5x5IffEEvNS0_18WinogradDataParamsIT_T0_EE
48,1,conv2,_ZN5cudnn17winograd_nonfused28winogradForwardFilter9x9_5x5IffEEvNS0_20WinogradFilterParamsIT_T0_EE
48,1,conv2,_Z20magma_sgemmEx_kernelIfffLb0ELb0ELi6ELi3ELi5ELi3ELi3EEviii13BatchedTensoriS0_iS0_iS0_iiiPKT_S3_S1_S1_i18cublasLtEpilogue_tiPKvx
48,1,conv2,_ZN5cudnn17winograd_nonfused28winogradForwardOutput9x9_5x5IffEEvNS0_20WinogradOutputParamsIT_T0_EE
48,1,relu2,_ZN2at6native29vectorized_elementwise_kernelILi4EZZZNS0_49_GLOBAL__N__a62a4dcd_16_TensorCompare_cu_71e06f4e19launch_clamp_scalarERNS_18TensorIteratorBaseEN3c106ScalarES6_NS0_6detail11ClampLimitsEENKUlvE_clEvENKUlvE5_clEvEUlfE_St5arrayIPcLy2EELb0EEEviT0_T1_
48,1,conv3,_Z23implicit_convolve_sgemmIffiLi1024ELi5ELi5ELi3ELi3ELi3ELi1ELb0ELb0ELb1EEviiiPKT_iPT0_S2_18kernel_conv_paramsyT1_ffiPKS3_S8_bbii
48,1,relu3,_ZN2at6native29vectorized_elementwise_kernelILi4EZZZNS0_49_GLOBAL__N__a62a4dcd_16_TensorCompare_cu_71e06f4e19launch_clamp_scalarERNS_18TensorIteratorBaseEN3c106ScalarES6_NS0_6detail11ClampLimitsEENKUlvE_clEvENKUlvE5_clEvEUlfE_St5arrayIPcLy2EELb0EEEviT0_T1_
48,1,conv4,_Z23implicit_convolve_sgemmIffiLi1024ELi5ELi5ELi3ELi3ELi3ELi1ELb0ELb0ELb1EEviiiPKT_iPT0_S2_18kernel_conv_paramsyT1_ffiPKS3_S8_bbii
48,1,relu4,_ZN2at6native29vectorized_elementwise_kernelILi4EZZZNS0_49_GLOBAL__N__a62a4dcd_16_TensorCompare_cu_71e06f4e19launch_clamp_scalarERNS_18TensorIteratorBaseEN3c106ScalarES6_NS0_6detail11ClampLimitsEENKUlvE_clEvENKUlvE5_clEvEUlfE_St5arrayIPcLy2EELb0EEEviT0_T1_
48,1,conv5,_Z23implicit_convolve_sgemmIffiLi1024ELi5ELi5ELi3ELi3ELi3ELi1ELb0ELb0ELb1EEviiiPKT_iPT0_S2_18kernel_conv_paramsyT1_ffiPKS3_S8_bbii
48,1,relu5,_ZN2at6native29vectorized_elementwise_kernelILi4EZZZNS0_49_GLOBAL__N__a62a4dcd_16_TensorCompare_cu_71e06f4e19launch_clamp_scalarERNS_18TensorIteratorBaseEN3c106ScalarES6_NS0_6detail11ClampLimitsEENKUlvE_clEvENKUlvE5_clEvEUlfE_St5arrayIPcLy2EELb0EEEviT0_T1_
48,1,conv6,_Z23implicit_convolve_sgemmIffiLi1024ELi5ELi5ELi3ELi3ELi3ELi1ELb0ELb0ELb1EEviiiPKT_iPT0_S2_18kernel_conv_paramsyT1_ffiPKS3_S8_bbii
48,1,relu6,_ZN2at6native29vectorized_elementwise_kernelILi4EZZZNS0_49_GLOBAL__N__a62a4dcd_16_TensorCompare_cu_71e06f4e19launch_clamp_scalarERNS_18TensorIteratorBaseEN3c106ScalarES6_NS0_6detail11ClampLimitsEENKUlvE_clEvENKUlvE5_clEvEUlfE_St5arrayIPcLy2EELb0EEEviT0_T1_
48,1,global_avg_pool,_ZN2at6native13reduce_kernelILi512ELi1ENS0_8ReduceOpIfNS0_7MeanOpsIffffEEjfLi4ELi4EEEEEvT1_
48,1,fc1,_ZN8internal5gemvx6kernelIiiffffLb0ELb1ELb1ELb0ELi7ELb0E18cublasGemvParamsExIi30cublasGemvTensorStridedBatchedIKfES5_S3_IfEfEEENSt9enable_ifIXntT5_EvE4typeET11_
48,1,relu7,_ZN2at6native29vectorized_elementwise_kernelILi4EZZZNS0_49_GLOBAL__N__a62a4dcd_16_TensorCompare_cu_71e06f4e19launch_clamp_scalarERNS_18TensorIteratorBaseEN3c106ScalarES6_NS0_6detail11ClampLimitsEENKUlvE_clEvENKUlvE5_clEvEUlfE_St5arrayIPcLy2EELb0EEEviT0_T1_
48,1,fc2,_ZN8internal5gemvx6kernelIiiffffLb0ELb1ELb1ELb0ELi7ELb0E18cublasGemvParamsExIi30cublasGemvTensorStridedBatchedIKfES5_S3_IfEfEEENSt9enable_ifIXntT5_EvE4typeET11_
48,2,conv1,_Z23implicit_convolve_sgemmIffiLi1024ELi5ELi5ELi3ELi3ELi3ELi1ELb0ELb0ELb1EEviiiPKT_iPT0_S2_18kernel_conv_paramsyT1_ffiPKS3_S8_bbii
48,2,relu1,_ZN2at6native29vectorized_elementwise_kernelILi4EZZZNS0_49_GLOBAL__N__a62a4dcd_16_TensorCompare_cu_71e06f4e19launch_clamp_scalarERNS_18TensorIteratorBaseEN3c106ScalarES6_NS0_6detail11ClampLimitsEENKUlvE_clEvENKUlvE5_clEvEUlfE_St5arrayIPcLy2EELb0EEEviT0_T1_
48,2,maxpool,_ZN2at6native52_GLOBAL__N__71d79c19_19_DilatedMaxPool2d_cu_9872839c21max_pool_forward_nchwIfiEEvT0_PKT_xxxiiiiiiiiiiPS4_Px
48,2,conv2,_ZN5cudnn17winograd_nonfused26winogradForwardData9x9_5x5IffEEvNS0_18WinogradDataParamsIT_T0_EE
48,2,conv2,_ZN5cudnn17winograd_nonfused28winogradForwardFilter9x9_5x5IffEEvNS0_20WinogradFilterParamsIT_T0_EE
48,2,conv2,_Z20magma_sgemmEx_kernelIfffLb0ELb0ELi6ELi3ELi5ELi3ELi3EEviii13BatchedTensoriS0_iS0_iS0_iiiPKT_S3_S1_S1_i18cublasLtEpilogue_tiPKvx
48,2,conv2,_ZN5cudnn17winograd_nonfused28winogradForwardOutput9x9_5x5IffEEvNS0_20WinogradOutputParamsIT_T0_EE
48,2,relu2,_ZN2at6native29vectorized_elementwise_kernelILi4EZZZNS0_49_GLOBAL__N__a62a4dcd_16_TensorCompare_cu_71e06f4e19launch_clamp_scalarERNS_18TensorIteratorBaseEN3c106ScalarES6_NS0_6detail11ClampLimitsEENKUlvE_clEvENKUlvE5_clEvEUlfE_St5arrayIPcLy2EELb0EEEviT0_T1_
48,2,conv3,_Z23implicit_convolve_sgemmIffiLi1024ELi5ELi5ELi3ELi3ELi3ELi1ELb0ELb0ELb1EEviiiPKT_iPT0_S2_18kernel_conv_paramsyT1_ffiPKS3_S8_bbii
48,2,relu3,_ZN2at6native29vectorized_elementwise_kernelILi4EZZZNS0_49_GLOBAL__N__a62a4dcd_16_TensorCompare_cu_71e06f4e19launch_clamp_scalarERNS_18TensorIteratorBaseEN3c106ScalarES6_NS0_6detail11ClampLimitsEENKUlvE_clEvENKUlvE5_clEvEUlfE_St5arrayIPcLy2EELb0EEEviT0_T1_
48,2,conv4,_Z23implicit_convolve_sgemmIffiLi1024ELi5ELi5ELi3ELi3ELi3ELi1ELb0ELb0ELb1EEviiiPKT_iPT0_S2_18kernel_conv_paramsyT1_ffiPKS3_S8_bbii
48,2,relu4,_ZN2at6native29vectorized_elementwise_kernelILi4EZZZNS0_49_GLOBAL__N__a62a4dcd_16_TensorCompare_cu_71e06f4e19launch_clamp_scalarERNS_18TensorIteratorBaseEN3c106ScalarES6_NS0_6detail11ClampLimitsEENKUlvE_clEvENKUlvE5_clEvEUlfE_St5arrayIPcLy2EELb0EEEviT0_T1_
48,2,conv5,_Z23implicit_convolve_sgemmIffiLi1024ELi5ELi5ELi3ELi3ELi3ELi1ELb0ELb0ELb1EEviiiPKT_iPT0_S2_18kernel_conv_paramsyT1_ffiPKS3_S8_bbii
48,2,relu5,_ZN2at6native29vectorized_elementwise_kernelILi4EZZZNS0_49_GLOBAL__N__a62a4dcd_16_TensorCompare_cu_71e06f4e19launch_clamp_scalarERNS_18TensorIteratorBaseEN3c106ScalarES6_NS0_6detail11ClampLimitsEENKUlvE_clEvENKUlvE5_clEvEUlfE_St5arrayIPcLy2EELb0EEEviT0_T1_
48,2,conv6,_Z23implicit_convolve_sgemmIffiLi1024ELi5ELi5ELi3ELi3ELi3ELi1ELb0ELb0ELb1EEviiiPKT_iPT0_S2_18kernel_conv_paramsyT1_ffiPKS3_S8_bbii
48,2,relu6,_ZN2at6native29vectorized_elementwise_kernelILi4EZZZNS0_49_GLOBAL__N__a62a4dcd_16_TensorCompare_cu_71e06f4e19launch_clamp_scalarERNS_18TensorIteratorBaseEN3c106ScalarES6_NS0_6detail11ClampLimitsEENKUlvE_clEvENKUlvE5_clEvEUlfE_St5arrayIPcLy2EELb0EEEviT0_T1_
48,2,global_avg_pool,_ZN2at6native13reduce_kernelILi512ELi1ENS0_8ReduceOpIfNS0_7MeanOpsIffffEEjfLi4ELi4EEEEEvT1_
48,2,fc1,_Z16gemmSN_TN_kernelIfLi128ELi16ELi2ELi4ELi2ELi2ELb1E30cublasGemvTensorStridedBatchedIKfES2_S0_IfEEv22cublasGemmSmallNParamsIT7_T8_T9_T_E
48,2,relu7,_ZN2at6native29vectorized_elementwise_kernelILi4EZZZNS0_49_GLOBAL__N__a62a4dcd_16_TensorCompare_cu_71e06f4e19launch_clamp_scalarERNS_18TensorIteratorBaseEN3c106ScalarES6_NS0_6detail11ClampLimitsEENKUlvE_clEvENKUlvE5_clEvEUlfE_St5arrayIPcLy2EELb0EEEviT0_T1_
48,2,fc2,_Z16gemmSN_TN_kernelIfLi128ELi16ELi2ELi4ELi2ELi2ELb1E30cublasGemvTensorStridedBatchedIKfES2_S0_IfEEv22cublasGemmSmallNParamsIT7_T8_T9_T_E
48,4,conv1,_Z23implicit_convolve_sgemmIffiLi1024ELi5ELi5ELi3ELi3ELi3ELi1ELb0ELb0ELb1EEviiiPKT_iPT0_S2_18kernel_conv_paramsyT1_ffiPKS3_S8_bbii
48,4,relu1,_ZN2at6native29vectorized_elementwise_kernelILi4EZZZNS0_49_GLOBAL__N__a62a4dcd_16_TensorCompare_cu_71e06f4e19launch_clamp_scalarERNS_18TensorIteratorBaseEN3c106ScalarES6_NS0_6detail11ClampLimitsEENKUlvE_clEvENKUlvE5_clEvEUlfE_St5arrayIPcLy2EELb0EEEviT0_T1_
48,4,maxpool,_ZN2at6native52_GLOBAL__N__71d79c19_19_DilatedMaxPool2d_cu_9872839c21max_pool_forward_nchwIfiEEvT0_PKT_xxxiiiiiiiiiiPS4_Px
48,4,conv2,_ZN5cudnn17winograd_nonfused26winogradForwardData9x9_5x5IffEEvNS0_18WinogradDataParamsIT_T0_EE
48,4,conv2,_ZN5cudnn17winograd_nonfused28winogradForwardFilter9x9_5x5IffEEvNS0_20WinogradFilterParamsIT_T0_EE
48,4,conv2,_Z20magma_sgemmEx_kernelIfffLb0ELb0ELi6ELi3ELi5ELi3ELi3EEviii13BatchedTensoriS0_iS0_iS0_iiiPKT_S3_S1_S1_i18cublasLtEpilogue_tiPKvx
48,4,conv2,_ZN5cudnn17winograd_nonfused28winogradForwardOutput9x9_5x5IffEEvNS0_20WinogradOutputParamsIT_T0_EE
48,4,relu2,_ZN2at6native29vectorized_elementwise_kernelILi4EZZZNS0_49_GLOBAL__N__a62a4dcd_16_TensorCompare_cu_71e06f4e19launch_clamp_scalarERNS_18TensorIteratorBaseEN3c106ScalarES6_NS0_6detail11ClampLimitsEENKUlvE_clEvENKUlvE5_clEvEUlfE_St5arrayIPcLy2EELb0EEEviT0_T1_
48,4,conv3,_Z23implicit_convolve_sgemmIffiLi1024ELi5ELi5ELi3ELi3ELi3ELi1ELb0ELb0ELb1EEviiiPKT_iPT0_S2_18kernel_conv_paramsyT1_ffiPKS3_S8_bbii
48,4,relu3,_ZN2at6native29vectorized_elementwise_kernelILi4EZZZNS0_49_GLOBAL__N__a62a4dcd_16_TensorCompare_cu_71e06f4e19launch_clamp_scalarERNS_18TensorIteratorBaseEN3c106ScalarES6_NS0_6detail11ClampLimitsEENKUlvE_clEvENKUlvE5_clEvEUlfE_St5arrayIPcLy2EELb0EEEviT0_T1_
48,4,conv4,_Z23implicit_convolve_sgemmIffiLi1024ELi5ELi5ELi3ELi3ELi3ELi1ELb0ELb0ELb1EEviiiPKT_iPT0_S2_18kernel_conv_paramsyT1_ffiPKS3_S8_bbii
48,4,relu4,_ZN2at6native29vectorized_elementwise_kernelILi4EZZZNS0_49_GLOBAL__N__a62a4dcd_16_TensorCompare_cu_71e06f4e19launch_clamp_scalarERNS_18TensorIteratorBaseEN3c106ScalarES6_NS0_6detail11ClampLimitsEENKUlvE_clEvENKUlvE5_clEvEUlfE_St5arrayIPcLy2EELb0EEEviT0_T1_
48,4,conv5,_Z23implicit_convolve_sgemmIffiLi1024ELi5ELi5ELi3ELi3ELi3ELi1ELb0ELb0ELb1EEviiiPKT_iPT0_S2_18kernel_conv_paramsyT1_ffiPKS3_S8_bbii
48,4,relu5,_ZN2at6native29vectorized_elementwise_kernelILi4EZZZNS0_49_GLOBAL__N__a62a4dcd_16_TensorCompare_cu_71e06f4e19launch_clamp_scalarERNS_18TensorIteratorBaseEN3c106ScalarES6_NS0_6detail11ClampLimitsEENKUlvE_clEvENKUlvE5_clEvEUlfE_St5arrayIPcLy2EELb0EEEviT0_T1_
48,4,conv6,_Z23implicit_convolve_sgemmIffiLi1024ELi5ELi5ELi3ELi3ELi3ELi1ELb0ELb0ELb1EEviiiPKT_iPT0_S2_18kernel_conv_paramsyT1_ffiPKS3_S8_bbii
48,4,relu6,_ZN2at6native29vectorized_elementwise_kernelILi4EZZZNS0_49_GLOBAL__N__a62a4dcd_16_TensorCompare_cu_71e06f4e19launch_clamp_scalarERNS_18TensorIteratorBaseEN3c106ScalarES6_NS0_6detail11ClampLimitsEENKUlvE_clEvENKUlvE5_clEvEUlfE_St5arrayIPcLy2EELb0EEEviT0_T1_
48,4,global_avg_pool,_ZN2at6native13reduce_kernelILi512ELi1ENS0_8ReduceOpIfNS0_7MeanOpsIffffEEjfLi4ELi4EEEEEvT1_
48,4,fc1,_Z16gemmSN_TN_kernelIfLi128ELi16ELi2ELi4ELi4ELi4ELb1E30cublasGemvTensorStridedBatchedIKfES2_S0_IfEEv22cublasGemmSmallNParamsIT7_T8_T9_T_E
48,4,relu7,_ZN2at6native29vectorized_elementwise_kernelILi4EZZZNS0_49_GLOBAL__N__a62a4dcd_16_TensorCompare_cu_71e06f4e19launch_clamp_scalarERNS_18TensorIteratorBaseEN3c106ScalarES6_NS0_6detail11ClampLimitsEENKUlvE_clEvENKUlvE5_clEvEUlfE_St5arrayIPcLy2EELb0EEEviT0_T1_
48,4,fc2,_Z16gemmSN_TN_kernelIfLi128ELi16ELi2ELi4ELi4ELi4ELb1E30cublasGemvTensorStridedBatchedIKfES2_S0_IfEEv22cublasGemmSmallNParamsIT7_T8_T9_T_E
48,8,conv1,_Z23implicit_convolve_sgemmIffiLi1024ELi5ELi5ELi3ELi3ELi3ELi1ELb0ELb0ELb1EEviiiPKT_iPT0_S2_18kernel_conv_paramsyT1_ffiPKS3_S8_bbii
48,8,relu1,_ZN2at6native29vectorized_elementwise_kernelILi4EZZZNS0_49_GLOBAL__N__a62a4dcd_16_TensorCompare_cu_71e06f4e19launch_clamp_scalarERNS_18TensorIteratorBaseEN3c106ScalarES6_NS0_6detail11ClampLimitsEENKUlvE_clEvENKUlvE5_clEvEUlfE_St5arrayIPcLy2EELb0EEEviT0_T1_
48,8,maxpool,_ZN2at6native52_GLOBAL__N__71d79c19_19_DilatedMaxPool2d_cu_9872839c21max_pool_forward_nchwIfiEEvT0_PKT_xxxiiiiiiiiiiPS4_Px
48,8,conv2,_ZN5cudnn17winograd_nonfused26winogradForwardData9x9_5x5IffEEvNS0_18WinogradDataParamsIT_T0_EE
48,8,conv2,_ZN5cudnn17winograd_nonfused28winogradForwardFilter9x9_5x5IffEEvNS0_20WinogradFilterParamsIT_T0_EE
48,8,conv2,_Z20magma_sgemmEx_kernelIfffLb0ELb0ELi6ELi3ELi5ELi3ELi3EEviii13BatchedTensoriS0_iS0_iS0_iiiPKT_S3_S1_S1_i18cublasLtEpilogue_tiPKvx
48,8,conv2,_ZN5cudnn17winograd_nonfused28winogradForwardOutput9x9_5x5IffEEvNS0_20WinogradOutputParamsIT_T0_EE
48,8,relu2,_ZN2at6native29vectorized_elementwise_kernelILi4EZZZNS0_49_GLOBAL__N__a62a4dcd_16_TensorCompare_cu_71e06f4e19launch_clamp_scalarERNS_18TensorIteratorBaseEN3c106ScalarES6_NS0_6detail11ClampLimitsEENKUlvE_clEvENKUlvE5_clEvEUlfE_St5arrayIPcLy2EELb0EEEviT0_T1_
48,8,conv3,_Z23implicit_convolve_sgemmIffiLi1024ELi5ELi5ELi3ELi3ELi3ELi1ELb0ELb0ELb1EEviiiPKT_iPT0_S2_18kernel_conv_paramsyT1_ffiPKS3_S8_bbii
48,8,relu3,_ZN2at6native29vectorized_elementwise_kernelILi4EZZZNS0_49_GLOBAL__N__a62a4dcd_16_TensorCompare_cu_71e06f4e19launch_clamp_scalarERNS_18TensorIteratorBaseEN3c106ScalarES6_NS0_6detail11ClampLimitsEENKUlvE_clEvENKUlvE5_clEvEUlfE_St5arrayIPcLy2EELb0EEEviT0_T1_
48,8,conv4,_Z23implicit_convolve_sgemmIffiLi1024ELi5ELi5ELi3ELi3ELi3ELi1ELb0ELb0ELb1EEviiiPKT_iPT0_S2_18kernel_conv_paramsyT1_ffiPKS3_S8_bbii
48,8,relu4,_ZN2at6native29vectorized_elementwise_kernelILi4EZZZNS0_49_GLOBAL__N__a62a4dcd_16_TensorCompare_cu_71e06f4e19launch_clamp_scalarERNS_18TensorIteratorBaseEN3c106ScalarES6_NS0_6detail11ClampLimitsEENKUlvE_clEvENKUlvE5_clEvEUlfE_St5arrayIPcLy2EELb0EEEviT0_T1_
48,8,conv5,_Z23implicit_convolve_sgemmIffiLi1024ELi5ELi5ELi3ELi3ELi3ELi1ELb0ELb0ELb1EEviiiPKT_iPT0_S2_18kernel_conv_paramsyT1_ffiPKS3_S8_bbii
48,8,relu5,_ZN2at6native29vectorized_elementwise_kernelILi4EZZZNS0_49_GLOBAL__N__a62a4dcd_16_TensorCompare_cu_71e06f4e19launch_clamp_scalarERNS_18TensorIteratorBaseEN3c106ScalarES6_NS0_6detail11ClampLimitsEENKUlvE_clEvENKUlvE5_clEvEUlfE_St5arrayIPcLy2EELb0EEEviT0_T1_
48,8,conv6,_Z23implicit_convolve_sgemmIffiLi1024ELi5ELi5ELi3ELi3ELi3ELi1ELb0ELb0ELb1EEviiiPKT_iPT0_S2_18kernel_conv_paramsyT1_ffiPKS3_S8_bbii
48,8,relu6,_ZN2at6native29vectorized_elementwise_kernelILi4EZZZNS0_49_GLOBAL__N__a62a4dcd_16_TensorCompare_cu_71e06f4e19launch_clamp_scalarERNS_18TensorIteratorBaseEN3c106ScalarES6_NS0_6detail11ClampLimitsEENKUlvE_clEvENKUlvE5_clEvEUlfE_St5arrayIPcLy2EELb0EEEviT0_T1_
48,8,global_avg_pool,_ZN2at6native13reduce_kernelILi512ELi1ENS0_8ReduceOpIfNS0_7MeanOpsIffffEEjfLi4ELi4EEEEEvT1_
48,8,fc1,_Z16gemmSN_TN_kernelIfLi128ELi16ELi2ELi4ELi8ELi9ELb0E30cublasGemvTensorStridedBatchedIKfES2_S0_IfEEv22cublasGemmSmallNParamsIT7_T8_T9_T_E
48,8,relu7,_ZN2at6native29vectorized_elementwise_kernelILi4EZZZNS0_49_GLOBAL__N__a62a4dcd_16_TensorCompare_cu_71e06f4e19launch_clamp_scalarERNS_18TensorIteratorBaseEN3c106ScalarES6_NS0_6detail11ClampLimitsEENKUlvE_clEvENKUlvE5_clEvEUlfE_St5arrayIPcLy2EELb0EEEviT0_T1_
48,8,fc2,_Z16gemmSN_TN_kernelIfLi128ELi16ELi2ELi4ELi8ELi9ELb0E30cublasGemvTensorStridedBatchedIKfES2_S0_IfEEv22cublasGemmSmallNParamsIT7_T8_T9_T_E
48,16,conv1,_Z23implicit_convolve_sgemmIffiLi1024ELi5ELi5ELi3ELi3ELi3ELi1ELb0ELb0ELb1EEviiiPKT_iPT0_S2_18kernel_conv_paramsyT1_ffiPKS3_S8_bbii
48,16,relu1,_ZN2at6native29vectorized_elementwise_kernelILi4EZZZNS0_49_GLOBAL__N__a62a4dcd_16_TensorCompare_cu_71e06f4e19launch_clamp_scalarERNS_18TensorIteratorBaseEN3c106ScalarES6_NS0_6detail11ClampLimitsEENKUlvE_clEvENKUlvE5_clEvEUlfE_St5arrayIPcLy2EELb0EEEviT0_T1_
48,16,maxpool,_ZN2at6native52_GLOBAL__N__71d79c19_19_DilatedMaxPool2d_cu_9872839c21max_pool_forward_nchwIfiEEvT0_PKT_xxxiiiiiiiiiiPS4_Px
48,16,conv2,_ZN5cudnn17winograd_nonfused26winogradForwardData9x9_5x5IffEEvNS0_18WinogradDataParamsIT_T0_EE
48,16,conv2,_ZN5cudnn17winograd_nonfused28winogradForwardFilter9x9_5x5IffEEvNS0_20WinogradFilterParamsIT_T0_EE
48,16,conv2,_Z20magma_sgemmEx_kernelIfffLb0ELb0ELi6ELi3ELi5ELi3ELi3EEviii13BatchedTensoriS0_iS0_iS0_iiiPKT_S3_S1_S1_i18cublasLtEpilogue_tiPKvx
48,16,conv2,_ZN5cudnn17winograd_nonfused28winogradForwardOutput9x9_5x5IffEEvNS0_20WinogradOutputParamsIT_T0_EE
48,16,relu2,_ZN2at6native29vectorized_elementwise_kernelILi4EZZZNS0_49_GLOBAL__N__a62a4dcd_16_TensorCompare_cu_71e06f4e19launch_clamp_scalarERNS_18TensorIteratorBaseEN3c106ScalarES6_NS0_6detail11ClampLimitsEENKUlvE_clEvENKUlvE5_clEvEUlfE_St5arrayIPcLy2EELb0EEEviT0_T1_
48,16,conv3,_Z23implicit_convolve_sgemmIffiLi1024ELi5ELi5ELi3ELi3ELi3ELi1ELb0ELb0ELb1EEviiiPKT_iPT0_S2_18kernel_conv_paramsyT1_ffiPKS3_S8_bbii
48,16,relu3,_ZN2at6native29vectorized_elementwise_kernelILi4EZZZNS0_49_GLOBAL__N__a62a4dcd_16_TensorCompare_cu_71e06f4e19launch_clamp_scalarERNS_18TensorIteratorBaseEN3c106ScalarES6_NS0_6detail11ClampLimitsEENKUlvE_clEvENKUlvE5_clEvEUlfE_St5arrayIPcLy2EELb0EEEviT0_T1_
48,16,conv4,_Z23implicit_convolve_sgemmIffiLi1024ELi5ELi5ELi3ELi3ELi3ELi1ELb0ELb0ELb1EEviiiPKT_iPT0_S2_18kernel_conv_paramsyT1_ffiPKS3_S8_bbii
48,16,relu4,_ZN2at6native29vectorized_elementwise_kernelILi4EZZZNS0_49_GLOBAL__N__a62a4dcd_16_TensorCompare_cu_71e06f4e19launch_clamp_scalarERNS_18TensorIteratorBaseEN3c106ScalarES6_NS0_6detail11ClampLimitsEENKUlvE_clEvENKUlvE5_clEvEUlfE_St5arrayIPcLy2EELb0EEEviT0_T1_
48,16,conv5,_Z23implicit_convolve_sgemmIffiLi1024ELi5ELi5ELi3ELi3ELi3ELi1ELb0ELb0ELb1EEviiiPKT_iPT0_S2_18kernel_conv_paramsyT1_ffiPKS3_S8_bbii
48,16,relu5,_ZN2at6native29vectorized_elementwise_kernelILi4EZZZNS0_49_GLOBAL__N__a62a4dcd_16_TensorCompare_cu_71e06f4e19launch_clamp_scalarERNS_18TensorIteratorBaseEN3c106ScalarES6_NS0_6detail11ClampLimitsEENKUlvE_clEvENKUlvE5_clEvEUlfE_St5arrayIPcLy2EELb0EEEviT0_T1_
48,16,conv6,_Z23implicit_convolve_sgemmIffiLi1024ELi5ELi5ELi3ELi3ELi3ELi1ELb0ELb0ELb1EEviiiPKT_iPT0_S2_18kernel_conv_paramsyT1_ffiPKS3_S8_bbii
48,16,relu6,_ZN2at6native29vectorized_elementwise_kernelILi4EZZZNS0_49_GLOBAL__N__a62a4dcd_16_TensorCompare_cu_71e06f4e19launch_clamp_scalarERNS_18TensorIteratorBaseEN3c106ScalarES6_NS0_6detail11ClampLimitsEENKUlvE_clEvENKUlvE5_clEvEUlfE_St5arrayIPcLy2EELb0EEEviT0_T1_
48,16,global_avg_pool,_ZN2at6native13reduce_kernelILi512ELi1ENS0_8ReduceOpIfNS0_7MeanOpsIffffEEjfLi4ELi4EEEEEvT1_
48,16,fc1,_Z16gemmSN_TN_kernelIfLi128ELi16ELi2ELi4ELi8ELi9ELb0E30cublasGemvTensorStridedBatchedIKfES2_S0_IfEEv22cublasGemmSmallNParamsIT7_T8_T9_T_E
48,16,relu7,_ZN2at6native29vectorized_elementwise_kernelILi4EZZZNS0_49_GLOBAL__N__a62a4dcd_16_TensorCompare_cu_71e06f4e19launch_clamp_scalarERNS_18TensorIteratorBaseEN3c106ScalarES6_NS0_6detail11ClampLimitsEENKUlvE_clEvENKUlvE5_clEvEUlfE_St5arrayIPcLy2EELb0EEEviT0_T1_
48,16,fc2,_Z16gemmSN_TN_kernelIfLi128ELi16ELi2ELi4ELi8ELi9ELb0E30cublasGemvTensorStridedBatchedIKfES2_S0_IfEEv22cublasGemmSmallNParamsIT7_T8_T9_T_E
48,32,conv1,_Z23implicit_convolve_sgemmIffiLi1024ELi5ELi5ELi3ELi3ELi3ELi1ELb0ELb0ELb1EEviiiPKT_iPT0_S2_18kernel_conv_paramsyT1_ffiPKS3_S8_bbii
48,32,relu1,_ZN2at6native29vectorized_elementwise_kernelILi4EZZZNS0_49_GLOBAL__N__a62a4dcd_16_TensorCompare_cu_71e06f4e19launch_clamp_scalarERNS_18TensorIteratorBaseEN3c106ScalarES6_NS0_6detail11ClampLimitsEENKUlvE_clEvENKUlvE5_clEvEUlfE_St5arrayIPcLy2EELb0EEEviT0_T1_
48,32,maxpool,_ZN2at6native52_GLOBAL__N__71d79c19_19_DilatedMaxPool2d_cu_9872839c21max_pool_forward_nchwIfiEEvT0_PKT_xxxiiiiiiiiiiPS4_Px
48,32,conv2,_ZN5cudnn17winograd_nonfused26winogradForwardData9x9_5x5IffEEvNS0_18WinogradDataParamsIT_T0_EE
48,32,conv2,_ZN5cudnn17winograd_nonfused28winogradForwardFilter9x9_5x5IffEEvNS0_20WinogradFilterParamsIT_T0_EE
48,32,conv2,_Z20magma_sgemmEx_kernelIfffLb0ELb0ELi6ELi3ELi5ELi3ELi3EEviii13BatchedTensoriS0_iS0_iS0_iiiPKT_S3_S1_S1_i18cublasLtEpilogue_tiPKvx
48,32,conv2,_ZN5cudnn17winograd_nonfused28winogradForwardOutput9x9_5x5IffEEvNS0_20WinogradOutputParamsIT_T0_EE
48,32,relu2,_ZN2at6native29vectorized_elementwise_kernelILi4EZZZNS0_49_GLOBAL__N__a62a4dcd_16_TensorCompare_cu_71e06f4e19launch_clamp_scalarERNS_18TensorIteratorBaseEN3c106ScalarES6_NS0_6detail11ClampLimitsEENKUlvE_clEvENKUlvE5_clEvEUlfE_St5arrayIPcLy2EELb0EEEviT0_T1_
48,32,conv3,_Z23implicit_convolve_sgemmIffiLi1024ELi5ELi5ELi3ELi3ELi3ELi1ELb0ELb0ELb1EEviiiPKT_iPT0_S2_18kernel_conv_paramsyT1_ffiPKS3_S8_bbii
48,32,relu3,_ZN2at6native29vectorized_elementwise_kernelILi4EZZZNS0_49_GLOBAL__N__a62a4dcd_16_TensorCompare_cu_71e06f4e19launch_clamp_scalarERNS_18TensorIteratorBaseEN3c106ScalarES6_NS0_6detail11ClampLimitsEENKUlvE_clEvENKUlvE5_clEvEUlfE_St5arrayIPcLy2EELb0EEEviT0_T1_
48,32,conv4,_Z23implicit_convolve_sgemmIffiLi1024ELi5ELi5ELi3ELi3ELi3ELi1ELb0ELb0ELb1EEviiiPKT_iPT0_S2_18kernel_conv_paramsyT1_ffiPKS3_S8_bbii
48,32,relu4,_ZN2at6native29vectorized_elementwise_kernelILi4EZZZNS0_49_GLOBAL__N__a62a4dcd_16_TensorCompare_cu_71e06f4e19launch_clamp_scalarERNS_18TensorIteratorBaseEN3c106ScalarES6_NS0_6detail11ClampLimitsEENKUlvE_clEvENKUlvE5_clEvEUlfE_St5arrayIPcLy2EELb0EEEviT0_T1_
48,32,conv5,_Z23implicit_convolve_sgemmIffiLi1024ELi5ELi5ELi3ELi3ELi3ELi1ELb0ELb0ELb1EEviiiPKT_iPT0_S2_18kernel_conv_paramsyT1_ffiPKS3_S8_bbii
48,32,relu5,_ZN2at6native29vectorized_elementwise_kernelILi4EZZZNS0_49_GLOBAL__N__a62a4dcd_16_TensorCompare_cu_71e06f4e19launch_clamp_scalarERNS_18TensorIteratorBaseEN3c106ScalarES6_NS0_6detail11ClampLimitsEENKUlvE_clEvENKUlvE5_clEvEUlfE_St5arrayIPcLy2EELb0EEEviT0_T1_
48,32,conv6,_Z23implicit_convolve_sgemmIffiLi1024ELi5ELi5ELi3ELi3ELi3ELi1ELb0ELb0ELb1EEviiiPKT_iPT0_S2_18kernel_conv_paramsyT1_ffiPKS3_S8_bbii
48,32,relu6,_ZN2at6native29vectorized_elementwise_kernelILi4EZZZNS0_49_GLOBAL__N__a62a4dcd_16_TensorCompare_cu_71e06f4e19launch_clamp_scalarERNS_18TensorIteratorBaseEN3c106ScalarES6_NS0_6detail11ClampLimitsEENKUlvE_clEvENKUlvE5_clEvEUlfE_St5arrayIPcLy2EELb0EEEviT0_T1_
48,32,global_avg_pool,_ZN2at6native13reduce_kernelILi512ELi1ENS0_8ReduceOpIfNS0_7MeanOpsIffffEEjfLi4ELi4EEEEEvT1_
48,32,fc1,_ZN7cutlass7Kernel2I41cutlass_80_simt_sgemm_64x64_8x5_tn_align1EEvNT_6ParamsE
48,32,fc1,_ZN8cublasLt19splitKreduce_kernelILi32ELi16EiffffLb0EfffLb1ELb1ELb0ELb0EEEvNS_18cublasSplitKParamsIT4_EEPKT2_PKT8_PT7_PT3_PKS2_SF_PKT9_S6_PSG_PvxPS2_PiSL_SL_SF_SF_SF_SF_SF_
48,32,relu7,_ZN2at6native29vectorized_elementwise_kernelILi4EZZZNS0_49_GLOBAL__N__a62a4dcd_16_TensorCompare_cu_71e06f4e19launch_clamp_scalarERNS_18TensorIteratorBaseEN3c106ScalarES6_NS0_6detail11ClampLimitsEENKUlvE_clEvENKUlvE5_clEvEUlfE_St5arrayIPcLy2EELb0EEEviT0_T1_
48,32,fc2,_ZN7cutlass7Kernel2I41cutlass_80_simt_sgemm_64x64_8x5_tn_align1EEvNT_6ParamsE
48,32,fc2,_ZN8cublasLt19splitKreduce_kernelILi32ELi16EiffffLb0EfffLb1ELb1ELb0ELb0EEEvNS_18cublasSplitKParamsIT4_EEPKT2_PKT8_PT7_PT3_PKS2_SF_PKT9_S6_PSG_PvxPS2_PiSL_SL_SF_SF_SF_SF_SF_
48,64,conv1,_Z23implicit_convolve_sgemmIffiLi1024ELi5ELi5ELi3ELi3ELi3ELi1ELb0ELb0ELb1EEviiiPKT_iPT0_S2_18kernel_conv_paramsyT1_ffiPKS3_S8_bbii
48,64,relu1,_ZN2at6native29vectorized_elementwise_kernelILi4EZZZNS0_49_GLOBAL__N__a62a4dcd_16_TensorCompare_cu_71e06f4e19launch_clamp_scalarERNS_18TensorIteratorBaseEN3c106ScalarES6_NS0_6detail11ClampLimitsEENKUlvE_clEvENKUlvE5_clEvEUlfE_St5arrayIPcLy2EELb0EEEviT0_T1_
48,64,maxpool,_ZN2at6native52_GLOBAL__N__71d79c19_19_DilatedMaxPool2d_cu_9872839c21max_pool_forward_nchwIfiEEvT0_PKT_xxxiiiiiiiiiiPS4_Px
48,64,conv2,_ZN5cudnn17winograd_nonfused26winogradForwardData9x9_5x5IffEEvNS0_18WinogradDataParamsIT_T0_EE
48,64,conv2,_ZN5cudnn17winograd_nonfused28winogradForwardFilter9x9_5x5IffEEvNS0_20WinogradFilterParamsIT_T0_EE
48,64,conv2,_Z20magma_sgemmEx_kernelIfffLb0ELb0ELi6ELi3ELi5ELi3ELi3EEviii13BatchedTensoriS0_iS0_iS0_iiiPKT_S3_S1_S1_i18cublasLtEpilogue_tiPKvx
48,64,conv2,_ZN5cudnn17winograd_nonfused28winogradForwardOutput9x9_5x5IffEEvNS0_20WinogradOutputParamsIT_T0_EE
48,64,relu2,_ZN2at6native29vectorized_elementwise_kernelILi4EZZZNS0_49_GLOBAL__N__a62a4dcd_16_TensorCompare_cu_71e06f4e19launch_clamp_scalarERNS_18TensorIteratorBaseEN3c106ScalarES6_NS0_6detail11ClampLimitsEENKUlvE_clEvENKUlvE5_clEvEUlfE_St5arrayIPcLy2EELb0EEEviT0_T1_
48,64,conv3,_Z23implicit_convolve_sgemmIffiLi128ELi5ELi5ELi3ELi3ELi3ELi1ELb0ELb0ELb1EEviiiPKT_iPT0_S2_18kernel_conv_paramsyT1_ffiPKS3_S8_bbii
48,64,relu3,_ZN2at6native29vectorized_elementwise_kernelILi4EZZZNS0_49_GLOBAL__N__a62a4dcd_16_TensorCompare_cu_71e06f4e19launch_clamp_scalarERNS_18TensorIteratorBaseEN3c106ScalarES6_NS0_6detail11ClampLimitsEENKUlvE_clEvENKUlvE5_clEvEUlfE_St5arrayIPcLy2EELb0EEEviT0_T1_
48,64,conv4,_ZN5cudnn3cnn23kern_precompute_indicesILb0EEEvPiiiiii
48,64,conv4,_Z26precomputed_convolve_sgemmIfiLi512ELi6ELi7ELi4ELi3ELi5ELi1ELb0EEviiiPKT_iPS0_S2_18kernel_conv_paramsyT0_ffibbS2_S2_Pi
48,64,relu4,_ZN2at6native29vectorized_elementwise_kernelILi4EZZZNS0_49_GLOBAL__N__a62a4dcd_16_TensorCompare_cu_71e06f4e19launch_clamp_scalarERNS_18TensorIteratorBaseEN3c106ScalarES6_NS0_6detail11ClampLimitsEENKUlvE_clEvENKUlvE5_clEvEUlfE_St5arrayIPcLy2EELb0EEEviT0_T1_
48,64,conv5,_Z23implicit_convolve_sgemmIffiLi1024ELi5ELi5ELi3ELi3ELi3ELi1ELb0ELb0ELb1EEviiiPKT_iPT0_S2_18kernel_conv_paramsyT1_ffiPKS3_S8_bbii
48,64,relu5,_ZN2at6native29vectorized_elementwise_kernelILi4EZZZNS0_49_GLOBAL__N__a62a4dcd_16_TensorCompare_cu_71e06f4e19launch_clamp_scalarERNS_18TensorIteratorBaseEN3c106ScalarES6_NS0_6detail11ClampLimitsEENKUlvE_clEvENKUlvE5_clEvEUlfE_St5arrayIPcLy2EELb0EEEviT0_T1_
48,64,conv6,_Z23implicit_convolve_sgemmIffiLi1024ELi5ELi5ELi3ELi3ELi3ELi1ELb0ELb0ELb1EEviiiPKT_iPT0_S2_18kernel_conv_paramsyT1_ffiPKS3_S8_bbii
48,64,relu6,_ZN2at6native29vectorized_elementwise_kernelILi4EZZZNS0_49_GLOBAL__N__a62a4dcd_16_TensorCompare_cu_71e06f4e19launch_clamp_scalarERNS_18TensorIteratorBaseEN3c106ScalarES6_NS0_6detail11ClampLimitsEENKUlvE_clEvENKUlvE5_clEvEUlfE_St5arrayIPcLy2EELb0EEEviT0_T1_
48,64,global_avg_pool,_ZN2at6native13reduce_kernelILi512ELi1ENS0_8ReduceOpIfNS0_7MeanOpsIffffEEjfLi4ELi4EEEEEvT1_
48,64,fc1,_ZN7cutlass7Kernel2I41cutlass_80_simt_sgemm_64x64_8x5_tn_align1EEvNT_6ParamsE
48,64,fc1,_ZN8cublasLt19splitKreduce_kernelILi32ELi16EiffffLb0EfffLb1ELb1ELb0ELb0EEEvNS_18cublasSplitKParamsIT4_EEPKT2_PKT8_PT7_PT3_PKS2_SF_PKT9_S6_PSG_PvxPS2_PiSL_SL_SF_SF_SF_SF_SF_
48,64,relu7,_ZN2at6native29vectorized_elementwise_kernelILi4EZZZNS0_49_GLOBAL__N__a62a4dcd_16_TensorCompare_cu_71e06f4e19launch_clamp_scalarERNS_18TensorIteratorBaseEN3c106ScalarES6_NS0_6detail11ClampLimitsEENKUlvE_clEvENKUlvE5_clEvEUlfE_St5arrayIPcLy2EELb0EEEviT0_T1_
48,64,fc2,_ZN7cutlass7Kernel2I41cutlass_80_simt_sgemm_64x64_8x5_tn_align1EEvNT_6ParamsE
48,64,fc2,_ZN8cublasLt19splitKreduce_kernelILi32ELi16EiffffLb0EfffLb1ELb1ELb0ELb0EEEvNS_18cublasSplitKParamsIT4_EEPKT2_PKT8_PT7_PT3_PKS2_SF_PKT9_S6_PSG_PvxPS2_PiSL_SL_SF_SF_SF_SF_SF_
48,95,conv1,_Z23implicit_convolve_sgemmIffiLi1024ELi5ELi5ELi3ELi3ELi3ELi1ELb0ELb0ELb1EEviiiPKT_iPT0_S2_18kernel_conv_paramsyT1_ffiPKS3_S8_bbii
48,95,relu1,_ZN2at6native29vectorized_elementwise_kernelILi4EZZZNS0_49_GLOBAL__N__a62a4dcd_16_TensorCompare_cu_71e06f4e19launch_clamp_scalarERNS_18TensorIteratorBaseEN3c106ScalarES6_NS0_6detail11ClampLimitsEENKUlvE_clEvENKUlvE5_clEvEUlfE_St5arrayIPcLy2EELb0EEEviT0_T1_
48,95,maxpool,_ZN2at6native52_GLOBAL__N__71d79c19_19_DilatedMaxPool2d_cu_9872839c21max_pool_forward_nchwIfiEEvT0_PKT_xxxiiiiiiiiiiPS4_Px
48,95,conv2,_ZN5cudnn17winograd_nonfused26winogradForwardData9x9_5x5IffEEvNS0_18WinogradDataParamsIT_T0_EE
48,95,conv2,_ZN5cudnn17winograd_nonfused28winogradForwardFilter9x9_5x5IffEEvNS0_20WinogradFilterParamsIT_T0_EE
48,95,conv2,_Z20magma_sgemmEx_kernelIfffLb0ELb0ELi6ELi3ELi5ELi3ELi3EEviii13BatchedTensoriS0_iS0_iS0_iiiPKT_S3_S1_S1_i18cublasLtEpilogue_tiPKvx
48,95,conv2,_ZN5cudnn17winograd_nonfused28winogradForwardOutput9x9_5x5IffEEvNS0_20WinogradOutputParamsIT_T0_EE
48,95,relu2,_ZN2at6native29vectorized_elementwise_kernelILi4EZZZNS0_49_GLOBAL__N__a62a4dcd_16_TensorCompare_cu_71e06f4e19launch_clamp_scalarERNS_18TensorIteratorBaseEN3c106ScalarES6_NS0_6detail11ClampLimitsEENKUlvE_clEvENKUlvE5_clEvEUlfE_St5arrayIPcLy2EELb0EEEviT0_T1_
48,95,conv3,_Z23implicit_convolve_sgemmIffiLi128ELi5ELi5ELi3ELi3ELi3ELi1ELb0ELb0ELb1EEviiiPKT_iPT0_S2_18kernel_conv_paramsyT1_ffiPKS3_S8_bbii
48,95,relu3,_ZN2at6native29vectorized_elementwise_kernelILi4EZZZNS0_49_GLOBAL__N__a62a4dcd_16_TensorCompare_cu_71e06f4e19launch_clamp_scalarERNS_18TensorIteratorBaseEN3c106ScalarES6_NS0_6detail11ClampLimitsEENKUlvE_clEvENKUlvE5_clEvEUlfE_St5arrayIPcLy2EELb0EEEviT0_T1_
48,95,conv4,_Z23implicit_convolve_sgemmIffiLi1024ELi5ELi5ELi3ELi3ELi3ELi1ELb0ELb0ELb1EEviiiPKT_iPT0_S2_18kernel_conv_paramsyT1_ffiPKS3_S8_bbii
48,95,relu4,_ZN2at6native29vectorized_elementwise_kernelILi4EZZZNS0_49_GLOBAL__N__a62a4dcd_16_TensorCompare_cu_71e06f4e19launch_clamp_scalarERNS_18TensorIteratorBaseEN3c106ScalarES6_NS0_6detail11ClampLimitsEENKUlvE_clEvENKUlvE5_clEvEUlfE_St5arrayIPcLy2EELb0EEEviT0_T1_
48,95,conv5,_Z23implicit_convolve_sgemmIffiLi1024ELi5ELi5ELi3ELi3ELi3ELi1ELb0ELb0ELb1EEviiiPKT_iPT0_S2_18kernel_conv_paramsyT1_ffiPKS3_S8_bbii
48,95,relu5,_ZN2at6native29vectorized_elementwise_kernelILi4EZZZNS0_49_GLOBAL__N__a62a4dcd_16_TensorCompare_cu_71e06f4e19launch_clamp_scalarERNS_18TensorIteratorBaseEN3c106ScalarES6_NS0_6detail11ClampLimitsEENKUlvE_clEvENKUlvE5_clEvEUlfE_St5arrayIPcLy2EELb0EEEviT0_T1_
48,95,conv6,_Z23implicit_convolve_sgemmIffiLi1024ELi5ELi5ELi3ELi3ELi3ELi1ELb0ELb0ELb1EEviiiPKT_iPT0_S2_18kernel_conv_paramsyT1_ffiPKS3_S8_bbii
48,95,relu6,_ZN2at6native29vectorized_elementwise_kernelILi4EZZZNS0_49_GLOBAL__N__a62a4dcd_16_TensorCompare_cu_71e06f4e19launch_clamp_scalarERNS_18TensorIteratorBaseEN3c106ScalarES6_NS0_6detail11ClampLimitsEENKUlvE_clEvENKUlvE5_clEvEUlfE_St5arrayIPcLy2EELb0EEEviT0_T1_
48,95,global_avg_pool,_ZN2at6native13reduce_kernelILi512ELi1ENS0_8ReduceOpIfNS0_7MeanOpsIffffEEjfLi4ELi4EEEEEvT1_
48,95,fc1,_ZN7cutlass7Kernel2I41cutlass_80_simt_sgemm_64x64_8x5_tn_align1EEvNT_6ParamsE
48,95,fc1,_ZN8cublasLt19splitKreduce_kernelILi32ELi16EiffffLb0EfffLb1ELb1ELb0ELb0EEEvNS_18cublasSplitKParamsIT4_EEPKT2_PKT8_PT7_PT3_PKS2_SF_PKT9_S6_PSG_PvxPS2_PiSL_SL_SF_SF_SF_SF_SF_
48,95,relu7,_ZN2at6native29vectorized_elementwise_kernelILi4EZZZNS0_49_GLOBAL__N__a62a4dcd_16_TensorCompare_cu_71e06f4e19launch_clamp_scalarERNS_18TensorIteratorBaseEN3c106ScalarES6_NS0_6detail11ClampLimitsEENKUlvE_clEvENKUlvE5_clEvEUlfE_St5arrayIPcLy2EELb0EEEviT0_T1_
48,95,fc2,_ZN7cutlass7Kernel2I41cutlass_80_simt_sgemm_64x64_8x5_tn_align1EEvNT_6ParamsE
48,95,fc2,_ZN8cublasLt19splitKreduce_kernelILi32ELi16EiffffLb0EfffLb1ELb1ELb0ELb0EEEvNS_18cublasSplitKParamsIT4_EEPKT2_PKT8_PT7_PT3_PKS2_SF_PKT9_S6_PSG_PvxPS2_PiSL_SL_SF_SF_SF_SF_SF_
48,98,conv1,_Z23implicit_convolve_sgemmIffiLi1024ELi5ELi5ELi3ELi3ELi3ELi1ELb0ELb0ELb1EEviiiPKT_iPT0_S2_18kernel_conv_paramsyT1_ffiPKS3_S8_bbii
48,98,relu1,_ZN2at6native29vectorized_elementwise_kernelILi4EZZZNS0_49_GLOBAL__N__a62a4dcd_16_TensorCompare_cu_71e06f4e19launch_clamp_scalarERNS_18TensorIteratorBaseEN3c106ScalarES6_NS0_6detail11ClampLimitsEENKUlvE_clEvENKUlvE5_clEvEUlfE_St5arrayIPcLy2EELb0EEEviT0_T1_
48,98,maxpool,_ZN2at6native52_GLOBAL__N__71d79c19_19_DilatedMaxPool2d_cu_9872839c21max_pool_forward_nchwIfiEEvT0_PKT_xxxiiiiiiiiiiPS4_Px
48,98,conv2,_ZN5cudnn17winograd_nonfused26winogradForwardData9x9_5x5IffEEvNS0_18WinogradDataParamsIT_T0_EE
48,98,conv2,_ZN5cudnn17winograd_nonfused28winogradForwardFilter9x9_5x5IffEEvNS0_20WinogradFilterParamsIT_T0_EE
48,98,conv2,_Z20magma_sgemmEx_kernelIfffLb0ELb0ELi6ELi3ELi5ELi3ELi3EEviii13BatchedTensoriS0_iS0_iS0_iiiPKT_S3_S1_S1_i18cublasLtEpilogue_tiPKvx
48,98,conv2,_ZN5cudnn17winograd_nonfused28winogradForwardOutput9x9_5x5IffEEvNS0_20WinogradOutputParamsIT_T0_EE
48,98,relu2,_ZN2at6native29vectorized_elementwise_kernelILi4EZZZNS0_49_GLOBAL__N__a62a4dcd_16_TensorCompare_cu_71e06f4e19launch_clamp_scalarERNS_18TensorIteratorBaseEN3c106ScalarES6_NS0_6detail11ClampLimitsEENKUlvE_clEvENKUlvE5_clEvEUlfE_St5arrayIPcLy2EELb0EEEviT0_T1_
48,98,conv3,_Z23implicit_convolve_sgemmIffiLi1024ELi5ELi5ELi3ELi3ELi3ELi1ELb0ELb0ELb1EEviiiPKT_iPT0_S2_18kernel_conv_paramsyT1_ffiPKS3_S8_bbii
48,98,relu3,_ZN2at6native29vectorized_elementwise_kernelILi4EZZZNS0_49_GLOBAL__N__a62a4dcd_16_TensorCompare_cu_71e06f4e19launch_clamp_scalarERNS_18TensorIteratorBaseEN3c106ScalarES6_NS0_6detail11ClampLimitsEENKUlvE_clEvENKUlvE5_clEvEUlfE_St5arrayIPcLy2EELb0EEEviT0_T1_
48,98,conv4,_Z23implicit_convolve_sgemmIffiLi1024ELi5ELi5ELi3ELi3ELi3ELi1ELb0ELb0ELb1EEviiiPKT_iPT0_S2_18kernel_conv_paramsyT1_ffiPKS3_S8_bbii
48,98,relu4,_ZN2at6native29vectorized_elementwise_kernelILi4EZZZNS0_49_GLOBAL__N__a62a4dcd_16_TensorCompare_cu_71e06f4e19launch_clamp_scalarERNS_18TensorIteratorBaseEN3c106ScalarES6_NS0_6detail11ClampLimitsEENKUlvE_clEvENKUlvE5_clEvEUlfE_St5arrayIPcLy2EELb0EEEviT0_T1_
48,98,conv5,_Z23implicit_convolve_sgemmIffiLi1024ELi5ELi5ELi3ELi3ELi3ELi1ELb0ELb0ELb1EEviiiPKT_iPT0_S2_18kernel_conv_paramsyT1_ffiPKS3_S8_bbii
48,98,relu5,_ZN2at6native29vectorized_elementwise_kernelILi4EZZZNS0_49_GLOBAL__N__a62a4dcd_16_TensorCompare_cu_71e06f4e19launch_clamp_scalarERNS_18TensorIteratorBaseEN3c106ScalarES6_NS0_6detail11ClampLimitsEENKUlvE_clEvENKUlvE5_clEvEUlfE_St5arrayIPcLy2EELb0EEEviT0_T1_
48,98,conv6,_Z23implicit_convolve_sgemmIffiLi1024ELi5ELi5ELi3ELi3ELi3ELi1ELb0ELb0ELb1EEviiiPKT_iPT0_S2_18kernel_conv_paramsyT1_ffiPKS3_S8_bbii
48,98,relu6,_ZN2at6native29vectorized_elementwise_kernelILi4EZZZNS0_49_GLOBAL__N__a62a4dcd_16_TensorCompare_cu_71e06f4e19launch_clamp_scalarERNS_18TensorIteratorBaseEN3c106ScalarES6_NS0_6detail11ClampLimitsEENKUlvE_clEvENKUlvE5_clEvEUlfE_St5arrayIPcLy2EELb0EEEviT0_T1_
48,98,global_avg_pool,_ZN2at6native13reduce_kernelILi512ELi1ENS0_8ReduceOpIfNS0_7MeanOpsIffffEEjfLi4ELi4EEEEEvT1_
48,98,fc1,_ZN7cutlass7Kernel2I41cutlass_80_simt_sgemm_64x64_8x5_tn_align1EEvNT_6ParamsE
48,98,fc1,_ZN8cublasLt19splitKreduce_kernelILi32ELi16EiffffLb0EfffLb1ELb1ELb0ELb0EEEvNS_18cublasSplitKParamsIT4_EEPKT2_PKT8_PT7_PT3_PKS2_SF_PKT9_S6_PSG_PvxPS2_PiSL_SL_SF_SF_SF_SF_SF_
48,98,relu7,_ZN2at6native29vectorized_elementwise_kernelILi4EZZZNS0_49_GLOBAL__N__a62a4dcd_16_TensorCompare_cu_71e06f4e19launch_clamp_scalarERNS_18TensorIteratorBaseEN3c106ScalarES6_NS0_6detail11ClampLimitsEENKUlvE_clEvENKUlvE5_clEvEUlfE_St5arrayIPcLy2EELb0EEEviT0_T1_
48,98,fc2,_ZN7cutlass7Kernel2I41cutlass_80_simt_sgemm_64x64_8x5_tn_align1EEvNT_6ParamsE
48,98,fc2,_ZN8cublasLt19splitKreduce_kernelILi32ELi16EiffffLb0EfffLb1ELb1ELb0ELb0EEEvNS_18cublasSplitKParamsIT4_EEPKT2_PKT8_PT7_PT3_PKS2_SF_PKT9_S6_PSG_PvxPS2_PiSL_SL_SF_SF_SF_SF_SF_
48,128,conv1,_Z23implicit_convolve_sgemmIffiLi1024ELi5ELi5ELi3ELi3ELi3ELi1ELb0ELb0ELb1EEviiiPKT_iPT0_S2_18kernel_conv_paramsyT1_ffiPKS3_S8_bbii
48,128,relu1,_ZN2at6native29vectorized_elementwise_kernelILi4EZZZNS0_49_GLOBAL__N__a62a4dcd_16_TensorCompare_cu_71e06f4e19launch_clamp_scalarERNS_18TensorIteratorBaseEN3c106ScalarES6_NS0_6detail11ClampLimitsEENKUlvE_clEvENKUlvE5_clEvEUlfE_St5arrayIPcLy2EELb0EEEviT0_T1_
48,128,maxpool,_ZN2at6native52_GLOBAL__N__71d79c19_19_DilatedMaxPool2d_cu_9872839c21max_pool_forward_nchwIfiEEvT0_PKT_xxxiiiiiiiiiiPS4_Px
48,128,conv2,_ZN5cudnn17winograd_nonfused26winogradForwardData9x9_5x5IffEEvNS0_18WinogradDataParamsIT_T0_EE
48,128,conv2,_ZN5cudnn17winograd_nonfused28winogradForwardFilter9x9_5x5IffEEvNS0_20WinogradFilterParamsIT_T0_EE
48,128,conv2,_Z20magma_sgemmEx_kernelIfffLb0ELb0ELi6ELi3ELi5ELi3ELi3EEviii13BatchedTensoriS0_iS0_iS0_iiiPKT_S3_S1_S1_i18cublasLtEpilogue_tiPKvx
48,128,conv2,_ZN5cudnn17winograd_nonfused28winogradForwardOutput9x9_5x5IffEEvNS0_20WinogradOutputParamsIT_T0_EE
48,128,relu2,_ZN2at6native29vectorized_elementwise_kernelILi4EZZZNS0_49_GLOBAL__N__a62a4dcd_16_TensorCompare_cu_71e06f4e19launch_clamp_scalarERNS_18TensorIteratorBaseEN3c106ScalarES6_NS0_6detail11ClampLimitsEENKUlvE_clEvENKUlvE5_clEvEUlfE_St5arrayIPcLy2EELb0EEEviT0_T1_
48,128,conv3,_Z23implicit_convolve_sgemmIffiLi1024ELi5ELi5ELi3ELi3ELi3ELi1ELb0ELb0ELb1EEviiiPKT_iPT0_S2_18kernel_conv_paramsyT1_ffiPKS3_S8_bbii
48,128,relu3,_ZN2at6native29vectorized_elementwise_kernelILi4EZZZNS0_49_GLOBAL__N__a62a4dcd_16_TensorCompare_cu_71e06f4e19launch_clamp_scalarERNS_18TensorIteratorBaseEN3c106ScalarES6_NS0_6detail11ClampLimitsEENKUlvE_clEvENKUlvE5_clEvEUlfE_St5arrayIPcLy2EELb0EEEviT0_T1_
48,128,conv4,_Z23implicit_convolve_sgemmIffiLi1024ELi5ELi5ELi3ELi3ELi3ELi1ELb0ELb0ELb1EEviiiPKT_iPT0_S2_18kernel_conv_paramsyT1_ffiPKS3_S8_bbii
48,128,relu4,_ZN2at6native29vectorized_elementwise_kernelILi4EZZZNS0_49_GLOBAL__N__a62a4dcd_16_TensorCompare_cu_71e06f4e19launch_clamp_scalarERNS_18TensorIteratorBaseEN3c106ScalarES6_NS0_6detail11ClampLimitsEENKUlvE_clEvENKUlvE5_clEvEUlfE_St5arrayIPcLy2EELb0EEEviT0_T1_
48,128,conv5,_Z23implicit_convolve_sgemmIffiLi1024ELi5ELi5ELi3ELi3ELi3ELi1ELb0ELb0ELb1EEviiiPKT_iPT0_S2_18kernel_conv_paramsyT1_ffiPKS3_S8_bbii
48,128,relu5,_ZN2at6native29vectorized_elementwise_kernelILi4EZZZNS0_49_GLOBAL__N__a62a4dcd_16_TensorCompare_cu_71e06f4e19launch_clamp_scalarERNS_18TensorIteratorBaseEN3c106ScalarES6_NS0_6detail11ClampLimitsEENKUlvE_clEvENKUlvE5_clEvEUlfE_St5arrayIPcLy2EELb0EEEviT0_T1_
48,128,conv6,_Z23implicit_convolve_sgemmIffiLi512ELi6ELi8ELi3ELi3ELi5ELi1ELb0ELb0ELb1EEviiiPKT_iPT0_S2_18kernel_conv_paramsyT1_ffiPKS3_S8_bbii
48,128,relu6,_ZN2at6native29vectorized_elementwise_kernelILi4EZZZNS0_49_GLOBAL__N__a62a4dcd_16_TensorCompare_cu_71e06f4e19launch_clamp_scalarERNS_18TensorIteratorBaseEN3c106ScalarES6_NS0_6detail11ClampLimitsEENKUlvE_clEvENKUlvE5_clEvEUlfE_St5arrayIPcLy2EELb0EEEviT0_T1_
48,128,global_avg_pool,_ZN2at6native13reduce_kernelILi512ELi1ENS0_8ReduceOpIfNS0_7MeanOpsIffffEEjfLi4ELi4EEEEEvT1_
48,128,fc1,_ZN7cutlass7Kernel2I41cutlass_80_simt_sgemm_64x64_8x5_tn_align1EEvNT_6ParamsE
48,128,fc1,_ZN8cublasLt19splitKreduce_kernelILi32ELi16EiffffLb0EfffLb1ELb1ELb0ELb0EEEvNS_18cublasSplitKParamsIT4_EEPKT2_PKT8_PT7_PT3_PKS2_SF_PKT9_S6_PSG_PvxPS2_PiSL_SL_SF_SF_SF_SF_SF_
48,128,relu7,_ZN2at6native29vectorized_elementwise_kernelILi4EZZZNS0_49_GLOBAL__N__a62a4dcd_16_TensorCompare_cu_71e06f4e19launch_clamp_scalarERNS_18TensorIteratorBaseEN3c106ScalarES6_NS0_6detail11ClampLimitsEENKUlvE_clEvENKUlvE5_clEvEUlfE_St5arrayIPcLy2EELb0EEEviT0_T1_
48,128,fc2,_ZN7cutlass7Kernel2I41cutlass_80_simt_sgemm_64x64_8x5_tn_align1EEvNT_6ParamsE
48,128,fc2,_ZN8cublasLt19splitKreduce_kernelILi32ELi16EiffffLb0EfffLb1ELb1ELb0ELb0EEEvNS_18cublasSplitKParamsIT4_EEPKT2_PKT8_PT7_PT3_PKS2_SF_PKT9_S6_PSG_PvxPS2_PiSL_SL_SF_SF_SF_SF_SF_
48,167,conv1,_Z23implicit_convolve_sgemmIffiLi1024ELi5ELi5ELi3ELi3ELi3ELi1ELb0ELb0ELb1EEviiiPKT_iPT0_S2_18kernel_conv_paramsyT1_ffiPKS3_S8_bbii
48,167,relu1,_ZN2at6native29vectorized_elementwise_kernelILi4EZZZNS0_49_GLOBAL__N__a62a4dcd_16_TensorCompare_cu_71e06f4e19launch_clamp_scalarERNS_18TensorIteratorBaseEN3c106ScalarES6_NS0_6detail11ClampLimitsEENKUlvE_clEvENKUlvE5_clEvEUlfE_St5arrayIPcLy2EELb0EEEviT0_T1_
48,167,maxpool,_ZN2at6native52_GLOBAL__N__71d79c19_19_DilatedMaxPool2d_cu_9872839c21max_pool_forward_nchwIfiEEvT0_PKT_xxxiiiiiiiiiiPS4_Px
48,167,conv2,_Z11flip_filterIffEvPT0_PKT_iiii
48,167,conv2,_Z15fft2d_r2c_16x16IfEvP6float2PKT_iiiiiiii
48,167,conv2,_Z15fft2d_r2c_16x16IfEvP6float2PKT_iiiiiiii
48,167,conv2,_ZN7cutlass7Kernel2I43cutlass_100_simt_cgemm_64x32_16x4_tn_align1EEvNT_6ParamsE
48,167,conv2,_Z15fft2d_c2r_16x16IfLb0EEvPT_P6float2iiiiiiiiiiffi21cudnnActivationStructS1_S1_
48,167,relu2,_ZN2at6native29vectorized_elementwise_kernelILi4EZZZNS0_49_GLOBAL__N__a62a4dcd_16_TensorCompare_cu_71e06f4e19launch_clamp_scalarERNS_18TensorIteratorBaseEN3c106ScalarES6_NS0_6detail11ClampLimitsEENKUlvE_clEvENKUlvE5_clEvEUlfE_St5arrayIPcLy2EELb0EEEviT0_T1_
48,167,conv3,_Z23implicit_convolve_sgemmIffiLi128ELi5ELi5ELi3ELi3ELi3ELi1ELb0ELb0ELb1EEviiiPKT_iPT0_S2_18kernel_conv_paramsyT1_ffiPKS3_S8_bbii
48,167,relu3,_ZN2at6native29vectorized_elementwise_kernelILi4EZZZNS0_49_GLOBAL__N__a62a4dcd_16_TensorCompare_cu_71e06f4e19launch_clamp_scalarERNS_18TensorIteratorBaseEN3c106ScalarES6_NS0_6detail11ClampLimitsEENKUlvE_clEvENKUlvE5_clEvEUlfE_St5arrayIPcLy2EELb0EEEviT0_T1_
48,167,conv4,_Z23implicit_convolve_sgemmIffiLi1024ELi5ELi5ELi3ELi3ELi3ELi1ELb0ELb0ELb1EEviiiPKT_iPT0_S2_18kernel_conv_paramsyT1_ffiPKS3_S8_bbii
48,167,relu4,_ZN2at6native29vectorized_elementwise_kernelILi4EZZZNS0_49_GLOBAL__N__a62a4dcd_16_TensorCompare_cu_71e06f4e19launch_clamp_scalarERNS_18TensorIteratorBaseEN3c106ScalarES6_NS0_6detail11ClampLimitsEENKUlvE_clEvENKUlvE5_clEvEUlfE_St5arrayIPcLy2EELb0EEEviT0_T1_
48,167,conv5,_Z23implicit_convolve_sgemmIffiLi128ELi5ELi5ELi3ELi3ELi3ELi1ELb0ELb0ELb1EEviiiPKT_iPT0_S2_18kernel_conv_paramsyT1_ffiPKS3_S8_bbii
48,167,relu5,_ZN2at6native29vectorized_elementwise_kernelILi4EZZZNS0_49_GLOBAL__N__a62a4dcd_16_TensorCompare_cu_71e06f4e19launch_clamp_scalarERNS_18TensorIteratorBaseEN3c106ScalarES6_NS0_6detail11ClampLimitsEENKUlvE_clEvENKUlvE5_clEvEUlfE_St5arrayIPcLy2EELb0EEEviT0_T1_
48,167,conv6,_Z23implicit_convolve_sgemmIffiLi1024ELi5ELi5ELi3ELi3ELi3ELi1ELb0ELb0ELb1EEviiiPKT_iPT0_S2_18kernel_conv_paramsyT1_ffiPKS3_S8_bbii
48,167,relu6,_ZN2at6native29vectorized_elementwise_kernelILi4EZZZNS0_49_GLOBAL__N__a62a4dcd_16_TensorCompare_cu_71e06f4e19launch_clamp_scalarERNS_18TensorIteratorBaseEN3c106ScalarES6_NS0_6detail11ClampLimitsEENKUlvE_clEvENKUlvE5_clEvEUlfE_St5arrayIPcLy2EELb0EEEviT0_T1_
48,167,global_avg_pool,_ZN2at6native13reduce_kernelILi512ELi1ENS0_8ReduceOpIfNS0_7MeanOpsIffffEEjfLi4ELi4EEEEEvT1_
48,167,fc1,_ZN7cutlass7Kernel2I41cutlass_80_simt_sgemm_64x64_8x5_tn_align1EEvNT_6ParamsE
48,167,fc1,_ZN8cublasLt19splitKreduce_kernelILi32ELi16EiffffLb0EfffLb1ELb1ELb0ELb0EEEvNS_18cublasSplitKParamsIT4_EEPKT2_PKT8_PT7_PT3_PKS2_SF_PKT9_S6_PSG_PvxPS2_PiSL_SL_SF_SF_SF_SF_SF_
48,167,relu7,_ZN2at6native29vectorized_elementwise_kernelILi4EZZZNS0_49_GLOBAL__N__a62a4dcd_16_TensorCompare_cu_71e06f4e19launch_clamp_scalarERNS_18TensorIteratorBaseEN3c106ScalarES6_NS0_6detail11ClampLimitsEENKUlvE_clEvENKUlvE5_clEvEUlfE_St5arrayIPcLy2EELb0EEEviT0_T1_
48,167,fc2,_ZN7cutlass7Kernel2I41cutlass_80_simt_sgemm_64x64_8x5_tn_align1EEvNT_6ParamsE
48,167,fc2,_ZN8cublasLt19splitKreduce_kernelILi32ELi16EiffffLb0EfffLb1ELb1ELb0ELb0EEEvNS_18cublasSplitKParamsIT4_EEPKT2_PKT8_PT7_PT3_PKS2_SF_PKT9_S6_PSG_PvxPS2_PiSL_SL_SF_SF_SF_SF_SF_
48,256,conv1,_Z23implicit_convolve_sgemmIffiLi1024ELi5ELi5ELi3ELi3ELi3ELi1ELb0ELb0ELb1EEviiiPKT_iPT0_S2_18kernel_conv_paramsyT1_ffiPKS3_S8_bbii
48,256,relu1,_ZN2at6native29vectorized_elementwise_kernelILi4EZZZNS0_49_GLOBAL__N__a62a4dcd_16_TensorCompare_cu_71e06f4e19launch_clamp_scalarERNS_18TensorIteratorBaseEN3c106ScalarES6_NS0_6detail11ClampLimitsEENKUlvE_clEvENKUlvE5_clEvEUlfE_St5arrayIPcLy2EELb0EEEviT0_T1_
48,256,maxpool,_ZN2at6native52_GLOBAL__N__71d79c19_19_DilatedMaxPool2d_cu_9872839c21max_pool_forward_nchwIfiEEvT0_PKT_xxxiiiiiiiiiiPS4_Px
48,256,conv2,_Z11flip_filterIffEvPT0_PKT_iiii
48,256,conv2,_Z15fft2d_r2c_16x16IfEvP6float2PKT_iiiiiiii
48,256,conv2,_Z15fft2d_r2c_16x16IfEvP6float2PKT_iiiiiiii
48,256,conv2,_ZN7cutlass7Kernel2I43cutlass_100_simt_cgemm_64x32_16x4_tn_align1EEvNT_6ParamsE
48,256,conv2,_Z15fft2d_c2r_16x16IfLb0EEvPT_P6float2iiiiiiiiiiffi21cudnnActivationStructS1_S1_
48,256,relu2,_ZN2at6native29vectorized_elementwise_kernelILi4EZZZNS0_49_GLOBAL__N__a62a4dcd_16_TensorCompare_cu_71e06f4e19launch_clamp_scalarERNS_18TensorIteratorBaseEN3c106ScalarES6_NS0_6detail11ClampLimitsEENKUlvE_clEvENKUlvE5_clEvEUlfE_St5arrayIPcLy2EELb0EEEviT0_T1_
48,256,conv3,_Z23implicit_convolve_sgemmIffiLi128ELi5ELi5ELi3ELi3ELi3ELi1ELb0ELb0ELb1EEviiiPKT_iPT0_S2_18kernel_conv_paramsyT1_ffiPKS3_S8_bbii
48,256,relu3,_ZN2at6native29vectorized_elementwise_kernelILi4EZZZNS0_49_GLOBAL__N__a62a4dcd_16_TensorCompare_cu_71e06f4e19launch_clamp_scalarERNS_18TensorIteratorBaseEN3c106ScalarES6_NS0_6detail11ClampLimitsEENKUlvE_clEvENKUlvE5_clEvEUlfE_St5arrayIPcLy2EELb0EEEviT0_T1_
48,256,conv4,_Z23implicit_convolve_sgemmIffiLi1024ELi5ELi5ELi3ELi3ELi3ELi1ELb0ELb0ELb1EEviiiPKT_iPT0_S2_18kernel_conv_paramsyT1_ffiPKS3_S8_bbii
48,256,relu4,_ZN2at6native29vectorized_elementwise_kernelILi4EZZZNS0_49_GLOBAL__N__a62a4dcd_16_TensorCompare_cu_71e06f4e19launch_clamp_scalarERNS_18TensorIteratorBaseEN3c106ScalarES6_NS0_6detail11ClampLimitsEENKUlvE_clEvENKUlvE5_clEvEUlfE_St5arrayIPcLy2EELb0EEEviT0_T1_
48,256,conv5,_Z23implicit_convolve_sgemmIffiLi128ELi5ELi5ELi3ELi3ELi3ELi1ELb0ELb0ELb1EEviiiPKT_iPT0_S2_18kernel_conv_paramsyT1_ffiPKS3_S8_bbii
48,256,relu5,_ZN2at6native29vectorized_elementwise_kernelILi4EZZZNS0_49_GLOBAL__N__a62a4dcd_16_TensorCompare_cu_71e06f4e19launch_clamp_scalarERNS_18TensorIteratorBaseEN3c106ScalarES6_NS0_6detail11ClampLimitsEENKUlvE_clEvENKUlvE5_clEvEUlfE_St5arrayIPcLy2EELb0EEEviT0_T1_
48,256,conv6,_Z23implicit_convolve_sgemmIffiLi512ELi6ELi8ELi3ELi3ELi5ELi1ELb0ELb0ELb1EEviiiPKT_iPT0_S2_18kernel_conv_paramsyT1_ffiPKS3_S8_bbii
48,256,relu6,_ZN2at6native29vectorized_elementwise_kernelILi4EZZZNS0_49_GLOBAL__N__a62a4dcd_16_TensorCompare_cu_71e06f4e19launch_clamp_scalarERNS_18TensorIteratorBaseEN3c106ScalarES6_NS0_6detail11ClampLimitsEENKUlvE_clEvENKUlvE5_clEvEUlfE_St5arrayIPcLy2EELb0EEEviT0_T1_
48,256,global_avg_pool,_ZN2at6native13reduce_kernelILi512ELi1ENS0_8ReduceOpIfNS0_7MeanOpsIffffEEjfLi4ELi4EEEEEvT1_
48,256,fc1,_ZN7cutlass7Kernel2I41cutlass_80_simt_sgemm_64x64_8x5_tn_align1EEvNT_6ParamsE
48,256,fc1,_ZN8cublasLt19splitKreduce_kernelILi32ELi16EiffffLb0EfffLb1ELb1ELb0ELb0EEEvNS_18cublasSplitKParamsIT4_EEPKT2_PKT8_PT7_PT3_PKS2_SF_PKT9_S6_PSG_PvxPS2_PiSL_SL_SF_SF_SF_SF_SF_
48,256,relu7,_ZN2at6native29vectorized_elementwise_kernelILi4EZZZNS0_49_GLOBAL__N__a62a4dcd_16_TensorCompare_cu_71e06f4e19launch_clamp_scalarERNS_18TensorIteratorBaseEN3c106ScalarES6_NS0_6detail11ClampLimitsEENKUlvE_clEvENKUlvE5_clEvEUlfE_St5arrayIPcLy2EELb0EEEviT0_T1_
48,256,fc2,_ZN7cutlass7Kernel2I41cutlass_80_simt_sgemm_64x64_8x5_tn_align1EEvNT_6ParamsE
48,256,fc2,_ZN8cublasLt19splitKreduce_kernelILi32ELi16EiffffLb0EfffLb1ELb1ELb0ELb0EEEvNS_18cublasSplitKParamsIT4_EEPKT2_PKT8_PT7_PT3_PKS2_SF_PKT9_S6_PSG_PvxPS2_PiSL_SL_SF_SF_SF_SF_SF_
64,1,conv1,_Z23implicit_convolve_sgemmIffiLi1024ELi5ELi5ELi3ELi3ELi3ELi1ELb0ELb0ELb1EEviiiPKT_iPT0_S2_18kernel_conv_paramsyT1_ffiPKS3_S8_bbii
64,1,relu1,_ZN2at6native29vectorized_elementwise_kernelILi4EZZZNS0_49_GLOBAL__N__a62a4dcd_16_TensorCompare_cu_71e06f4e19launch_clamp_scalarERNS_18TensorIteratorBaseEN3c106ScalarES6_NS0_6detail11ClampLimitsEENKUlvE_clEvENKUlvE5_clEvEUlfE_St5arrayIPcLy2EELb0EEEviT0_T1_
64,1,maxpool,_ZN2at6native52_GLOBAL__N__71d79c19_19_DilatedMaxPool2d_cu_9872839c21max_pool_forward_nchwIfiEEvT0_PKT_xxxiiiiiiiiiiPS4_Px
64,1,conv2,_ZN5cudnn17winograd_nonfused26winogradForwardData9x9_5x5IffEEvNS0_18WinogradDataParamsIT_T0_EE
64,1,conv2,_ZN5cudnn17winograd_nonfused28winogradForwardFilter9x9_5x5IffEEvNS0_20WinogradFilterParamsIT_T0_EE
64,1,conv2,_Z20magma_sgemmEx_kernelIfffLb0ELb0ELi6ELi3ELi5ELi3ELi3EEviii13BatchedTensoriS0_iS0_iS0_iiiPKT_S3_S1_S1_i18cublasLtEpilogue_tiPKvx
64,1,conv2,_ZN5cudnn17winograd_nonfused28winogradForwardOutput9x9_5x5IffEEvNS0_20WinogradOutputParamsIT_T0_EE
64,1,relu2,_ZN2at6native29vectorized_elementwise_kernelILi4EZZZNS0_49_GLOBAL__N__a62a4dcd_16_TensorCompare_cu_71e06f4e19launch_clamp_scalarERNS_18TensorIteratorBaseEN3c106ScalarES6_NS0_6detail11ClampLimitsEENKUlvE_clEvENKUlvE5_clEvEUlfE_St5arrayIPcLy2EELb0EEEviT0_T1_
64,1,conv3,_Z23implicit_convolve_sgemmIffiLi1024ELi5ELi5ELi3ELi3ELi3ELi1ELb0ELb0ELb1EEviiiPKT_iPT0_S2_18kernel_conv_paramsyT1_ffiPKS3_S8_bbii
64,1,relu3,_ZN2at6native29vectorized_elementwise_kernelILi4EZZZNS0_49_GLOBAL__N__a62a4dcd_16_TensorCompare_cu_71e06f4e19launch_clamp_scalarERNS_18TensorIteratorBaseEN3c106ScalarES6_NS0_6detail11ClampLimitsEENKUlvE_clEvENKUlvE5_clEvEUlfE_St5arrayIPcLy2EELb0EEEviT0_T1_
64,1,conv4,_Z23implicit_convolve_sgemmIffiLi1024ELi5ELi5ELi3ELi3ELi3ELi1ELb0ELb0ELb1EEviiiPKT_iPT0_S2_18kernel_conv_paramsyT1_ffiPKS3_S8_bbii
64,1,relu4,_ZN2at6native29vectorized_elementwise_kernelILi4EZZZNS0_49_GLOBAL__N__a62a4dcd_16_TensorCompare_cu_71e06f4e19launch_clamp_scalarERNS_18TensorIteratorBaseEN3c106ScalarES6_NS0_6detail11ClampLimitsEENKUlvE_clEvENKUlvE5_clEvEUlfE_St5arrayIPcLy2EELb0EEEviT0_T1_
64,1,conv5,_Z23implicit_convolve_sgemmIffiLi1024ELi5ELi5ELi3ELi3ELi3ELi1ELb0ELb0ELb1EEviiiPKT_iPT0_S2_18kernel_conv_paramsyT1_ffiPKS3_S8_bbii
64,1,relu5,_ZN2at6native29vectorized_elementwise_kernelILi4EZZZNS0_49_GLOBAL__N__a62a4dcd_16_TensorCompare_cu_71e06f4e19launch_clamp_scalarERNS_18TensorIteratorBaseEN3c106ScalarES6_NS0_6detail11ClampLimitsEENKUlvE_clEvENKUlvE5_clEvEUlfE_St5arrayIPcLy2EELb0EEEviT0_T1_
64,1,conv6,_Z23implicit_convolve_sgemmIffiLi1024ELi5ELi5ELi3ELi3ELi3ELi1ELb0ELb0ELb1EEviiiPKT_iPT0_S2_18kernel_conv_paramsyT1_ffiPKS3_S8_bbii
64,1,relu6,_ZN2at6native29vectorized_elementwise_kernelILi4EZZZNS0_49_GLOBAL__N__a62a4dcd_16_TensorCompare_cu_71e06f4e19launch_clamp_scalarERNS_18TensorIteratorBaseEN3c106ScalarES6_NS0_6detail11ClampLimitsEENKUlvE_clEvENKUlvE5_clEvEUlfE_St5arrayIPcLy2EELb0EEEviT0_T1_
64,1,global_avg_pool,_ZN2at6native13reduce_kernelILi512ELi1ENS0_8ReduceOpIfNS0_7MeanOpsIffffEEjfLi4ELi4EEEEEvT1_
64,1,fc1,_ZN8internal5gemvx6kernelIiiffffLb0ELb1ELb1ELb0ELi7ELb0E18cublasGemvParamsExIi30cublasGemvTensorStridedBatchedIKfES5_S3_IfEfEEENSt9enable_ifIXntT5_EvE4typeET11_
64,1,relu7,_ZN2at6native29vectorized_elementwise_kernelILi4EZZZNS0_49_GLOBAL__N__a62a4dcd_16_TensorCompare_cu_71e06f4e19launch_clamp_scalarERNS_18TensorIteratorBaseEN3c106ScalarES6_NS0_6detail11ClampLimitsEENKUlvE_clEvENKUlvE5_clEvEUlfE_St5arrayIPcLy2EELb0EEEviT0_T1_
64,1,fc2,_ZN8internal5gemvx6kernelIiiffffLb0ELb1ELb1ELb0ELi7ELb0E18cublasGemvParamsExIi30cublasGemvTensorStridedBatchedIKfES5_S3_IfEfEEENSt9enable_ifIXntT5_EvE4typeET11_
64,2,conv1,_Z23implicit_convolve_sgemmIffiLi1024ELi5ELi5ELi3ELi3ELi3ELi1ELb0ELb0ELb1EEviiiPKT_iPT0_S2_18kernel_conv_paramsyT1_ffiPKS3_S8_bbii
64,2,relu1,_ZN2at6native29vectorized_elementwise_kernelILi4EZZZNS0_49_GLOBAL__N__a62a4dcd_16_TensorCompare_cu_71e06f4e19launch_clamp_scalarERNS_18TensorIteratorBaseEN3c106ScalarES6_NS0_6detail11ClampLimitsEENKUlvE_clEvENKUlvE5_clEvEUlfE_St5arrayIPcLy2EELb0EEEviT0_T1_
64,2,maxpool,_ZN2at6native52_GLOBAL__N__71d79c19_19_DilatedMaxPool2d_cu_9872839c21max_pool_forward_nchwIfiEEvT0_PKT_xxxiiiiiiiiiiPS4_Px
64,2,conv2,_ZN5cudnn17winograd_nonfused26winogradForwardData9x9_5x5IffEEvNS0_18WinogradDataParamsIT_T0_EE
64,2,conv2,_ZN5cudnn17winograd_nonfused28winogradForwardFilter9x9_5x5IffEEvNS0_20WinogradFilterParamsIT_T0_EE
64,2,conv2,_Z20magma_sgemmEx_kernelIfffLb0ELb0ELi6ELi3ELi5ELi3ELi3EEviii13BatchedTensoriS0_iS0_iS0_iiiPKT_S3_S1_S1_i18cublasLtEpilogue_tiPKvx
64,2,conv2,_ZN5cudnn17winograd_nonfused28winogradForwardOutput9x9_5x5IffEEvNS0_20WinogradOutputParamsIT_T0_EE
64,2,relu2,_ZN2at6native29vectorized_elementwise_kernelILi4EZZZNS0_49_GLOBAL__N__a62a4dcd_16_TensorCompare_cu_71e06f4e19launch_clamp_scalarERNS_18TensorIteratorBaseEN3c106ScalarES6_NS0_6detail11ClampLimitsEENKUlvE_clEvENKUlvE5_clEvEUlfE_St5arrayIPcLy2EELb0EEEviT0_T1_
64,2,conv3,_Z23implicit_convolve_sgemmIffiLi1024ELi5ELi5ELi3ELi3ELi3ELi1ELb0ELb0ELb1EEviiiPKT_iPT0_S2_18kernel_conv_paramsyT1_ffiPKS3_S8_bbii
64,2,relu3,_ZN2at6native29vectorized_elementwise_kernelILi4EZZZNS0_49_GLOBAL__N__a62a4dcd_16_TensorCompare_cu_71e06f4e19launch_clamp_scalarERNS_18TensorIteratorBaseEN3c106ScalarES6_NS0_6detail11ClampLimitsEENKUlvE_clEvENKUlvE5_clEvEUlfE_St5arrayIPcLy2EELb0EEEviT0_T1_
64,2,conv4,_Z23implicit_convolve_sgemmIffiLi1024ELi5ELi5ELi3ELi3ELi3ELi1ELb0ELb0ELb1EEviiiPKT_iPT0_S2_18kernel_conv_paramsyT1_ffiPKS3_S8_bbii
64,2,relu4,_ZN2at6native29vectorized_elementwise_kernelILi4EZZZNS0_49_GLOBAL__N__a62a4dcd_16_TensorCompare_cu_71e06f4e19launch_clamp_scalarERNS_18TensorIteratorBaseEN3c106ScalarES6_NS0_6detail11ClampLimitsEENKUlvE_clEvENKUlvE5_clEvEUlfE_St5arrayIPcLy2EELb0EEEviT0_T1_
64,2,conv5,_Z23implicit_convolve_sgemmIffiLi1024ELi5ELi5ELi3ELi3ELi3ELi1ELb0ELb0ELb1EEviiiPKT_iPT0_S2_18kernel_conv_paramsyT1_ffiPKS3_S8_bbii
64,2,relu5,_ZN2at6native29vectorized_elementwise_kernelILi4EZZZNS0_49_GLOBAL__N__a62a4dcd_16_TensorCompare_cu_71e06f4e19launch_clamp_scalarERNS_18TensorIteratorBaseEN3c106ScalarES6_NS0_6detail11ClampLimitsEENKUlvE_clEvENKUlvE5_clEvEUlfE_St5arrayIPcLy2EELb0EEEviT0_T1_
64,2,conv6,_Z23implicit_convolve_sgemmIffiLi1024ELi5ELi5ELi3ELi3ELi3ELi1ELb0ELb0ELb1EEviiiPKT_iPT0_S2_18kernel_conv_paramsyT1_ffiPKS3_S8_bbii
64,2,relu6,_ZN2at6native29vectorized_elementwise_kernelILi4EZZZNS0_49_GLOBAL__N__a62a4dcd_16_TensorCompare_cu_71e06f4e19launch_clamp_scalarERNS_18TensorIteratorBaseEN3c106ScalarES6_NS0_6detail11ClampLimitsEENKUlvE_clEvENKUlvE5_clEvEUlfE_St5arrayIPcLy2EELb0EEEviT0_T1_
64,2,global_avg_pool,_ZN2at6native13reduce_kernelILi512ELi1ENS0_8ReduceOpIfNS0_7MeanOpsIffffEEjfLi4ELi4EEEEEvT1_
64,2,fc1,_Z16gemmSN_TN_kernelIfLi128ELi16ELi2ELi4ELi2ELi2ELb1E30cublasGemvTensorStridedBatchedIKfES2_S0_IfEEv22cublasGemmSmallNParamsIT7_T8_T9_T_E
64,2,relu7,_ZN2at6native29vectorized_elementwise_kernelILi4EZZZNS0_49_GLOBAL__N__a62a4dcd_16_TensorCompare_cu_71e06f4e19launch_clamp_scalarERNS_18TensorIteratorBaseEN3c106ScalarES6_NS0_6detail11ClampLimitsEENKUlvE_clEvENKUlvE5_clEvEUlfE_St5arrayIPcLy2EELb0EEEviT0_T1_
64,2,fc2,_Z16gemmSN_TN_kernelIfLi128ELi16ELi2ELi4ELi2ELi2ELb1E30cublasGemvTensorStridedBatchedIKfES2_S0_IfEEv22cublasGemmSmallNParamsIT7_T8_T9_T_E
64,4,conv1,_Z23implicit_convolve_sgemmIffiLi1024ELi5ELi5ELi3ELi3ELi3ELi1ELb0ELb0ELb1EEviiiPKT_iPT0_S2_18kernel_conv_paramsyT1_ffiPKS3_S8_bbii
64,4,relu1,_ZN2at6native29vectorized_elementwise_kernelILi4EZZZNS0_49_GLOBAL__N__a62a4dcd_16_TensorCompare_cu_71e06f4e19launch_clamp_scalarERNS_18TensorIteratorBaseEN3c106ScalarES6_NS0_6detail11ClampLimitsEENKUlvE_clEvENKUlvE5_clEvEUlfE_St5arrayIPcLy2EELb0EEEviT0_T1_
64,4,maxpool,_ZN2at6native52_GLOBAL__N__71d79c19_19_DilatedMaxPool2d_cu_9872839c21max_pool_forward_nchwIfiEEvT0_PKT_xxxiiiiiiiiiiPS4_Px
64,4,conv2,_ZN5cudnn17winograd_nonfused26winogradForwardData9x9_5x5IffEEvNS0_18WinogradDataParamsIT_T0_EE
64,4,conv2,_ZN5cudnn17winograd_nonfused28winogradForwardFilter9x9_5x5IffEEvNS0_20WinogradFilterParamsIT_T0_EE
64,4,conv2,_Z20magma_sgemmEx_kernelIfffLb0ELb0ELi6ELi3ELi5ELi3ELi3EEviii13BatchedTensoriS0_iS0_iS0_iiiPKT_S3_S1_S1_i18cublasLtEpilogue_tiPKvx
64,4,conv2,_ZN5cudnn17winograd_nonfused28winogradForwardOutput9x9_5x5IffEEvNS0_20WinogradOutputParamsIT_T0_EE
64,4,relu2,_ZN2at6native29vectorized_elementwise_kernelILi4EZZZNS0_49_GLOBAL__N__a62a4dcd_16_TensorCompare_cu_71e06f4e19launch_clamp_scalarERNS_18TensorIteratorBaseEN3c106ScalarES6_NS0_6detail11ClampLimitsEENKUlvE_clEvENKUlvE5_clEvEUlfE_St5arrayIPcLy2EELb0EEEviT0_T1_
64,4,conv3,_Z23implicit_convolve_sgemmIffiLi1024ELi5ELi5ELi3ELi3ELi3ELi1ELb0ELb0ELb1EEviiiPKT_iPT0_S2_18kernel_conv_paramsyT1_ffiPKS3_S8_bbii
64,4,relu3,_ZN2at6native29vectorized_elementwise_kernelILi4EZZZNS0_49_GLOBAL__N__a62a4dcd_16_TensorCompare_cu_71e06f4e19launch_clamp_scalarERNS_18TensorIteratorBaseEN3c106ScalarES6_NS0_6detail11ClampLimitsEENKUlvE_clEvENKUlvE5_clEvEUlfE_St5arrayIPcLy2EELb0EEEviT0_T1_
64,4,conv4,_Z23implicit_convolve_sgemmIffiLi1024ELi5ELi5ELi3ELi3ELi3ELi1ELb0ELb0ELb1EEviiiPKT_iPT0_S2_18kernel_conv_paramsyT1_ffiPKS3_S8_bbii
64,4,relu4,_ZN2at6native29vectorized_elementwise_kernelILi4EZZZNS0_49_GLOBAL__N__a62a4dcd_16_TensorCompare_cu_71e06f4e19launch_clamp_scalarERNS_18TensorIteratorBaseEN3c106ScalarES6_NS0_6detail11ClampLimitsEENKUlvE_clEvENKUlvE5_clEvEUlfE_St5arrayIPcLy2EELb0EEEviT0_T1_
64,4,conv5,_Z23implicit_convolve_sgemmIffiLi1024ELi5ELi5ELi3ELi3ELi3ELi1ELb0ELb0ELb1EEviiiPKT_iPT0_S2_18kernel_conv_paramsyT1_ffiPKS3_S8_bbii
64,4,relu5,_ZN2at6native29vectorized_elementwise_kernelILi4EZZZNS0_49_GLOBAL__N__a62a4dcd_16_TensorCompare_cu_71e06f4e19launch_clamp_scalarERNS_18TensorIteratorBaseEN3c106ScalarES6_NS0_6detail11ClampLimitsEENKUlvE_clEvENKUlvE5_clEvEUlfE_St5arrayIPcLy2EELb0EEEviT0_T1_
64,4,conv6,_Z23implicit_convolve_sgemmIffiLi1024ELi5ELi5ELi3ELi3ELi3ELi1ELb0ELb0ELb1EEviiiPKT_iPT0_S2_18kernel_conv_paramsyT1_ffiPKS3_S8_bbii
64,4,relu6,_ZN2at6native29vectorized_elementwise_kernelILi4EZZZNS0_49_GLOBAL__N__a62a4dcd_16_TensorCompare_cu_71e06f4e19launch_clamp_scalarERNS_18TensorIteratorBaseEN3c106ScalarES6_NS0_6detail11ClampLimitsEENKUlvE_clEvENKUlvE5_clEvEUlfE_St5arrayIPcLy2EELb0EEEviT0_T1_
64,4,global_avg_pool,_ZN2at6native13reduce_kernelILi512ELi1ENS0_8ReduceOpIfNS0_7MeanOpsIffffEEjfLi4ELi4EEEEEvT1_
64,4,fc1,_Z16gemmSN_TN_kernelIfLi128ELi16ELi2ELi4ELi4ELi4ELb1E30cublasGemvTensorStridedBatchedIKfES2_S0_IfEEv22cublasGemmSmallNParamsIT7_T8_T9_T_E
64,4,relu7,_ZN2at6native29vectorized_elementwise_kernelILi4EZZZNS0_49_GLOBAL__N__a62a4dcd_16_TensorCompare_cu_71e06f4e19launch_clamp_scalarERNS_18TensorIteratorBaseEN3c106ScalarES6_NS0_6detail11ClampLimitsEENKUlvE_clEvENKUlvE5_clEvEUlfE_St5arrayIPcLy2EELb0EEEviT0_T1_
64,4,fc2,_Z16gemmSN_TN_kernelIfLi128ELi16ELi2ELi4ELi4ELi4ELb1E30cublasGemvTensorStridedBatchedIKfES2_S0_IfEEv22cublasGemmSmallNParamsIT7_T8_T9_T_E
64,8,conv1,_Z23implicit_convolve_sgemmIffiLi1024ELi5ELi5ELi3ELi3ELi3ELi1ELb0ELb0ELb1EEviiiPKT_iPT0_S2_18kernel_conv_paramsyT1_ffiPKS3_S8_bbii
64,8,relu1,_ZN2at6native29vectorized_elementwise_kernelILi4EZZZNS0_49_GLOBAL__N__a62a4dcd_16_TensorCompare_cu_71e06f4e19launch_clamp_scalarERNS_18TensorIteratorBaseEN3c106ScalarES6_NS0_6detail11ClampLimitsEENKUlvE_clEvENKUlvE5_clEvEUlfE_St5arrayIPcLy2EELb0EEEviT0_T1_
64,8,maxpool,_ZN2at6native52_GLOBAL__N__71d79c19_19_DilatedMaxPool2d_cu_9872839c21max_pool_forward_nchwIfiEEvT0_PKT_xxxiiiiiiiiiiPS4_Px
64,8,conv2,_ZN5cudnn17winograd_nonfused26winogradForwardData9x9_5x5IffEEvNS0_18WinogradDataParamsIT_T0_EE
64,8,conv2,_ZN5cudnn17winograd_nonfused28winogradForwardFilter9x9_5x5IffEEvNS0_20WinogradFilterParamsIT_T0_EE
64,8,conv2,_Z20magma_sgemmEx_kernelIfffLb0ELb0ELi6ELi3ELi5ELi3ELi3EEviii13BatchedTensoriS0_iS0_iS0_iiiPKT_S3_S1_S1_i18cublasLtEpilogue_tiPKvx
64,8,conv2,_ZN5cudnn17winograd_nonfused28winogradForwardOutput9x9_5x5IffEEvNS0_20WinogradOutputParamsIT_T0_EE
64,8,relu2,_ZN2at6native29vectorized_elementwise_kernelILi4EZZZNS0_49_GLOBAL__N__a62a4dcd_16_TensorCompare_cu_71e06f4e19launch_clamp_scalarERNS_18TensorIteratorBaseEN3c106ScalarES6_NS0_6detail11ClampLimitsEENKUlvE_clEvENKUlvE5_clEvEUlfE_St5arrayIPcLy2EELb0EEEviT0_T1_
64,8,conv3,_Z23implicit_convolve_sgemmIffiLi1024ELi5ELi5ELi3ELi3ELi3ELi1ELb0ELb0ELb1EEviiiPKT_iPT0_S2_18kernel_conv_paramsyT1_ffiPKS3_S8_bbii
64,8,relu3,_ZN2at6native29vectorized_elementwise_kernelILi4EZZZNS0_49_GLOBAL__N__a62a4dcd_16_TensorCompare_cu_71e06f4e19launch_clamp_scalarERNS_18TensorIteratorBaseEN3c106ScalarES6_NS0_6detail11ClampLimitsEENKUlvE_clEvENKUlvE5_clEvEUlfE_St5arrayIPcLy2EELb0EEEviT0_T1_
64,8,conv4,_Z23implicit_convolve_sgemmIffiLi1024ELi5ELi5ELi3ELi3ELi3ELi1ELb0ELb0ELb1EEviiiPKT_iPT0_S2_18kernel_conv_paramsyT1_ffiPKS3_S8_bbii
64,8,relu4,_ZN2at6native29vectorized_elementwise_kernelILi4EZZZNS0_49_GLOBAL__N__a62a4dcd_16_TensorCompare_cu_71e06f4e19launch_clamp_scalarERNS_18TensorIteratorBaseEN3c106ScalarES6_NS0_6detail11ClampLimitsEENKUlvE_clEvENKUlvE5_clEvEUlfE_St5arrayIPcLy2EELb0EEEviT0_T1_
64,8,conv5,_Z23implicit_convolve_sgemmIffiLi1024ELi5ELi5ELi3ELi3ELi3ELi1ELb0ELb0ELb1EEviiiPKT_iPT0_S2_18kernel_conv_paramsyT1_ffiPKS3_S8_bbii
64,8,relu5,_ZN2at6native29vectorized_elementwise_kernelILi4EZZZNS0_49_GLOBAL__N__a62a4dcd_16_TensorCompare_cu_71e06f4e19launch_clamp_scalarERNS_18TensorIteratorBaseEN3c106ScalarES6_NS0_6detail11ClampLimitsEENKUlvE_clEvENKUlvE5_clEvEUlfE_St5arrayIPcLy2EELb0EEEviT0_T1_
64,8,conv6,_Z23implicit_convolve_sgemmIffiLi1024ELi5ELi5ELi3ELi3ELi3ELi1ELb0ELb0ELb1EEviiiPKT_iPT0_S2_18kernel_conv_paramsyT1_ffiPKS3_S8_bbii
64,8,relu6,_ZN2at6native29vectorized_elementwise_kernelILi4EZZZNS0_49_GLOBAL__N__a62a4dcd_16_TensorCompare_cu_71e06f4e19launch_clamp_scalarERNS_18TensorIteratorBaseEN3c106ScalarES6_NS0_6detail11ClampLimitsEENKUlvE_clEvENKUlvE5_clEvEUlfE_St5arrayIPcLy2EELb0EEEviT0_T1_
64,8,global_avg_pool,_ZN2at6native13reduce_kernelILi512ELi1ENS0_8ReduceOpIfNS0_7MeanOpsIffffEEjfLi4ELi4EEEEEvT1_
64,8,fc1,_Z16gemmSN_TN_kernelIfLi128ELi16ELi2ELi4ELi8ELi9ELb0E30cublasGemvTensorStridedBatchedIKfES2_S0_IfEEv22cublasGemmSmallNParamsIT7_T8_T9_T_E
64,8,relu7,_ZN2at6native29vectorized_elementwise_kernelILi4EZZZNS0_49_GLOBAL__N__a62a4dcd_16_TensorCompare_cu_71e06f4e19launch_clamp_scalarERNS_18TensorIteratorBaseEN3c106ScalarES6_NS0_6detail11ClampLimitsEENKUlvE_clEvENKUlvE5_clEvEUlfE_St5arrayIPcLy2EELb0EEEviT0_T1_
64,8,fc2,_Z16gemmSN_TN_kernelIfLi128ELi16ELi2ELi4ELi8ELi9ELb0E30cublasGemvTensorStridedBatchedIKfES2_S0_IfEEv22cublasGemmSmallNParamsIT7_T8_T9_T_E
64,16,conv1,_Z23implicit_convolve_sgemmIffiLi1024ELi5ELi5ELi3ELi3ELi3ELi1ELb0ELb0ELb1EEviiiPKT_iPT0_S2_18kernel_conv_paramsyT1_ffiPKS3_S8_bbii
64,16,relu1,_ZN2at6native29vectorized_elementwise_kernelILi4EZZZNS0_49_GLOBAL__N__a62a4dcd_16_TensorCompare_cu_71e06f4e19launch_clamp_scalarERNS_18TensorIteratorBaseEN3c106ScalarES6_NS0_6detail11ClampLimitsEENKUlvE_clEvENKUlvE5_clEvEUlfE_St5arrayIPcLy2EELb0EEEviT0_T1_
64,16,maxpool,_ZN2at6native52_GLOBAL__N__71d79c19_19_DilatedMaxPool2d_cu_9872839c21max_pool_forward_nchwIfiEEvT0_PKT_xxxiiiiiiiiiiPS4_Px
64,16,conv2,_ZN5cudnn17winograd_nonfused26winogradForwardData9x9_5x5IffEEvNS0_18WinogradDataParamsIT_T0_EE
64,16,conv2,_ZN5cudnn17winograd_nonfused28winogradForwardFilter9x9_5x5IffEEvNS0_20WinogradFilterParamsIT_T0_EE
64,16,conv2,_Z20magma_sgemmEx_kernelIfffLb0ELb0ELi6ELi3ELi5ELi3ELi3EEviii13BatchedTensoriS0_iS0_iS0_iiiPKT_S3_S1_S1_i18cublasLtEpilogue_tiPKvx
64,16,conv2,_ZN5cudnn17winograd_nonfused28winogradForwardOutput9x9_5x5IffEEvNS0_20WinogradOutputParamsIT_T0_EE
64,16,relu2,_ZN2at6native29vectorized_elementwise_kernelILi4EZZZNS0_49_GLOBAL__N__a62a4dcd_16_TensorCompare_cu_71e06f4e19launch_clamp_scalarERNS_18TensorIteratorBaseEN3c106ScalarES6_NS0_6detail11ClampLimitsEENKUlvE_clEvENKUlvE5_clEvEUlfE_St5arrayIPcLy2EELb0EEEviT0_T1_
64,16,conv3,_Z23implicit_convolve_sgemmIffiLi1024ELi5ELi5ELi3ELi3ELi3ELi1ELb0ELb0ELb1EEviiiPKT_iPT0_S2_18kernel_conv_paramsyT1_ffiPKS3_S8_bbii
64,16,relu3,_ZN2at6native29vectorized_elementwise_kernelILi4EZZZNS0_49_GLOBAL__N__a62a4dcd_16_TensorCompare_cu_71e06f4e19launch_clamp_scalarERNS_18TensorIteratorBaseEN3c106ScalarES6_NS0_6detail11ClampLimitsEENKUlvE_clEvENKUlvE5_clEvEUlfE_St5arrayIPcLy2EELb0EEEviT0_T1_
64,16,conv4,_Z23implicit_convolve_sgemmIffiLi1024ELi5ELi5ELi3ELi3ELi3ELi1ELb0ELb0ELb1EEviiiPKT_iPT0_S2_18kernel_conv_paramsyT1_ffiPKS3_S8_bbii
64,16,relu4,_ZN2at6native29vectorized_elementwise_kernelILi4EZZZNS0_49_GLOBAL__N__a62a4dcd_16_TensorCompare_cu_71e06f4e19launch_clamp_scalarERNS_18TensorIteratorBaseEN3c106ScalarES6_NS0_6detail11ClampLimitsEENKUlvE_clEvENKUlvE5_clEvEUlfE_St5arrayIPcLy2EELb0EEEviT0_T1_
64,16,conv5,_Z23implicit_convolve_sgemmIffiLi1024ELi5ELi5ELi3ELi3ELi3ELi1ELb0ELb0ELb1EEviiiPKT_iPT0_S2_18kernel_conv_paramsyT1_ffiPKS3_S8_bbii
64,16,relu5,_ZN2at6native29vectorized_elementwise_kernelILi4EZZZNS0_49_GLOBAL__N__a62a4dcd_16_TensorCompare_cu_71e06f4e19launch_clamp_scalarERNS_18TensorIteratorBaseEN3c106ScalarES6_NS0_6detail11ClampLimitsEENKUlvE_clEvENKUlvE5_clEvEUlfE_St5arrayIPcLy2EELb0EEEviT0_T1_
64,16,conv6,_Z23implicit_convolve_sgemmIffiLi1024ELi5ELi5ELi3ELi3ELi3ELi1ELb0ELb0ELb1EEviiiPKT_iPT0_S2_18kernel_conv_paramsyT1_ffiPKS3_S8_bbii
64,16,relu6,_ZN2at6native29vectorized_elementwise_kernelILi4EZZZNS0_49_GLOBAL__N__a62a4dcd_16_TensorCompare_cu_71e06f4e19launch_clamp_scalarERNS_18TensorIteratorBaseEN3c106ScalarES6_NS0_6detail11ClampLimitsEENKUlvE_clEvENKUlvE5_clEvEUlfE_St5arrayIPcLy2EELb0EEEviT0_T1_
64,16,global_avg_pool,_ZN2at6native13reduce_kernelILi512ELi1ENS0_8ReduceOpIfNS0_7MeanOpsIffffEEjfLi4ELi4EEEEEvT1_
64,16,fc1,_Z16gemmSN_TN_kernelIfLi128ELi16ELi2ELi4ELi8ELi9ELb0E30cublasGemvTensorStridedBatchedIKfES2_S0_IfEEv22cublasGemmSmallNParamsIT7_T8_T9_T_E
64,16,relu7,_ZN2at6native29vectorized_elementwise_kernelILi4EZZZNS0_49_GLOBAL__N__a62a4dcd_16_TensorCompare_cu_71e06f4e19launch_clamp_scalarERNS_18TensorIteratorBaseEN3c106ScalarES6_NS0_6detail11ClampLimitsEENKUlvE_clEvENKUlvE5_clEvEUlfE_St5arrayIPcLy2EELb0EEEviT0_T1_
64,16,fc2,_Z16gemmSN_TN_kernelIfLi128ELi16ELi2ELi4ELi8ELi9ELb0E30cublasGemvTensorStridedBatchedIKfES2_S0_IfEEv22cublasGemmSmallNParamsIT7_T8_T9_T_E
64,32,conv1,_Z23implicit_convolve_sgemmIffiLi1024ELi5ELi5ELi3ELi3ELi3ELi1ELb0ELb0ELb1EEviiiPKT_iPT0_S2_18kernel_conv_paramsyT1_ffiPKS3_S8_bbii
64,32,relu1,_ZN2at6native29vectorized_elementwise_kernelILi4EZZZNS0_49_GLOBAL__N__a62a4dcd_16_TensorCompare_cu_71e06f4e19launch_clamp_scalarERNS_18TensorIteratorBaseEN3c106ScalarES6_NS0_6detail11ClampLimitsEENKUlvE_clEvENKUlvE5_clEvEUlfE_St5arrayIPcLy2EELb0EEEviT0_T1_
64,32,maxpool,_ZN2at6native52_GLOBAL__N__71d79c19_19_DilatedMaxPool2d_cu_9872839c21max_pool_forward_nchwIfiEEvT0_PKT_xxxiiiiiiiiiiPS4_Px
64,32,conv2,_ZN5cudnn17winograd_nonfused26winogradForwardData9x9_5x5IffEEvNS0_18WinogradDataParamsIT_T0_EE
64,32,conv2,_ZN5cudnn17winograd_nonfused28winogradForwardFilter9x9_5x5IffEEvNS0_20WinogradFilterParamsIT_T0_EE
64,32,conv2,_Z20magma_sgemmEx_kernelIfffLb0ELb0ELi6ELi3ELi5ELi3ELi3EEviii13BatchedTensoriS0_iS0_iS0_iiiPKT_S3_S1_S1_i18cublasLtEpilogue_tiPKvx
64,32,conv2,_ZN5cudnn17winograd_nonfused28winogradForwardOutput9x9_5x5IffEEvNS0_20WinogradOutputParamsIT_T0_EE
64,32,relu2,_ZN2at6native29vectorized_elementwise_kernelILi4EZZZNS0_49_GLOBAL__N__a62a4dcd_16_TensorCompare_cu_71e06f4e19launch_clamp_scalarERNS_18TensorIteratorBaseEN3c106ScalarES6_NS0_6detail11ClampLimitsEENKUlvE_clEvENKUlvE5_clEvEUlfE_St5arrayIPcLy2EELb0EEEviT0_T1_
64,32,conv3,_Z23implicit_convolve_sgemmIffiLi128ELi5ELi5ELi3ELi3ELi3ELi1ELb0ELb0ELb1EEviiiPKT_iPT0_S2_18kernel_conv_paramsyT1_ffiPKS3_S8_bbii
64,32,relu3,_ZN2at6native29vectorized_elementwise_kernelILi4EZZZNS0_49_GLOBAL__N__a62a4dcd_16_TensorCompare_cu_71e06f4e19launch_clamp_scalarERNS_18TensorIteratorBaseEN3c106ScalarES6_NS0_6detail11ClampLimitsEENKUlvE_clEvENKUlvE5_clEvEUlfE_St5arrayIPcLy2EELb0EEEviT0_T1_
64,32,conv4,_Z23implicit_convolve_sgemmIffiLi1024ELi5ELi5ELi3ELi3ELi3ELi1ELb0ELb0ELb1EEviiiPKT_iPT0_S2_18kernel_conv_paramsyT1_ffiPKS3_S8_bbii
64,32,relu4,_ZN2at6native29vectorized_elementwise_kernelILi4EZZZNS0_49_GLOBAL__N__a62a4dcd_16_TensorCompare_cu_71e06f4e19launch_clamp_scalarERNS_18TensorIteratorBaseEN3c106ScalarES6_NS0_6detail11ClampLimitsEENKUlvE_clEvENKUlvE5_clEvEUlfE_St5arrayIPcLy2EELb0EEEviT0_T1_
64,32,conv5,_Z23implicit_convolve_sgemmIffiLi1024ELi5ELi5ELi3ELi3ELi3ELi1ELb0ELb0ELb1EEviiiPKT_iPT0_S2_18kernel_conv_paramsyT1_ffiPKS3_S8_bbii
64,32,relu5,_ZN2at6native29vectorized_elementwise_kernelILi4EZZZNS0_49_GLOBAL__N__a62a4dcd_16_TensorCompare_cu_71e06f4e19launch_clamp_scalarERNS_18TensorIteratorBaseEN3c106ScalarES6_NS0_6detail11ClampLimitsEENKUlvE_clEvENKUlvE5_clEvEUlfE_St5arrayIPcLy2EELb0EEEviT0_T1_
64,32,conv6,_ZN5cudnn3cnn23kern_precompute_indicesILb0EEEvPiiiiii
64,32,conv6,_Z26precomputed_convolve_sgemmIfiLi512ELi6ELi7ELi4ELi3ELi5ELi1ELb0EEviiiPKT_iPS0_S2_18kernel_conv_paramsyT0_ffibbS2_S2_Pi
64,32,relu6,_ZN2at6native29vectorized_elementwise_kernelILi4EZZZNS0_49_GLOBAL__N__a62a4dcd_16_TensorCompare_cu_71e06f4e19launch_clamp_scalarERNS_18TensorIteratorBaseEN3c106ScalarES6_NS0_6detail11ClampLimitsEENKUlvE_clEvENKUlvE5_clEvEUlfE_St5arrayIPcLy2EELb0EEEviT0_T1_
64,32,global_avg_pool,_ZN2at6native13reduce_kernelILi512ELi1ENS0_8ReduceOpIfNS0_7MeanOpsIffffEEjfLi4ELi4EEEEEvT1_
64,32,fc1,_ZN7cutlass7Kernel2I41cutlass_80_simt_sgemm_64x64_8x5_tn_align1EEvNT_6ParamsE
64,32,fc1,_ZN8cublasLt19splitKreduce_kernelILi32ELi16EiffffLb0EfffLb1ELb1ELb0ELb0EEEvNS_18cublasSplitKParamsIT4_EEPKT2_PKT8_PT7_PT3_PKS2_SF_PKT9_S6_PSG_PvxPS2_PiSL_SL_SF_SF_SF_SF_SF_
64,32,relu7,_ZN2at6native29vectorized_elementwise_kernelILi4EZZZNS0_49_GLOBAL__N__a62a4dcd_16_TensorCompare_cu_71e06f4e19launch_clamp_scalarERNS_18TensorIteratorBaseEN3c106ScalarES6_NS0_6detail11ClampLimitsEENKUlvE_clEvENKUlvE5_clEvEUlfE_St5arrayIPcLy2EELb0EEEviT0_T1_
64,32,fc2,_ZN7cutlass7Kernel2I41cutlass_80_simt_sgemm_64x64_8x5_tn_align1EEvNT_6ParamsE
64,32,fc2,_ZN8cublasLt19splitKreduce_kernelILi32ELi16EiffffLb0EfffLb1ELb1ELb0ELb0EEEvNS_18cublasSplitKParamsIT4_EEPKT2_PKT8_PT7_PT3_PKS2_SF_PKT9_S6_PSG_PvxPS2_PiSL_SL_SF_SF_SF_SF_SF_
64,64,conv1,_Z23implicit_convolve_sgemmIffiLi1024ELi5ELi5ELi3ELi3ELi3ELi1ELb0ELb0ELb1EEviiiPKT_iPT0_S2_18kernel_conv_paramsyT1_ffiPKS3_S8_bbii
64,64,relu1,_ZN2at6native29vectorized_elementwise_kernelILi4EZZZNS0_49_GLOBAL__N__a62a4dcd_16_TensorCompare_cu_71e06f4e19launch_clamp_scalarERNS_18TensorIteratorBaseEN3c106ScalarES6_NS0_6detail11ClampLimitsEENKUlvE_clEvENKUlvE5_clEvEUlfE_St5arrayIPcLy2EELb0EEEviT0_T1_
64,64,maxpool,_ZN2at6native52_GLOBAL__N__71d79c19_19_DilatedMaxPool2d_cu_9872839c21max_pool_forward_nchwIfiEEvT0_PKT_xxxiiiiiiiiiiPS4_Px
64,64,conv2,_ZN5cudnn17winograd_nonfused26winogradForwardData9x9_5x5IffEEvNS0_18WinogradDataParamsIT_T0_EE
64,64,conv2,_ZN5cudnn17winograd_nonfused28winogradForwardFilter9x9_5x5IffEEvNS0_20WinogradFilterParamsIT_T0_EE
64,64,conv2,_Z20magma_sgemmEx_kernelIfffLb0ELb0ELi6ELi3ELi5ELi3ELi3EEviii13BatchedTensoriS0_iS0_iS0_iiiPKT_S3_S1_S1_i18cublasLtEpilogue_tiPKvx
64,64,conv2,_ZN5cudnn17winograd_nonfused28winogradForwardOutput9x9_5x5IffEEvNS0_20WinogradOutputParamsIT_T0_EE
64,64,relu2,_ZN2at6native29vectorized_elementwise_kernelILi4EZZZNS0_49_GLOBAL__N__a62a4dcd_16_TensorCompare_cu_71e06f4e19launch_clamp_scalarERNS_18TensorIteratorBaseEN3c106ScalarES6_NS0_6detail11ClampLimitsEENKUlvE_clEvENKUlvE5_clEvEUlfE_St5arrayIPcLy2EELb0EEEviT0_T1_
64,64,conv3,_Z23implicit_convolve_sgemmIffiLi1024ELi5ELi5ELi3ELi3ELi3ELi1ELb0ELb0ELb1EEviiiPKT_iPT0_S2_18kernel_conv_paramsyT1_ffiPKS3_S8_bbii
64,64,relu3,_ZN2at6native29vectorized_elementwise_kernelILi4EZZZNS0_49_GLOBAL__N__a62a4dcd_16_TensorCompare_cu_71e06f4e19launch_clamp_scalarERNS_18TensorIteratorBaseEN3c106ScalarES6_NS0_6detail11ClampLimitsEENKUlvE_clEvENKUlvE5_clEvEUlfE_St5arrayIPcLy2EELb0EEEviT0_T1_
64,64,conv4,_Z23implicit_convolve_sgemmIffiLi1024ELi5ELi5ELi3ELi3ELi3ELi1ELb0ELb0ELb1EEviiiPKT_iPT0_S2_18kernel_conv_paramsyT1_ffiPKS3_S8_bbii
64,64,relu4,_ZN2at6native29vectorized_elementwise_kernelILi4EZZZNS0_49_GLOBAL__N__a62a4dcd_16_TensorCompare_cu_71e06f4e19launch_clamp_scalarERNS_18TensorIteratorBaseEN3c106ScalarES6_NS0_6detail11ClampLimitsEENKUlvE_clEvENKUlvE5_clEvEUlfE_St5arrayIPcLy2EELb0EEEviT0_T1_
64,64,conv5,_Z23implicit_convolve_sgemmIffiLi1024ELi5ELi5ELi3ELi3ELi3ELi1ELb0ELb0ELb1EEviiiPKT_iPT0_S2_18kernel_conv_paramsyT1_ffiPKS3_S8_bbii
64,64,relu5,_ZN2at6native29vectorized_elementwise_kernelILi4EZZZNS0_49_GLOBAL__N__a62a4dcd_16_TensorCompare_cu_71e06f4e19launch_clamp_scalarERNS_18TensorIteratorBaseEN3c106ScalarES6_NS0_6detail11ClampLimitsEENKUlvE_clEvENKUlvE5_clEvEUlfE_St5arrayIPcLy2EELb0EEEviT0_T1_
64,64,conv6,_Z23implicit_convolve_sgemmIffiLi1024ELi5ELi5ELi3ELi3ELi3ELi1ELb0ELb0ELb1EEviiiPKT_iPT0_S2_18kernel_conv_paramsyT1_ffiPKS3_S8_bbii
64,64,relu6,_ZN2at6native29vectorized_elementwise_kernelILi4EZZZNS0_49_GLOBAL__N__a62a4dcd_16_TensorCompare_cu_71e06f4e19launch_clamp_scalarERNS_18TensorIteratorBaseEN3c106ScalarES6_NS0_6detail11ClampLimitsEENKUlvE_clEvENKUlvE5_clEvEUlfE_St5arrayIPcLy2EELb0EEEviT0_T1_
64,64,global_avg_pool,_ZN2at6native13reduce_kernelILi512ELi1ENS0_8ReduceOpIfNS0_7MeanOpsIffffEEjfLi4ELi4EEEEEvT1_
64,64,fc1,_ZN7cutlass7Kernel2I41cutlass_80_simt_sgemm_64x64_8x5_tn_align1EEvNT_6ParamsE
64,64,fc1,_ZN8cublasLt19splitKreduce_kernelILi32ELi16EiffffLb0EfffLb1ELb1ELb0ELb0EEEvNS_18cublasSplitKParamsIT4_EEPKT2_PKT8_PT7_PT3_PKS2_SF_PKT9_S6_PSG_PvxPS2_PiSL_SL_SF_SF_SF_SF_SF_
64,64,relu7,_ZN2at6native29vectorized_elementwise_kernelILi4EZZZNS0_49_GLOBAL__N__a62a4dcd_16_TensorCompare_cu_71e06f4e19launch_clamp_scalarERNS_18TensorIteratorBaseEN3c106ScalarES6_NS0_6detail11ClampLimitsEENKUlvE_clEvENKUlvE5_clEvEUlfE_St5arrayIPcLy2EELb0EEEviT0_T1_
64,64,fc2,_ZN7cutlass7Kernel2I41cutlass_80_simt_sgemm_64x64_8x5_tn_align1EEvNT_6ParamsE
64,64,fc2,_ZN8cublasLt19splitKreduce_kernelILi32ELi16EiffffLb0EfffLb1ELb1ELb0ELb0EEEvNS_18cublasSplitKParamsIT4_EEPKT2_PKT8_PT7_PT3_PKS2_SF_PKT9_S6_PSG_PvxPS2_PiSL_SL_SF_SF_SF_SF_SF_
64,95,conv1,_Z23implicit_convolve_sgemmIffiLi1024ELi5ELi5ELi3ELi3ELi3ELi1ELb0ELb0ELb1EEviiiPKT_iPT0_S2_18kernel_conv_paramsyT1_ffiPKS3_S8_bbii
64,95,relu1,_ZN2at6native29vectorized_elementwise_kernelILi4EZZZNS0_49_GLOBAL__N__a62a4dcd_16_TensorCompare_cu_71e06f4e19launch_clamp_scalarERNS_18TensorIteratorBaseEN3c106ScalarES6_NS0_6detail11ClampLimitsEENKUlvE_clEvENKUlvE5_clEvEUlfE_St5arrayIPcLy2EELb0EEEviT0_T1_
64,95,maxpool,_ZN2at6native52_GLOBAL__N__71d79c19_19_DilatedMaxPool2d_cu_9872839c21max_pool_forward_nchwIfiEEvT0_PKT_xxxiiiiiiiiiiPS4_Px
64,95,conv2,_ZN5cudnn17winograd_nonfused26winogradForwardData9x9_5x5IffEEvNS0_18WinogradDataParamsIT_T0_EE
64,95,conv2,_ZN5cudnn17winograd_nonfused28winogradForwardFilter9x9_5x5IffEEvNS0_20WinogradFilterParamsIT_T0_EE
64,95,conv2,_Z20magma_sgemmEx_kernelIfffLb0ELb0ELi6ELi3ELi5ELi3ELi3EEviii13BatchedTensoriS0_iS0_iS0_iiiPKT_S3_S1_S1_i18cublasLtEpilogue_tiPKvx
64,95,conv2,_ZN5cudnn17winograd_nonfused28winogradForwardOutput9x9_5x5IffEEvNS0_20WinogradOutputParamsIT_T0_EE
64,95,relu2,_ZN2at6native29vectorized_elementwise_kernelILi4EZZZNS0_49_GLOBAL__N__a62a4dcd_16_TensorCompare_cu_71e06f4e19launch_clamp_scalarERNS_18TensorIteratorBaseEN3c106ScalarES6_NS0_6detail11ClampLimitsEENKUlvE_clEvENKUlvE5_clEvEUlfE_St5arrayIPcLy2EELb0EEEviT0_T1_
64,95,conv3,_Z23implicit_convolve_sgemmIffiLi128ELi5ELi5ELi3ELi3ELi3ELi1ELb0ELb0ELb1EEviiiPKT_iPT0_S2_18kernel_conv_paramsyT1_ffiPKS3_S8_bbii
64,95,relu3,_ZN2at6native29vectorized_elementwise_kernelILi4EZZZNS0_49_GLOBAL__N__a62a4dcd_16_TensorCompare_cu_71e06f4e19launch_clamp_scalarERNS_18TensorIteratorBaseEN3c106ScalarES6_NS0_6detail11ClampLimitsEENKUlvE_clEvENKUlvE5_clEvEUlfE_St5arrayIPcLy2EELb0EEEviT0_T1_
64,95,conv4,_Z23implicit_convolve_sgemmIffiLi1024ELi5ELi5ELi3ELi3ELi3ELi1ELb0ELb0ELb1EEviiiPKT_iPT0_S2_18kernel_conv_paramsyT1_ffiPKS3_S8_bbii
64,95,relu4,_ZN2at6native29vectorized_elementwise_kernelILi4EZZZNS0_49_GLOBAL__N__a62a4dcd_16_TensorCompare_cu_71e06f4e19launch_clamp_scalarERNS_18TensorIteratorBaseEN3c106ScalarES6_NS0_6detail11ClampLimitsEENKUlvE_clEvENKUlvE5_clEvEUlfE_St5arrayIPcLy2EELb0EEEviT0_T1_
64,95,conv5,_Z23implicit_convolve_sgemmIffiLi128ELi5ELi5ELi3ELi3ELi3ELi1ELb0ELb0ELb1EEviiiPKT_iPT0_S2_18kernel_conv_paramsyT1_ffiPKS3_S8_bbii
64,95,relu5,_ZN2at6native29vectorized_elementwise_kernelILi4EZZZNS0_49_GLOBAL__N__a62a4dcd_16_TensorCompare_cu_71e06f4e19launch_clamp_scalarERNS_18TensorIteratorBaseEN3c106ScalarES6_NS0_6detail11ClampLimitsEENKUlvE_clEvENKUlvE5_clEvEUlfE_St5arrayIPcLy2EELb0EEEviT0_T1_
64,95,conv6,_Z23implicit_convolve_sgemmIffiLi1024ELi5ELi5ELi3ELi3ELi3ELi1ELb0ELb0ELb1EEviiiPKT_iPT0_S2_18kernel_conv_paramsyT1_ffiPKS3_S8_bbii
64,95,relu6,_ZN2at6native29vectorized_elementwise_kernelILi4EZZZNS0_49_GLOBAL__N__a62a4dcd_16_TensorCompare_cu_71e06f4e19launch_clamp_scalarERNS_18TensorIteratorBaseEN3c106ScalarES6_NS0_6detail11ClampLimitsEENKUlvE_clEvENKUlvE5_clEvEUlfE_St5arrayIPcLy2EELb0EEEviT0_T1_
64,95,global_avg_pool,_ZN2at6native13reduce_kernelILi512ELi1ENS0_8ReduceOpIfNS0_7MeanOpsIffffEEjfLi4ELi4EEEEEvT1_
64,95,fc1,_ZN7cutlass7Kernel2I41cutlass_80_simt_sgemm_64x64_8x5_tn_align1EEvNT_6ParamsE
64,95,fc1,_ZN8cublasLt19splitKreduce_kernelILi32ELi16EiffffLb0EfffLb1ELb1ELb0ELb0EEEvNS_18cublasSplitKParamsIT4_EEPKT2_PKT8_PT7_PT3_PKS2_SF_PKT9_S6_PSG_PvxPS2_PiSL_SL_SF_SF_SF_SF_SF_
64,95,relu7,_ZN2at6native29vectorized_elementwise_kernelILi4EZZZNS0_49_GLOBAL__N__a62a4dcd_16_TensorCompare_cu_71e06f4e19launch_clamp_scalarERNS_18TensorIteratorBaseEN3c106ScalarES6_NS0_6detail11ClampLimitsEENKUlvE_clEvENKUlvE5_clEvEUlfE_St5arrayIPcLy2EELb0EEEviT0_T1_
64,95,fc2,_ZN7cutlass7Kernel2I41cutlass_80_simt_sgemm_64x64_8x5_tn_align1EEvNT_6ParamsE
64,95,fc2,_ZN8cublasLt19splitKreduce_kernelILi32ELi16EiffffLb0EfffLb1ELb1ELb0ELb0EEEvNS_18cublasSplitKParamsIT4_EEPKT2_PKT8_PT7_PT3_PKS2_SF_PKT9_S6_PSG_PvxPS2_PiSL_SL_SF_SF_SF_SF_SF_
64,98,conv1,_Z23implicit_convolve_sgemmIffiLi1024ELi5ELi5ELi3ELi3ELi3ELi1ELb0ELb0ELb1EEviiiPKT_iPT0_S2_18kernel_conv_paramsyT1_ffiPKS3_S8_bbii
64,98,relu1,_ZN2at6native29vectorized_elementwise_kernelILi4EZZZNS0_49_GLOBAL__N__a62a4dcd_16_TensorCompare_cu_71e06f4e19launch_clamp_scalarERNS_18TensorIteratorBaseEN3c106ScalarES6_NS0_6detail11ClampLimitsEENKUlvE_clEvENKUlvE5_clEvEUlfE_St5arrayIPcLy2EELb0EEEviT0_T1_
64,98,maxpool,_ZN2at6native52_GLOBAL__N__71d79c19_19_DilatedMaxPool2d_cu_9872839c21max_pool_forward_nchwIfiEEvT0_PKT_xxxiiiiiiiiiiPS4_Px
64,98,conv2,_ZN5cudnn17winograd_nonfused26winogradForwardData9x9_5x5IffEEvNS0_18WinogradDataParamsIT_T0_EE
64,98,conv2,_ZN5cudnn17winograd_nonfused28winogradForwardFilter9x9_5x5IffEEvNS0_20WinogradFilterParamsIT_T0_EE
64,98,conv2,_Z20magma_sgemmEx_kernelIfffLb0ELb0ELi6ELi3ELi5ELi3ELi3EEviii13BatchedTensoriS0_iS0_iS0_iiiPKT_S3_S1_S1_i18cublasLtEpilogue_tiPKvx
64,98,conv2,_ZN5cudnn17winograd_nonfused28winogradForwardOutput9x9_5x5IffEEvNS0_20WinogradOutputParamsIT_T0_EE
64,98,relu2,_ZN2at6native29vectorized_elementwise_kernelILi4EZZZNS0_49_GLOBAL__N__a62a4dcd_16_TensorCompare_cu_71e06f4e19launch_clamp_scalarERNS_18TensorIteratorBaseEN3c106ScalarES6_NS0_6detail11ClampLimitsEENKUlvE_clEvENKUlvE5_clEvEUlfE_St5arrayIPcLy2EELb0EEEviT0_T1_
64,98,conv3,_Z23implicit_convolve_sgemmIffiLi128ELi5ELi5ELi3ELi3ELi3ELi1ELb0ELb0ELb1EEviiiPKT_iPT0_S2_18kernel_conv_paramsyT1_ffiPKS3_S8_bbii
64,98,relu3,_ZN2at6native29vectorized_elementwise_kernelILi4EZZZNS0_49_GLOBAL__N__a62a4dcd_16_TensorCompare_cu_71e06f4e19launch_clamp_scalarERNS_18TensorIteratorBaseEN3c106ScalarES6_NS0_6detail11ClampLimitsEENKUlvE_clEvENKUlvE5_clEvEUlfE_St5arrayIPcLy2EELb0EEEviT0_T1_
64,98,conv4,_Z23implicit_convolve_sgemmIffiLi1024ELi5ELi5ELi3ELi3ELi3ELi1ELb0ELb0ELb1EEviiiPKT_iPT0_S2_18kernel_conv_paramsyT1_ffiPKS3_S8_bbii
64,98,relu4,_ZN2at6native29vectorized_elementwise_kernelILi4EZZZNS0_49_GLOBAL__N__a62a4dcd_16_TensorCompare_cu_71e06f4e19launch_clamp_scalarERNS_18TensorIteratorBaseEN3c106ScalarES6_NS0_6detail11ClampLimitsEENKUlvE_clEvENKUlvE5_clEvEUlfE_St5arrayIPcLy2EELb0EEEviT0_T1_
64,98,conv5,_Z23implicit_convolve_sgemmIffiLi128ELi5ELi5ELi3ELi3ELi3ELi1ELb0ELb0ELb1EEviiiPKT_iPT0_S2_18kernel_conv_paramsyT1_ffiPKS3_S8_bbii
64,98,relu5,_ZN2at6native29vectorized_elementwise_kernelILi4EZZZNS0_49_GLOBAL__N__a62a4dcd_16_TensorCompare_cu_71e06f4e19launch_clamp_scalarERNS_18TensorIteratorBaseEN3c106ScalarES6_NS0_6detail11ClampLimitsEENKUlvE_clEvENKUlvE5_clEvEUlfE_St5arrayIPcLy2EELb0EEEviT0_T1_
64,98,conv6,_Z23implicit_convolve_sgemmIffiLi1024ELi5ELi5ELi3ELi3ELi3ELi1ELb0ELb0ELb1EEviiiPKT_iPT0_S2_18kernel_conv_paramsyT1_ffiPKS3_S8_bbii
64,98,relu6,_ZN2at6native29vectorized_elementwise_kernelILi4EZZZNS0_49_GLOBAL__N__a62a4dcd_16_TensorCompare_cu_71e06f4e19launch_clamp_scalarERNS_18TensorIteratorBaseEN3c106ScalarES6_NS0_6detail11ClampLimitsEENKUlvE_clEvENKUlvE5_clEvEUlfE_St5arrayIPcLy2EELb0EEEviT0_T1_
64,98,global_avg_pool,_ZN2at6native13reduce_kernelILi512ELi1ENS0_8ReduceOpIfNS0_7MeanOpsIffffEEjfLi4ELi4EEEEEvT1_
64,98,fc1,_ZN7cutlass7Kernel2I41cutlass_80_simt_sgemm_64x64_8x5_tn_align1EEvNT_6ParamsE
64,98,fc1,_ZN8cublasLt19splitKreduce_kernelILi32ELi16EiffffLb0EfffLb1ELb1ELb0ELb0EEEvNS_18cublasSplitKParamsIT4_EEPKT2_PKT8_PT7_PT3_PKS2_SF_PKT9_S6_PSG_PvxPS2_PiSL_SL_SF_SF_SF_SF_SF_
64,98,relu7,_ZN2at6native29vectorized_elementwise_kernelILi4EZZZNS0_49_GLOBAL__N__a62a4dcd_16_TensorCompare_cu_71e06f4e19launch_clamp_scalarERNS_18TensorIteratorBaseEN3c106ScalarES6_NS0_6detail11ClampLimitsEENKUlvE_clEvENKUlvE5_clEvEUlfE_St5arrayIPcLy2EELb0EEEviT0_T1_
64,98,fc2,_ZN7cutlass7Kernel2I41cutlass_80_simt_sgemm_64x64_8x5_tn_align1EEvNT_6ParamsE
64,98,fc2,_ZN8cublasLt19splitKreduce_kernelILi32ELi16EiffffLb0EfffLb1ELb1ELb0ELb0EEEvNS_18cublasSplitKParamsIT4_EEPKT2_PKT8_PT7_PT3_PKS2_SF_PKT9_S6_PSG_PvxPS2_PiSL_SL_SF_SF_SF_SF_SF_
64,128,conv1,_Z23implicit_convolve_sgemmIffiLi1024ELi5ELi5ELi3ELi3ELi3ELi1ELb0ELb0ELb1EEviiiPKT_iPT0_S2_18kernel_conv_paramsyT1_ffiPKS3_S8_bbii
64,128,relu1,_ZN2at6native29vectorized_elementwise_kernelILi4EZZZNS0_49_GLOBAL__N__a62a4dcd_16_TensorCompare_cu_71e06f4e19launch_clamp_scalarERNS_18TensorIteratorBaseEN3c106ScalarES6_NS0_6detail11ClampLimitsEENKUlvE_clEvENKUlvE5_clEvEUlfE_St5arrayIPcLy2EELb0EEEviT0_T1_
64,128,maxpool,_ZN2at6native52_GLOBAL__N__71d79c19_19_DilatedMaxPool2d_cu_9872839c21max_pool_forward_nchwIfiEEvT0_PKT_xxxiiiiiiiiiiPS4_Px
64,128,conv2,_ZN5cudnn17winograd_nonfused26winogradForwardData9x9_5x5IffEEvNS0_18WinogradDataParamsIT_T0_EE
64,128,conv2,_ZN5cudnn17winograd_nonfused28winogradForwardFilter9x9_5x5IffEEvNS0_20WinogradFilterParamsIT_T0_EE
64,128,conv2,_Z20magma_sgemmEx_kernelIfffLb0ELb0ELi6ELi3ELi5ELi3ELi3EEviii13BatchedTensoriS0_iS0_iS0_iiiPKT_S3_S1_S1_i18cublasLtEpilogue_tiPKvx
64,128,conv2,_ZN5cudnn17winograd_nonfused28winogradForwardOutput9x9_5x5IffEEvNS0_20WinogradOutputParamsIT_T0_EE
64,128,relu2,_ZN2at6native29vectorized_elementwise_kernelILi4EZZZNS0_49_GLOBAL__N__a62a4dcd_16_TensorCompare_cu_71e06f4e19launch_clamp_scalarERNS_18TensorIteratorBaseEN3c106ScalarES6_NS0_6detail11ClampLimitsEENKUlvE_clEvENKUlvE5_clEvEUlfE_St5arrayIPcLy2EELb0EEEviT0_T1_
64,128,conv3,_Z23implicit_convolve_sgemmIffiLi128ELi5ELi5ELi3ELi3ELi3ELi1ELb0ELb0ELb1EEviiiPKT_iPT0_S2_18kernel_conv_paramsyT1_ffiPKS3_S8_bbii
64,128,relu3,_ZN2at6native29vectorized_elementwise_kernelILi4EZZZNS0_49_GLOBAL__N__a62a4dcd_16_TensorCompare_cu_71e06f4e19launch_clamp_scalarERNS_18TensorIteratorBaseEN3c106ScalarES6_NS0_6detail11ClampLimitsEENKUlvE_clEvENKUlvE5_clEvEUlfE_St5arrayIPcLy2EELb0EEEviT0_T1_
64,128,conv4,_Z23implicit_convolve_sgemmIffiLi1024ELi5ELi5ELi3ELi3ELi3ELi1ELb0ELb0ELb1EEviiiPKT_iPT0_S2_18kernel_conv_paramsyT1_ffiPKS3_S8_bbii
64,128,relu4,_ZN2at6native29vectorized_elementwise_kernelILi4EZZZNS0_49_GLOBAL__N__a62a4dcd_16_TensorCompare_cu_71e06f4e19launch_clamp_scalarERNS_18TensorIteratorBaseEN3c106ScalarES6_NS0_6detail11ClampLimitsEENKUlvE_clEvENKUlvE5_clEvEUlfE_St5arrayIPcLy2EELb0EEEviT0_T1_
64,128,conv5,_Z23implicit_convolve_sgemmIffiLi128ELi5ELi5ELi3ELi3ELi3ELi1ELb0ELb0ELb1EEviiiPKT_iPT0_S2_18kernel_conv_paramsyT1_ffiPKS3_S8_bbii
64,128,relu5,_ZN2at6native29vectorized_elementwise_kernelILi4EZZZNS0_49_GLOBAL__N__a62a4dcd_16_TensorCompare_cu_71e06f4e19launch_clamp_scalarERNS_18TensorIteratorBaseEN3c106ScalarES6_NS0_6detail11ClampLimitsEENKUlvE_clEvENKUlvE5_clEvEUlfE_St5arrayIPcLy2EELb0EEEviT0_T1_
64,128,conv6,_Z23implicit_convolve_sgemmIffiLi512ELi6ELi8ELi3ELi3ELi5ELi1ELb0ELb0ELb1EEviiiPKT_iPT0_S2_18kernel_conv_paramsyT1_ffiPKS3_S8_bbii
64,128,relu6,_ZN2at6native29vectorized_elementwise_kernelILi4EZZZNS0_49_GLOBAL__N__a62a4dcd_16_TensorCompare_cu_71e06f4e19launch_clamp_scalarERNS_18TensorIteratorBaseEN3c106ScalarES6_NS0_6detail11ClampLimitsEENKUlvE_clEvENKUlvE5_clEvEUlfE_St5arrayIPcLy2EELb0EEEviT0_T1_
64,128,global_avg_pool,_ZN2at6native13reduce_kernelILi512ELi1ENS0_8ReduceOpIfNS0_7MeanOpsIffffEEjfLi4ELi4EEEEEvT1_
64,128,fc1,_ZN7cutlass7Kernel2I41cutlass_80_simt_sgemm_64x64_8x5_tn_align1EEvNT_6ParamsE
64,128,fc1,_ZN8cublasLt19splitKreduce_kernelILi32ELi16EiffffLb0EfffLb1ELb1ELb0ELb0EEEvNS_18cublasSplitKParamsIT4_EEPKT2_PKT8_PT7_PT3_PKS2_SF_PKT9_S6_PSG_PvxPS2_PiSL_SL_SF_SF_SF_SF_SF_
64,128,relu7,_ZN2at6native29vectorized_elementwise_kernelILi4EZZZNS0_49_GLOBAL__N__a62a4dcd_16_TensorCompare_cu_71e06f4e19launch_clamp_scalarERNS_18TensorIteratorBaseEN3c106ScalarES6_NS0_6detail11ClampLimitsEENKUlvE_clEvENKUlvE5_clEvEUlfE_St5arrayIPcLy2EELb0EEEviT0_T1_
64,128,fc2,_ZN7cutlass7Kernel2I41cutlass_80_simt_sgemm_64x64_8x5_tn_align1EEvNT_6ParamsE
64,128,fc2,_ZN8cublasLt19splitKreduce_kernelILi32ELi16EiffffLb0EfffLb1ELb1ELb0ELb0EEEvNS_18cublasSplitKParamsIT4_EEPKT2_PKT8_PT7_PT3_PKS2_SF_PKT9_S6_PSG_PvxPS2_PiSL_SL_SF_SF_SF_SF_SF_
64,167,conv1,_Z23implicit_convolve_sgemmIffiLi1024ELi5ELi5ELi3ELi3ELi3ELi1ELb0ELb0ELb1EEviiiPKT_iPT0_S2_18kernel_conv_paramsyT1_ffiPKS3_S8_bbii
64,167,relu1,_ZN2at6native29vectorized_elementwise_kernelILi4EZZZNS0_49_GLOBAL__N__a62a4dcd_16_TensorCompare_cu_71e06f4e19launch_clamp_scalarERNS_18TensorIteratorBaseEN3c106ScalarES6_NS0_6detail11ClampLimitsEENKUlvE_clEvENKUlvE5_clEvEUlfE_St5arrayIPcLy2EELb0EEEviT0_T1_
64,167,maxpool,_ZN2at6native52_GLOBAL__N__71d79c19_19_DilatedMaxPool2d_cu_9872839c21max_pool_forward_nchwIfiEEvT0_PKT_xxxiiiiiiiiiiPS4_Px
64,167,conv2,_ZN5cudnn17winograd_nonfused26winogradForwardData9x9_5x5IffEEvNS0_18WinogradDataParamsIT_T0_EE
64,167,conv2,_ZN5cudnn17winograd_nonfused28winogradForwardFilter9x9_5x5IffEEvNS0_20WinogradFilterParamsIT_T0_EE
64,167,conv2,_Z20magma_sgemmEx_kernelIfffLb0ELb0ELi6ELi3ELi5ELi3ELi3EEviii13BatchedTensoriS0_iS0_iS0_iiiPKT_S3_S1_S1_i18cublasLtEpilogue_tiPKvx
64,167,conv2,_ZN5cudnn17winograd_nonfused28winogradForwardOutput9x9_5x5IffEEvNS0_20WinogradOutputParamsIT_T0_EE
64,167,relu2,_ZN2at6native29vectorized_elementwise_kernelILi4EZZZNS0_49_GLOBAL__N__a62a4dcd_16_TensorCompare_cu_71e06f4e19launch_clamp_scalarERNS_18TensorIteratorBaseEN3c106ScalarES6_NS0_6detail11ClampLimitsEENKUlvE_clEvENKUlvE5_clEvEUlfE_St5arrayIPcLy2EELb0EEEviT0_T1_
64,167,conv3,_Z23implicit_convolve_sgemmIffiLi128ELi5ELi5ELi3ELi3ELi3ELi1ELb0ELb0ELb1EEviiiPKT_iPT0_S2_18kernel_conv_paramsyT1_ffiPKS3_S8_bbii
64,167,relu3,_ZN2at6native29vectorized_elementwise_kernelILi4EZZZNS0_49_GLOBAL__N__a62a4dcd_16_TensorCompare_cu_71e06f4e19launch_clamp_scalarERNS_18TensorIteratorBaseEN3c106ScalarES6_NS0_6detail11ClampLimitsEENKUlvE_clEvENKUlvE5_clEvEUlfE_St5arrayIPcLy2EELb0EEEviT0_T1_
64,167,conv4,_Z23implicit_convolve_sgemmIffiLi512ELi6ELi8ELi3ELi3ELi5ELi1ELb0ELb0ELb1EEviiiPKT_iPT0_S2_18kernel_conv_paramsyT1_ffiPKS3_S8_bbii
64,167,relu4,_ZN2at6native29vectorized_elementwise_kernelILi4EZZZNS0_49_GLOBAL__N__a62a4dcd_16_TensorCompare_cu_71e06f4e19launch_clamp_scalarERNS_18TensorIteratorBaseEN3c106ScalarES6_NS0_6detail11ClampLimitsEENKUlvE_clEvENKUlvE5_clEvEUlfE_St5arrayIPcLy2EELb0EEEviT0_T1_
64,167,conv5,_Z23implicit_convolve_sgemmIffiLi128ELi5ELi5ELi3ELi3ELi3ELi1ELb0ELb0ELb1EEviiiPKT_iPT0_S2_18kernel_conv_paramsyT1_ffiPKS3_S8_bbii
64,167,relu5,_ZN2at6native29vectorized_elementwise_kernelILi4EZZZNS0_49_GLOBAL__N__a62a4dcd_16_TensorCompare_cu_71e06f4e19launch_clamp_scalarERNS_18TensorIteratorBaseEN3c106ScalarES6_NS0_6detail11ClampLimitsEENKUlvE_clEvENKUlvE5_clEvEUlfE_St5arrayIPcLy2EELb0EEEviT0_T1_
64,167,conv6,_Z23implicit_convolve_sgemmIffiLi1024ELi5ELi5ELi3ELi3ELi3ELi1ELb0ELb0ELb1EEviiiPKT_iPT0_S2_18kernel_conv_paramsyT1_ffiPKS3_S8_bbii
64,167,relu6,_ZN2at6native29vectorized_elementwise_kernelILi4EZZZNS0_49_GLOBAL__N__a62a4dcd_16_TensorCompare_cu_71e06f4e19launch_clamp_scalarERNS_18TensorIteratorBaseEN3c106ScalarES6_NS0_6detail11ClampLimitsEENKUlvE_clEvENKUlvE5_clEvEUlfE_St5arrayIPcLy2EELb0EEEviT0_T1_
64,167,global_avg_pool,_ZN2at6native13reduce_kernelILi512ELi1ENS0_8ReduceOpIfNS0_7MeanOpsIffffEEjfLi4ELi4EEEEEvT1_
64,167,fc1,_ZN7cutlass7Kernel2I41cutlass_80_simt_sgemm_64x64_8x5_tn_align1EEvNT_6ParamsE
64,167,fc1,_ZN8cublasLt19splitKreduce_kernelILi32ELi16EiffffLb0EfffLb1ELb1ELb0ELb0EEEvNS_18cublasSplitKParamsIT4_EEPKT2_PKT8_PT7_PT3_PKS2_SF_PKT9_S6_PSG_PvxPS2_PiSL_SL_SF_SF_SF_SF_SF_
64,167,relu7,_ZN2at6native29vectorized_elementwise_kernelILi4EZZZNS0_49_GLOBAL__N__a62a4dcd_16_TensorCompare_cu_71e06f4e19launch_clamp_scalarERNS_18TensorIteratorBaseEN3c106ScalarES6_NS0_6detail11ClampLimitsEENKUlvE_clEvENKUlvE5_clEvEUlfE_St5arrayIPcLy2EELb0EEEviT0_T1_
64,167,fc2,_ZN7cutlass7Kernel2I41cutlass_80_simt_sgemm_64x64_8x5_tn_align1EEvNT_6ParamsE
64,167,fc2,_ZN8cublasLt19splitKreduce_kernelILi32ELi16EiffffLb0EfffLb1ELb1ELb0ELb0EEEvNS_18cublasSplitKParamsIT4_EEPKT2_PKT8_PT7_PT3_PKS2_SF_PKT9_S6_PSG_PvxPS2_PiSL_SL_SF_SF_SF_SF_SF_
64,256,conv1,_Z23implicit_convolve_sgemmIffiLi1024ELi5ELi5ELi3ELi3ELi3ELi1ELb0ELb0ELb1EEviiiPKT_iPT0_S2_18kernel_conv_paramsyT1_ffiPKS3_S8_bbii
64,256,relu1,_ZN2at6native29vectorized_elementwise_kernelILi4EZZZNS0_49_GLOBAL__N__a62a4dcd_16_TensorCompare_cu_71e06f4e19launch_clamp_scalarERNS_18TensorIteratorBaseEN3c106ScalarES6_NS0_6detail11ClampLimitsEENKUlvE_clEvENKUlvE5_clEvEUlfE_St5arrayIPcLy2EELb0EEEviT0_T1_
64,256,maxpool,_ZN2at6native52_GLOBAL__N__71d79c19_19_DilatedMaxPool2d_cu_9872839c21max_pool_forward_nchwIfiEEvT0_PKT_xxxiiiiiiiiiiPS4_Px
64,256,conv2,_ZN5cudnn17winograd_nonfused26winogradForwardData9x9_5x5IffEEvNS0_18WinogradDataParamsIT_T0_EE
64,256,conv2,_ZN5cudnn17winograd_nonfused28winogradForwardFilter9x9_5x5IffEEvNS0_20WinogradFilterParamsIT_T0_EE
64,256,conv2,_Z20magma_sgemmEx_kernelIfffLb0ELb0ELi6ELi3ELi5ELi3ELi3EEviii13BatchedTensoriS0_iS0_iS0_iiiPKT_S3_S1_S1_i18cublasLtEpilogue_tiPKvx
64,256,conv2,_ZN5cudnn17winograd_nonfused28winogradForwardOutput9x9_5x5IffEEvNS0_20WinogradOutputParamsIT_T0_EE
64,256,relu2,_ZN2at6native29vectorized_elementwise_kernelILi4EZZZNS0_49_GLOBAL__N__a62a4dcd_16_TensorCompare_cu_71e06f4e19launch_clamp_scalarERNS_18TensorIteratorBaseEN3c106ScalarES6_NS0_6detail11ClampLimitsEENKUlvE_clEvENKUlvE5_clEvEUlfE_St5arrayIPcLy2EELb0EEEviT0_T1_
64,256,conv3,_Z23implicit_convolve_sgemmIffiLi512ELi6ELi8ELi3ELi3ELi5ELi1ELb0ELb0ELb1EEviiiPKT_iPT0_S2_18kernel_conv_paramsyT1_ffiPKS3_S8_bbii
64,256,relu3,_ZN2at6native29vectorized_elementwise_kernelILi4EZZZNS0_49_GLOBAL__N__a62a4dcd_16_TensorCompare_cu_71e06f4e19launch_clamp_scalarERNS_18TensorIteratorBaseEN3c106ScalarES6_NS0_6detail11ClampLimitsEENKUlvE_clEvENKUlvE5_clEvEUlfE_St5arrayIPcLy2EELb0EEEviT0_T1_
64,256,conv4,_Z23implicit_convolve_sgemmIffiLi512ELi6ELi8ELi3ELi3ELi5ELi1ELb0ELb0ELb1EEviiiPKT_iPT0_S2_18kernel_conv_paramsyT1_ffiPKS3_S8_bbii
64,256,relu4,_ZN2at6native29vectorized_elementwise_kernelILi4EZZZNS0_49_GLOBAL__N__a62a4dcd_16_TensorCompare_cu_71e06f4e19launch_clamp_scalarERNS_18TensorIteratorBaseEN3c106ScalarES6_NS0_6detail11ClampLimitsEENKUlvE_clEvENKUlvE5_clEvEUlfE_St5arrayIPcLy2EELb0EEEviT0_T1_
64,256,conv5,_ZN5cudnn3cnn23kern_precompute_indicesILb0EEEvPiiiiii
64,256,conv5,_Z26precomputed_convolve_sgemmIfiLi512ELi6ELi7ELi4ELi3ELi5ELi1ELb0EEviiiPKT_iPS0_S2_18kernel_conv_paramsyT0_ffibbS2_S2_Pi
64,256,conv5,_Z23implicit_convolve_sgemmIffiLi128ELi6ELi7ELi3ELi3ELi5ELi1ELb0ELb0ELb1EEviiiPKT_iPT0_S2_18kernel_conv_paramsyT1_ffiPKS3_S8_bbii
64,256,conv5,_Z23implicit_convolve_sgemmIffiLi128ELi6ELi7ELi3ELi3ELi5ELi1ELb0ELb0ELb1EEviiiPKT_iPT0_S2_18kernel_conv_paramsyT1_ffiPKS3_S8_bbii
64,256,relu5,_ZN2at6native29vectorized_elementwise_kernelILi4EZZZNS0_49_GLOBAL__N__a62a4dcd_16_TensorCompare_cu_71e06f4e19launch_clamp_scalarERNS_18TensorIteratorBaseEN3c106ScalarES6_NS0_6detail11ClampLimitsEENKUlvE_clEvENKUlvE5_clEvEUlfE_St5arrayIPcLy2EELb0EEEviT0_T1_
64,256,conv6,_Z23implicit_convolve_sgemmIffiLi512ELi6ELi8ELi3ELi3ELi5ELi1ELb0ELb0ELb1EEviiiPKT_iPT0_S2_18kernel_conv_paramsyT1_ffiPKS3_S8_bbii
64,256,relu6,_ZN2at6native29vectorized_elementwise_kernelILi4EZZZNS0_49_GLOBAL__N__a62a4dcd_16_TensorCompare_cu_71e06f4e19launch_clamp_scalarERNS_18TensorIteratorBaseEN3c106ScalarES6_NS0_6detail11ClampLimitsEENKUlvE_clEvENKUlvE5_clEvEUlfE_St5arrayIPcLy2EELb0EEEviT0_T1_
64,256,global_avg_pool,_ZN2at6native13reduce_kernelILi512ELi1ENS0_8ReduceOpIfNS0_7MeanOpsIffffEEjfLi4ELi4EEEEEvT1_
64,256,fc1,_ZN7cutlass7Kernel2I41cutlass_80_simt_sgemm_64x64_8x5_tn_align1EEvNT_6ParamsE
64,256,fc1,_ZN8cublasLt19splitKreduce_kernelILi32ELi16EiffffLb0EfffLb1ELb1ELb0ELb0EEEvNS_18cublasSplitKParamsIT4_EEPKT2_PKT8_PT7_PT3_PKS2_SF_PKT9_S6_PSG_PvxPS2_PiSL_SL_SF_SF_SF_SF_SF_
64,256,relu7,_ZN2at6native29vectorized_elementwise_kernelILi4EZZZNS0_49_GLOBAL__N__a62a4dcd_16_TensorCompare_cu_71e06f4e19launch_clamp_scalarERNS_18TensorIteratorBaseEN3c106ScalarES6_NS0_6detail11ClampLimitsEENKUlvE_clEvENKUlvE5_clEvEUlfE_St5arrayIPcLy2EELb0EEEviT0_T1_
64,256,fc2,_ZN7cutlass7Kernel2I41cutlass_80_simt_sgemm_64x64_8x5_tn_align1EEvNT_6ParamsE
64,256,fc2,_ZN8cublasLt19splitKreduce_kernelILi32ELi16EiffffLb0EfffLb1ELb1ELb0ELb0EEEvNS_18cublasSplitKParamsIT4_EEPKT2_PKT8_PT7_PT3_PKS2_SF_PKT9_S6_PSG_PvxPS2_PiSL_SL_SF_SF_SF_SF_SF_
112,1,conv1,_Z23implicit_convolve_sgemmIffiLi1024ELi5ELi5ELi3ELi3ELi3ELi1ELb0ELb0ELb1EEviiiPKT_iPT0_S2_18kernel_conv_paramsyT1_ffiPKS3_S8_bbii
112,1,relu1,_ZN2at6native29vectorized_elementwise_kernelILi4EZZZNS0_49_GLOBAL__N__a62a4dcd_16_TensorCompare_cu_71e06f4e19launch_clamp_scalarERNS_18TensorIteratorBaseEN3c106ScalarES6_NS0_6detail11ClampLimitsEENKUlvE_clEvENKUlvE5_clEvEUlfE_St5arrayIPcLy2EELb0EEEviT0_T1_
112,1,maxpool,_ZN2at6native52_GLOBAL__N__71d79c19_19_DilatedMaxPool2d_cu_9872839c21max_pool_forward_nchwIfiEEvT0_PKT_xxxiiiiiiiiiiPS4_Px
112,1,conv2,_Z23implicit_convolve_sgemmIffiLi1024ELi5ELi5ELi3ELi3ELi3ELi1ELb0ELb0ELb1EEviiiPKT_iPT0_S2_18kernel_conv_paramsyT1_ffiPKS3_S8_bbii
112,1,relu2,_ZN2at6native29vectorized_elementwise_kernelILi4EZZZNS0_49_GLOBAL__N__a62a4dcd_16_TensorCompare_cu_71e06f4e19launch_clamp_scalarERNS_18TensorIteratorBaseEN3c106ScalarES6_NS0_6detail11ClampLimitsEENKUlvE_clEvENKUlvE5_clEvEUlfE_St5arrayIPcLy2EELb0EEEviT0_T1_
112,1,conv3,_Z23implicit_convolve_sgemmIffiLi1024ELi5ELi5ELi3ELi3ELi3ELi1ELb0ELb0ELb1EEviiiPKT_iPT0_S2_18kernel_conv_paramsyT1_ffiPKS3_S8_bbii
112,1,relu3,_ZN2at6native29vectorized_elementwise_kernelILi4EZZZNS0_49_GLOBAL__N__a62a4dcd_16_TensorCompare_cu_71e06f4e19launch_clamp_scalarERNS_18TensorIteratorBaseEN3c106ScalarES6_NS0_6detail11ClampLimitsEENKUlvE_clEvENKUlvE5_clEvEUlfE_St5arrayIPcLy2EELb0EEEviT0_T1_
112,1,conv4,_Z23implicit_convolve_sgemmIffiLi1024ELi5ELi5ELi3ELi3ELi3ELi1ELb0ELb0ELb1EEviiiPKT_iPT0_S2_18kernel_conv_paramsyT1_ffiPKS3_S8_bbii
112,1,relu4,_ZN2at6native29vectorized_elementwise_kernelILi4EZZZNS0_49_GLOBAL__N__a62a4dcd_16_TensorCompare_cu_71e06f4e19launch_clamp_scalarERNS_18TensorIteratorBaseEN3c106ScalarES6_NS0_6detail11ClampLimitsEENKUlvE_clEvENKUlvE5_clEvEUlfE_St5arrayIPcLy2EELb0EEEviT0_T1_
112,1,conv5,_Z23implicit_convolve_sgemmIffiLi1024ELi5ELi5ELi3ELi3ELi3ELi1ELb0ELb0ELb1EEviiiPKT_iPT0_S2_18kernel_conv_paramsyT1_ffiPKS3_S8_bbii
112,1,relu5,_ZN2at6native29vectorized_elementwise_kernelILi4EZZZNS0_49_GLOBAL__N__a62a4dcd_16_TensorCompare_cu_71e06f4e19launch_clamp_scalarERNS_18TensorIteratorBaseEN3c106ScalarES6_NS0_6detail11ClampLimitsEENKUlvE_clEvENKUlvE5_clEvEUlfE_St5arrayIPcLy2EELb0EEEviT0_T1_
112,1,conv6,_Z23implicit_convolve_sgemmIffiLi1024ELi5ELi5ELi3ELi3ELi3ELi1ELb0ELb0ELb1EEviiiPKT_iPT0_S2_18kernel_conv_paramsyT1_ffiPKS3_S8_bbii
112,1,relu6,_ZN2at6native29vectorized_elementwise_kernelILi4EZZZNS0_49_GLOBAL__N__a62a4dcd_16_TensorCompare_cu_71e06f4e19launch_clamp_scalarERNS_18TensorIteratorBaseEN3c106ScalarES6_NS0_6detail11ClampLimitsEENKUlvE_clEvENKUlvE5_clEvEUlfE_St5arrayIPcLy2EELb0EEEviT0_T1_
112,1,global_avg_pool,_ZN2at6native13reduce_kernelILi512ELi1ENS0_8ReduceOpIfNS0_7MeanOpsIffffEEjfLi4ELi4EEEEEvT1_
112,1,fc1,_ZN8internal5gemvx6kernelIiiffffLb0ELb1ELb1ELb0ELi7ELb0E18cublasGemvParamsExIi30cublasGemvTensorStridedBatchedIKfES5_S3_IfEfEEENSt9enable_ifIXntT5_EvE4typeET11_
112,1,relu7,_ZN2at6native29vectorized_elementwise_kernelILi4EZZZNS0_49_GLOBAL__N__a62a4dcd_16_TensorCompare_cu_71e06f4e19launch_clamp_scalarERNS_18TensorIteratorBaseEN3c106ScalarES6_NS0_6detail11ClampLimitsEENKUlvE_clEvENKUlvE5_clEvEUlfE_St5arrayIPcLy2EELb0EEEviT0_T1_
112,1,fc2,_ZN8internal5gemvx6kernelIiiffffLb0ELb1ELb1ELb0ELi7ELb0E18cublasGemvParamsExIi30cublasGemvTensorStridedBatchedIKfES5_S3_IfEfEEENSt9enable_ifIXntT5_EvE4typeET11_
112,2,conv1,_Z23implicit_convolve_sgemmIffiLi1024ELi5ELi5ELi3ELi3ELi3ELi1ELb0ELb0ELb1EEviiiPKT_iPT0_S2_18kernel_conv_paramsyT1_ffiPKS3_S8_bbii
112,2,relu1,_ZN2at6native29vectorized_elementwise_kernelILi4EZZZNS0_49_GLOBAL__N__a62a4dcd_16_TensorCompare_cu_71e06f4e19launch_clamp_scalarERNS_18TensorIteratorBaseEN3c106ScalarES6_NS0_6detail11ClampLimitsEENKUlvE_clEvENKUlvE5_clEvEUlfE_St5arrayIPcLy2EELb0EEEviT0_T1_
112,2,maxpool,_ZN2at6native52_GLOBAL__N__71d79c19_19_DilatedMaxPool2d_cu_9872839c21max_pool_forward_nchwIfiEEvT0_PKT_xxxiiiiiiiiiiPS4_Px
112,2,conv2,_Z23implicit_convolve_sgemmIffiLi1024ELi5ELi5ELi3ELi3ELi3ELi1ELb0ELb0ELb1EEviiiPKT_iPT0_S2_18kernel_conv_paramsyT1_ffiPKS3_S8_bbii
112,2,relu2,_ZN2at6native29vectorized_elementwise_kernelILi4EZZZNS0_49_GLOBAL__N__a62a4dcd_16_TensorCompare_cu_71e06f4e19launch_clamp_scalarERNS_18TensorIteratorBaseEN3c106ScalarES6_NS0_6detail11ClampLimitsEENKUlvE_clEvENKUlvE5_clEvEUlfE_St5arrayIPcLy2EELb0EEEviT0_T1_
112,2,conv3,_Z23implicit_convolve_sgemmIffiLi1024ELi5ELi5ELi3ELi3ELi3ELi1ELb0ELb0ELb1EEviiiPKT_iPT0_S2_18kernel_conv_paramsyT1_ffiPKS3_S8_bbii
112,2,relu3,_ZN2at6native29vectorized_elementwise_kernelILi4EZZZNS0_49_GLOBAL__N__a62a4dcd_16_TensorCompare_cu_71e06f4e19launch_clamp_scalarERNS_18TensorIteratorBaseEN3c106ScalarES6_NS0_6detail11ClampLimitsEENKUlvE_clEvENKUlvE5_clEvEUlfE_St5arrayIPcLy2EELb0EEEviT0_T1_
112,2,conv4,_Z23implicit_convolve_sgemmIffiLi1024ELi5ELi5ELi3ELi3ELi3ELi1ELb0ELb0ELb1EEviiiPKT_iPT0_S2_18kernel_conv_paramsyT1_ffiPKS3_S8_bbii
112,2,relu4,_ZN2at6native29vectorized_elementwise_kernelILi4EZZZNS0_49_GLOBAL__N__a62a4dcd_16_TensorCompare_cu_71e06f4e19launch_clamp_scalarERNS_18TensorIteratorBaseEN3c106ScalarES6_NS0_6detail11ClampLimitsEENKUlvE_clEvENKUlvE5_clEvEUlfE_St5arrayIPcLy2EELb0EEEviT0_T1_
112,2,conv5,_Z23implicit_convolve_sgemmIffiLi1024ELi5ELi5ELi3ELi3ELi3ELi1ELb0ELb0ELb1EEviiiPKT_iPT0_S2_18kernel_conv_paramsyT1_ffiPKS3_S8_bbii
112,2,relu5,_ZN2at6native29vectorized_elementwise_kernelILi4EZZZNS0_49_GLOBAL__N__a62a4dcd_16_TensorCompare_cu_71e06f4e19launch_clamp_scalarERNS_18TensorIteratorBaseEN3c106ScalarES6_NS0_6detail11ClampLimitsEENKUlvE_clEvENKUlvE5_clEvEUlfE_St5arrayIPcLy2EELb0EEEviT0_T1_
112,2,conv6,_Z23implicit_convolve_sgemmIffiLi1024ELi5ELi5ELi3ELi3ELi3ELi1ELb0ELb0ELb1EEviiiPKT_iPT0_S2_18kernel_conv_paramsyT1_ffiPKS3_S8_bbii
112,2,relu6,_ZN2at6native29vectorized_elementwise_kernelILi4EZZZNS0_49_GLOBAL__N__a62a4dcd_16_TensorCompare_cu_71e06f4e19launch_clamp_scalarERNS_18TensorIteratorBaseEN3c106ScalarES6_NS0_6detail11ClampLimitsEENKUlvE_clEvENKUlvE5_clEvEUlfE_St5arrayIPcLy2EELb0EEEviT0_T1_
112,2,global_avg_pool,_ZN2at6native13reduce_kernelILi512ELi1ENS0_8ReduceOpIfNS0_7MeanOpsIffffEEjfLi4ELi4EEEEEvT1_
112,2,fc1,_Z16gemmSN_TN_kernelIfLi128ELi16ELi2ELi4ELi2ELi2ELb1E30cublasGemvTensorStridedBatchedIKfES2_S0_IfEEv22cublasGemmSmallNParamsIT7_T8_T9_T_E
112,2,relu7,_ZN2at6native29vectorized_elementwise_kernelILi4EZZZNS0_49_GLOBAL__N__a62a4dcd_16_TensorCompare_cu_71e06f4e19launch_clamp_scalarERNS_18TensorIteratorBaseEN3c106ScalarES6_NS0_6detail11ClampLimitsEENKUlvE_clEvENKUlvE5_clEvEUlfE_St5arrayIPcLy2EELb0EEEviT0_T1_
112,2,fc2,_Z16gemmSN_TN_kernelIfLi128ELi16ELi2ELi4ELi2ELi2ELb1E30cublasGemvTensorStridedBatchedIKfES2_S0_IfEEv22cublasGemmSmallNParamsIT7_T8_T9_T_E
112,4,conv1,_Z23implicit_convolve_sgemmIffiLi1024ELi5ELi5ELi3ELi3ELi3ELi1ELb0ELb0ELb1EEviiiPKT_iPT0_S2_18kernel_conv_paramsyT1_ffiPKS3_S8_bbii
112,4,relu1,_ZN2at6native29vectorized_elementwise_kernelILi4EZZZNS0_49_GLOBAL__N__a62a4dcd_16_TensorCompare_cu_71e06f4e19launch_clamp_scalarERNS_18TensorIteratorBaseEN3c106ScalarES6_NS0_6detail11ClampLimitsEENKUlvE_clEvENKUlvE5_clEvEUlfE_St5arrayIPcLy2EELb0EEEviT0_T1_
112,4,maxpool,_ZN2at6native52_GLOBAL__N__71d79c19_19_DilatedMaxPool2d_cu_9872839c21max_pool_forward_nchwIfiEEvT0_PKT_xxxiiiiiiiiiiPS4_Px
112,4,conv2,_Z23implicit_convolve_sgemmIffiLi1024ELi5ELi5ELi3ELi3ELi3ELi1ELb0ELb0ELb1EEviiiPKT_iPT0_S2_18kernel_conv_paramsyT1_ffiPKS3_S8_bbii
112,4,relu2,_ZN2at6native29vectorized_elementwise_kernelILi4EZZZNS0_49_GLOBAL__N__a62a4dcd_16_TensorCompare_cu_71e06f4e19launch_clamp_scalarERNS_18TensorIteratorBaseEN3c106ScalarES6_NS0_6detail11ClampLimitsEENKUlvE_clEvENKUlvE5_clEvEUlfE_St5arrayIPcLy2EELb0EEEviT0_T1_
112,4,conv3,_Z23implicit_convolve_sgemmIffiLi1024ELi5ELi5ELi3ELi3ELi3ELi1ELb0ELb0ELb1EEviiiPKT_iPT0_S2_18kernel_conv_paramsyT1_ffiPKS3_S8_bbii
112,4,relu3,_ZN2at6native29vectorized_elementwise_kernelILi4EZZZNS0_49_GLOBAL__N__a62a4dcd_16_TensorCompare_cu_71e06f4e19launch_clamp_scalarERNS_18TensorIteratorBaseEN3c106ScalarES6_NS0_6detail11ClampLimitsEENKUlvE_clEvENKUlvE5_clEvEUlfE_St5arrayIPcLy2EELb0EEEviT0_T1_
112,4,conv4,_Z23implicit_convolve_sgemmIffiLi1024ELi5ELi5ELi3ELi3ELi3ELi1ELb0ELb0ELb1EEviiiPKT_iPT0_S2_18kernel_conv_paramsyT1_ffiPKS3_S8_bbii
112,4,relu4,_ZN2at6native29vectorized_elementwise_kernelILi4EZZZNS0_49_GLOBAL__N__a62a4dcd_16_TensorCompare_cu_71e06f4e19launch_clamp_scalarERNS_18TensorIteratorBaseEN3c106ScalarES6_NS0_6detail11ClampLimitsEENKUlvE_clEvENKUlvE5_clEvEUlfE_St5arrayIPcLy2EELb0EEEviT0_T1_
112,4,conv5,_Z23implicit_convolve_sgemmIffiLi1024ELi5ELi5ELi3ELi3ELi3ELi1ELb0ELb0ELb1EEviiiPKT_iPT0_S2_18kernel_conv_paramsyT1_ffiPKS3_S8_bbii
112,4,relu5,_ZN2at6native29vectorized_elementwise_kernelILi4EZZZNS0_49_GLOBAL__N__a62a4dcd_16_TensorCompare_cu_71e06f4e19launch_clamp_scalarERNS_18TensorIteratorBaseEN3c106ScalarES6_NS0_6detail11ClampLimitsEENKUlvE_clEvENKUlvE5_clEvEUlfE_St5arrayIPcLy2EELb0EEEviT0_T1_
112,4,conv6,_Z23implicit_convolve_sgemmIffiLi1024ELi5ELi5ELi3ELi3ELi3ELi1ELb0ELb0ELb1EEviiiPKT_iPT0_S2_18kernel_conv_paramsyT1_ffiPKS3_S8_bbii
112,4,relu6,_ZN2at6native29vectorized_elementwise_kernelILi4EZZZNS0_49_GLOBAL__N__a62a4dcd_16_TensorCompare_cu_71e06f4e19launch_clamp_scalarERNS_18TensorIteratorBaseEN3c106ScalarES6_NS0_6detail11ClampLimitsEENKUlvE_clEvENKUlvE5_clEvEUlfE_St5arrayIPcLy2EELb0EEEviT0_T1_
112,4,global_avg_pool,_ZN2at6native13reduce_kernelILi512ELi1ENS0_8ReduceOpIfNS0_7MeanOpsIffffEEjfLi4ELi4EEEEEvT1_
112,4,fc1,_Z16gemmSN_TN_kernelIfLi128ELi16ELi2ELi4ELi4ELi4ELb1E30cublasGemvTensorStridedBatchedIKfES2_S0_IfEEv22cublasGemmSmallNParamsIT7_T8_T9_T_E
112,4,relu7,_ZN2at6native29vectorized_elementwise_kernelILi4EZZZNS0_49_GLOBAL__N__a62a4dcd_16_TensorCompare_cu_71e06f4e19launch_clamp_scalarERNS_18TensorIteratorBaseEN3c106ScalarES6_NS0_6detail11ClampLimitsEENKUlvE_clEvENKUlvE5_clEvEUlfE_St5arrayIPcLy2EELb0EEEviT0_T1_
112,4,fc2,_Z16gemmSN_TN_kernelIfLi128ELi16ELi2ELi4ELi4ELi4ELb1E30cublasGemvTensorStridedBatchedIKfES2_S0_IfEEv22cublasGemmSmallNParamsIT7_T8_T9_T_E
112,8,conv1,_Z23implicit_convolve_sgemmIffiLi1024ELi5ELi5ELi3ELi3ELi3ELi1ELb0ELb0ELb1EEviiiPKT_iPT0_S2_18kernel_conv_paramsyT1_ffiPKS3_S8_bbii
112,8,relu1,_ZN2at6native29vectorized_elementwise_kernelILi4EZZZNS0_49_GLOBAL__N__a62a4dcd_16_TensorCompare_cu_71e06f4e19launch_clamp_scalarERNS_18TensorIteratorBaseEN3c106ScalarES6_NS0_6detail11ClampLimitsEENKUlvE_clEvENKUlvE5_clEvEUlfE_St5arrayIPcLy2EELb0EEEviT0_T1_
112,8,maxpool,_ZN2at6native52_GLOBAL__N__71d79c19_19_DilatedMaxPool2d_cu_9872839c21max_pool_forward_nchwIfiEEvT0_PKT_xxxiiiiiiiiiiPS4_Px
112,8,conv2,_Z23implicit_convolve_sgemmIffiLi1024ELi5ELi5ELi3ELi3ELi3ELi1ELb0ELb0ELb1EEviiiPKT_iPT0_S2_18kernel_conv_paramsyT1_ffiPKS3_S8_bbii
112,8,relu2,_ZN2at6native29vectorized_elementwise_kernelILi4EZZZNS0_49_GLOBAL__N__a62a4dcd_16_TensorCompare_cu_71e06f4e19launch_clamp_scalarERNS_18TensorIteratorBaseEN3c106ScalarES6_NS0_6detail11ClampLimitsEENKUlvE_clEvENKUlvE5_clEvEUlfE_St5arrayIPcLy2EELb0EEEviT0_T1_
112,8,conv3,_Z23implicit_convolve_sgemmIffiLi1024ELi5ELi5ELi3ELi3ELi3ELi1ELb0ELb0ELb1EEviiiPKT_iPT0_S2_18kernel_conv_paramsyT1_ffiPKS3_S8_bbii
112,8,relu3,_ZN2at6native29vectorized_elementwise_kernelILi4EZZZNS0_49_GLOBAL__N__a62a4dcd_16_TensorCompare_cu_71e06f4e19launch_clamp_scalarERNS_18TensorIteratorBaseEN3c106ScalarES6_NS0_6detail11ClampLimitsEENKUlvE_clEvENKUlvE5_clEvEUlfE_St5arrayIPcLy2EELb0EEEviT0_T1_
112,8,conv4,_Z23implicit_convolve_sgemmIffiLi1024ELi5ELi5ELi3ELi3ELi3ELi1ELb0ELb0ELb1EEviiiPKT_iPT0_S2_18kernel_conv_paramsyT1_ffiPKS3_S8_bbii
112,8,relu4,_ZN2at6native29vectorized_elementwise_kernelILi4EZZZNS0_49_GLOBAL__N__a62a4dcd_16_TensorCompare_cu_71e06f4e19launch_clamp_scalarERNS_18TensorIteratorBaseEN3c106ScalarES6_NS0_6detail11ClampLimitsEENKUlvE_clEvENKUlvE5_clEvEUlfE_St5arrayIPcLy2EELb0EEEviT0_T1_
112,8,conv5,_Z23implicit_convolve_sgemmIffiLi1024ELi5ELi5ELi3ELi3ELi3ELi1ELb0ELb0ELb1EEviiiPKT_iPT0_S2_18kernel_conv_paramsyT1_ffiPKS3_S8_bbii
112,8,relu5,_ZN2at6native29vectorized_elementwise_kernelILi4EZZZNS0_49_GLOBAL__N__a62a4dcd_16_TensorCompare_cu_71e06f4e19launch_clamp_scalarERNS_18TensorIteratorBaseEN3c106ScalarES6_NS0_6detail11ClampLimitsEENKUlvE_clEvENKUlvE5_clEvEUlfE_St5arrayIPcLy2EELb0EEEviT0_T1_
112,8,conv6,_Z23implicit_convolve_sgemmIffiLi1024ELi5ELi5ELi3ELi3ELi3ELi1ELb0ELb0ELb1EEviiiPKT_iPT0_S2_18kernel_conv_paramsyT1_ffiPKS3_S8_bbii
112,8,relu6,_ZN2at6native29vectorized_elementwise_kernelILi4EZZZNS0_49_GLOBAL__N__a62a4dcd_16_TensorCompare_cu_71e06f4e19launch_clamp_scalarERNS_18TensorIteratorBaseEN3c106ScalarES6_NS0_6detail11ClampLimitsEENKUlvE_clEvENKUlvE5_clEvEUlfE_St5arrayIPcLy2EELb0EEEviT0_T1_
112,8,global_avg_pool,_ZN2at6native13reduce_kernelILi512ELi1ENS0_8ReduceOpIfNS0_7MeanOpsIffffEEjfLi4ELi4EEEEEvT1_
112,8,fc1,_Z16gemmSN_TN_kernelIfLi128ELi16ELi2ELi4ELi8ELi9ELb0E30cublasGemvTensorStridedBatchedIKfES2_S0_IfEEv22cublasGemmSmallNParamsIT7_T8_T9_T_E
112,8,relu7,_ZN2at6native29vectorized_elementwise_kernelILi4EZZZNS0_49_GLOBAL__N__a62a4dcd_16_TensorCompare_cu_71e06f4e19launch_clamp_scalarERNS_18TensorIteratorBaseEN3c106ScalarES6_NS0_6detail11ClampLimitsEENKUlvE_clEvENKUlvE5_clEvEUlfE_St5arrayIPcLy2EELb0EEEviT0_T1_
112,8,fc2,_Z16gemmSN_TN_kernelIfLi128ELi16ELi2ELi4ELi8ELi9ELb0E30cublasGemvTensorStridedBatchedIKfES2_S0_IfEEv22cublasGemmSmallNParamsIT7_T8_T9_T_E
112,16,conv1,_Z23implicit_convolve_sgemmIffiLi1024ELi5ELi5ELi3ELi3ELi3ELi1ELb0ELb0ELb1EEviiiPKT_iPT0_S2_18kernel_conv_paramsyT1_ffiPKS3_S8_bbii
112,16,relu1,_ZN2at6native29vectorized_elementwise_kernelILi4EZZZNS0_49_GLOBAL__N__a62a4dcd_16_TensorCompare_cu_71e06f4e19launch_clamp_scalarERNS_18TensorIteratorBaseEN3c106ScalarES6_NS0_6detail11ClampLimitsEENKUlvE_clEvENKUlvE5_clEvEUlfE_St5arrayIPcLy2EELb0EEEviT0_T1_
112,16,maxpool,_ZN2at6native52_GLOBAL__N__71d79c19_19_DilatedMaxPool2d_cu_9872839c21max_pool_forward_nchwIfiEEvT0_PKT_xxxiiiiiiiiiiPS4_Px
112,16,conv2,_Z23implicit_convolve_sgemmIffiLi128ELi5ELi5ELi3ELi3ELi3ELi1ELb0ELb0ELb1EEviiiPKT_iPT0_S2_18kernel_conv_paramsyT1_ffiPKS3_S8_bbii
112,16,relu2,_ZN2at6native29vectorized_elementwise_kernelILi4EZZZNS0_49_GLOBAL__N__a62a4dcd_16_TensorCompare_cu_71e06f4e19launch_clamp_scalarERNS_18TensorIteratorBaseEN3c106ScalarES6_NS0_6detail11ClampLimitsEENKUlvE_clEvENKUlvE5_clEvEUlfE_St5arrayIPcLy2EELb0EEEviT0_T1_
112,16,conv3,_Z23implicit_convolve_sgemmIffiLi128ELi5ELi5ELi3ELi3ELi3ELi1ELb0ELb0ELb1EEviiiPKT_iPT0_S2_18kernel_conv_paramsyT1_ffiPKS3_S8_bbii
112,16,relu3,_ZN2at6native29vectorized_elementwise_kernelILi4EZZZNS0_49_GLOBAL__N__a62a4dcd_16_TensorCompare_cu_71e06f4e19launch_clamp_scalarERNS_18TensorIteratorBaseEN3c106ScalarES6_NS0_6detail11ClampLimitsEENKUlvE_clEvENKUlvE5_clEvEUlfE_St5arrayIPcLy2EELb0EEEviT0_T1_
112,16,conv4,_Z23implicit_convolve_sgemmIffiLi1024ELi5ELi5ELi3ELi3ELi3ELi1ELb0ELb0ELb1EEviiiPKT_iPT0_S2_18kernel_conv_paramsyT1_ffiPKS3_S8_bbii
112,16,relu4,_ZN2at6native29vectorized_elementwise_kernelILi4EZZZNS0_49_GLOBAL__N__a62a4dcd_16_TensorCompare_cu_71e06f4e19launch_clamp_scalarERNS_18TensorIteratorBaseEN3c106ScalarES6_NS0_6detail11ClampLimitsEENKUlvE_clEvENKUlvE5_clEvEUlfE_St5arrayIPcLy2EELb0EEEviT0_T1_
112,16,conv5,_Z23implicit_convolve_sgemmIffiLi1024ELi5ELi5ELi3ELi3ELi3ELi1ELb0ELb0ELb1EEviiiPKT_iPT0_S2_18kernel_conv_paramsyT1_ffiPKS3_S8_bbii
112,16,relu5,_ZN2at6native29vectorized_elementwise_kernelILi4EZZZNS0_49_GLOBAL__N__a62a4dcd_16_TensorCompare_cu_71e06f4e19launch_clamp_scalarERNS_18TensorIteratorBaseEN3c106ScalarES6_NS0_6detail11ClampLimitsEENKUlvE_clEvENKUlvE5_clEvEUlfE_St5arrayIPcLy2EELb0EEEviT0_T1_
112,16,conv6,_Z23implicit_convolve_sgemmIffiLi1024ELi5ELi5ELi3ELi3ELi3ELi1ELb0ELb0ELb1EEviiiPKT_iPT0_S2_18kernel_conv_paramsyT1_ffiPKS3_S8_bbii
112,16,relu6,_ZN2at6native29vectorized_elementwise_kernelILi4EZZZNS0_49_GLOBAL__N__a62a4dcd_16_TensorCompare_cu_71e06f4e19launch_clamp_scalarERNS_18TensorIteratorBaseEN3c106ScalarES6_NS0_6detail11ClampLimitsEENKUlvE_clEvENKUlvE5_clEvEUlfE_St5arrayIPcLy2EELb0EEEviT0_T1_
112,16,global_avg_pool,_ZN2at6native13reduce_kernelILi512ELi1ENS0_8ReduceOpIfNS0_7MeanOpsIffffEEjfLi4ELi4EEEEEvT1_
112,16,fc1,_Z16gemmSN_TN_kernelIfLi128ELi16ELi2ELi4ELi8ELi9ELb0E30cublasGemvTensorStridedBatchedIKfES2_S0_IfEEv22cublasGemmSmallNParamsIT7_T8_T9_T_E
112,16,relu7,_ZN2at6native29vectorized_elementwise_kernelILi4EZZZNS0_49_GLOBAL__N__a62a4dcd_16_TensorCompare_cu_71e06f4e19launch_clamp_scalarERNS_18TensorIteratorBaseEN3c106ScalarES6_NS0_6detail11ClampLimitsEENKUlvE_clEvENKUlvE5_clEvEUlfE_St5arrayIPcLy2EELb0EEEviT0_T1_
112,16,fc2,_Z16gemmSN_TN_kernelIfLi128ELi16ELi2ELi4ELi8ELi9ELb0E30cublasGemvTensorStridedBatchedIKfES2_S0_IfEEv22cublasGemmSmallNParamsIT7_T8_T9_T_E
112,32,conv1,_Z23implicit_convolve_sgemmIffiLi1024ELi5ELi5ELi3ELi3ELi3ELi1ELb0ELb0ELb1EEviiiPKT_iPT0_S2_18kernel_conv_paramsyT1_ffiPKS3_S8_bbii
112,32,relu1,_ZN2at6native29vectorized_elementwise_kernelILi4EZZZNS0_49_GLOBAL__N__a62a4dcd_16_TensorCompare_cu_71e06f4e19launch_clamp_scalarERNS_18TensorIteratorBaseEN3c106ScalarES6_NS0_6detail11ClampLimitsEENKUlvE_clEvENKUlvE5_clEvEUlfE_St5arrayIPcLy2EELb0EEEviT0_T1_
112,32,maxpool,_ZN2at6native52_GLOBAL__N__71d79c19_19_DilatedMaxPool2d_cu_9872839c21max_pool_forward_nchwIfiEEvT0_PKT_xxxiiiiiiiiiiPS4_Px
112,32,conv2,_Z23implicit_convolve_sgemmIffiLi1024ELi5ELi5ELi3ELi3ELi3ELi1ELb0ELb0ELb1EEviiiPKT_iPT0_S2_18kernel_conv_paramsyT1_ffiPKS3_S8_bbii
112,32,relu2,_ZN2at6native29vectorized_elementwise_kernelILi4EZZZNS0_49_GLOBAL__N__a62a4dcd_16_TensorCompare_cu_71e06f4e19launch_clamp_scalarERNS_18TensorIteratorBaseEN3c106ScalarES6_NS0_6detail11ClampLimitsEENKUlvE_clEvENKUlvE5_clEvEUlfE_St5arrayIPcLy2EELb0EEEviT0_T1_
112,32,conv3,_Z23implicit_convolve_sgemmIffiLi128ELi5ELi5ELi3ELi3ELi3ELi1ELb0ELb0ELb1EEviiiPKT_iPT0_S2_18kernel_conv_paramsyT1_ffiPKS3_S8_bbii
112,32,relu3,_ZN2at6native29vectorized_elementwise_kernelILi4EZZZNS0_49_GLOBAL__N__a62a4dcd_16_TensorCompare_cu_71e06f4e19launch_clamp_scalarERNS_18TensorIteratorBaseEN3c106ScalarES6_NS0_6detail11ClampLimitsEENKUlvE_clEvENKUlvE5_clEvEUlfE_St5arrayIPcLy2EELb0EEEviT0_T1_
112,32,conv4,_Z23implicit_convolve_sgemmIffiLi1024ELi5ELi5ELi3ELi3ELi3ELi1ELb0ELb0ELb1EEviiiPKT_iPT0_S2_18kernel_conv_paramsyT1_ffiPKS3_S8_bbii
112,32,relu4,_ZN2at6native29vectorized_elementwise_kernelILi4EZZZNS0_49_GLOBAL__N__a62a4dcd_16_TensorCompare_cu_71e06f4e19launch_clamp_scalarERNS_18TensorIteratorBaseEN3c106ScalarES6_NS0_6detail11ClampLimitsEENKUlvE_clEvENKUlvE5_clEvEUlfE_St5arrayIPcLy2EELb0EEEviT0_T1_
112,32,conv5,_Z23implicit_convolve_sgemmIffiLi128ELi5ELi5ELi3ELi3ELi3ELi1ELb0ELb0ELb1EEviiiPKT_iPT0_S2_18kernel_conv_paramsyT1_ffiPKS3_S8_bbii
112,32,relu5,_ZN2at6native29vectorized_elementwise_kernelILi4EZZZNS0_49_GLOBAL__N__a62a4dcd_16_TensorCompare_cu_71e06f4e19launch_clamp_scalarERNS_18TensorIteratorBaseEN3c106ScalarES6_NS0_6detail11ClampLimitsEENKUlvE_clEvENKUlvE5_clEvEUlfE_St5arrayIPcLy2EELb0EEEviT0_T1_
112,32,conv6,_Z23implicit_convolve_sgemmIffiLi1024ELi5ELi5ELi3ELi3ELi3ELi1ELb0ELb0ELb1EEviiiPKT_iPT0_S2_18kernel_conv_paramsyT1_ffiPKS3_S8_bbii
112,32,relu6,_ZN2at6native29vectorized_elementwise_kernelILi4EZZZNS0_49_GLOBAL__N__a62a4dcd_16_TensorCompare_cu_71e06f4e19launch_clamp_scalarERNS_18TensorIteratorBaseEN3c106ScalarES6_NS0_6detail11ClampLimitsEENKUlvE_clEvENKUlvE5_clEvEUlfE_St5arrayIPcLy2EELb0EEEviT0_T1_
112,32,global_avg_pool,_ZN2at6native13reduce_kernelILi512ELi1ENS0_8ReduceOpIfNS0_7MeanOpsIffffEEjfLi4ELi4EEEEEvT1_
112,32,fc1,_ZN7cutlass7Kernel2I41cutlass_80_simt_sgemm_64x64_8x5_tn_align1EEvNT_6ParamsE
112,32,fc1,_ZN8cublasLt19splitKreduce_kernelILi32ELi16EiffffLb0EfffLb1ELb1ELb0ELb0EEEvNS_18cublasSplitKParamsIT4_EEPKT2_PKT8_PT7_PT3_PKS2_SF_PKT9_S6_PSG_PvxPS2_PiSL_SL_SF_SF_SF_SF_SF_
112,32,relu7,_ZN2at6native29vectorized_elementwise_kernelILi4EZZZNS0_49_GLOBAL__N__a62a4dcd_16_TensorCompare_cu_71e06f4e19launch_clamp_scalarERNS_18TensorIteratorBaseEN3c106ScalarES6_NS0_6detail11ClampLimitsEENKUlvE_clEvENKUlvE5_clEvEUlfE_St5arrayIPcLy2EELb0EEEviT0_T1_
112,32,fc2,_ZN7cutlass7Kernel2I41cutlass_80_simt_sgemm_64x64_8x5_tn_align1EEvNT_6ParamsE
112,32,fc2,_ZN8cublasLt19splitKreduce_kernelILi32ELi16EiffffLb0EfffLb1ELb1ELb0ELb0EEEvNS_18cublasSplitKParamsIT4_EEPKT2_PKT8_PT7_PT3_PKS2_SF_PKT9_S6_PSG_PvxPS2_PiSL_SL_SF_SF_SF_SF_SF_
112,64,conv1,_Z23implicit_convolve_sgemmIffiLi1024ELi5ELi5ELi3ELi3ELi3ELi1ELb0ELb0ELb1EEviiiPKT_iPT0_S2_18kernel_conv_paramsyT1_ffiPKS3_S8_bbii
112,64,relu1,_ZN2at6native29vectorized_elementwise_kernelILi4EZZZNS0_49_GLOBAL__N__a62a4dcd_16_TensorCompare_cu_71e06f4e19launch_clamp_scalarERNS_18TensorIteratorBaseEN3c106ScalarES6_NS0_6detail11ClampLimitsEENKUlvE_clEvENKUlvE5_clEvEUlfE_St5arrayIPcLy2EELb0EEEviT0_T1_
112,64,maxpool,_ZN2at6native52_GLOBAL__N__71d79c19_19_DilatedMaxPool2d_cu_9872839c21max_pool_forward_nchwIfiEEvT0_PKT_xxxiiiiiiiiiiPS4_Px
112,64,conv2,_Z23implicit_convolve_sgemmIffiLi1024ELi5ELi5ELi3ELi3ELi3ELi1ELb0ELb0ELb1EEviiiPKT_iPT0_S2_18kernel_conv_paramsyT1_ffiPKS3_S8_bbii
112,64,relu2,_ZN2at6native29vectorized_elementwise_kernelILi4EZZZNS0_49_GLOBAL__N__a62a4dcd_16_TensorCompare_cu_71e06f4e19launch_clamp_scalarERNS_18TensorIteratorBaseEN3c106ScalarES6_NS0_6detail11ClampLimitsEENKUlvE_clEvENKUlvE5_clEvEUlfE_St5arrayIPcLy2EELb0EEEviT0_T1_
112,64,conv3,_Z23implicit_convolve_sgemmIffiLi128ELi5ELi5ELi3ELi3ELi3ELi1ELb0ELb0ELb1EEviiiPKT_iPT0_S2_18kernel_conv_paramsyT1_ffiPKS3_S8_bbii
112,64,relu3,_ZN2at6native29vectorized_elementwise_kernelILi4EZZZNS0_49_GLOBAL__N__a62a4dcd_16_TensorCompare_cu_71e06f4e19launch_clamp_scalarERNS_18TensorIteratorBaseEN3c106ScalarES6_NS0_6detail11ClampLimitsEENKUlvE_clEvENKUlvE5_clEvEUlfE_St5arrayIPcLy2EELb0EEEviT0_T1_
112,64,conv4,_Z23implicit_convolve_sgemmIffiLi1024ELi5ELi5ELi3ELi3ELi3ELi1ELb0ELb0ELb1EEviiiPKT_iPT0_S2_18kernel_conv_paramsyT1_ffiPKS3_S8_bbii
112,64,relu4,_ZN2at6native29vectorized_elementwise_kernelILi4EZZZNS0_49_GLOBAL__N__a62a4dcd_16_TensorCompare_cu_71e06f4e19launch_clamp_scalarERNS_18TensorIteratorBaseEN3c106ScalarES6_NS0_6detail11ClampLimitsEENKUlvE_clEvENKUlvE5_clEvEUlfE_St5arrayIPcLy2EELb0EEEviT0_T1_
112,64,conv5,_Z23implicit_convolve_sgemmIffiLi128ELi5ELi5ELi3ELi3ELi3ELi1ELb0ELb0ELb1EEviiiPKT_iPT0_S2_18kernel_conv_paramsyT1_ffiPKS3_S8_bbii
112,64,relu5,_ZN2at6native29vectorized_elementwise_kernelILi4EZZZNS0_49_GLOBAL__N__a62a4dcd_16_TensorCompare_cu_71e06f4e19launch_clamp_scalarERNS_18TensorIteratorBaseEN3c106ScalarES6_NS0_6detail11ClampLimitsEENKUlvE_clEvENKUlvE5_clEvEUlfE_St5arrayIPcLy2EELb0EEEviT0_T1_
112,64,conv6,_Z23implicit_convolve_sgemmIffiLi512ELi6ELi8ELi3ELi3ELi5ELi1ELb0ELb0ELb1EEviiiPKT_iPT0_S2_18kernel_conv_paramsyT1_ffiPKS3_S8_bbii
112,64,relu6,_ZN2at6native29vectorized_elementwise_kernelILi4EZZZNS0_49_GLOBAL__N__a62a4dcd_16_TensorCompare_cu_71e06f4e19launch_clamp_scalarERNS_18TensorIteratorBaseEN3c106ScalarES6_NS0_6detail11ClampLimitsEENKUlvE_clEvENKUlvE5_clEvEUlfE_St5arrayIPcLy2EELb0EEEviT0_T1_
112,64,global_avg_pool,_ZN2at6native13reduce_kernelILi512ELi1ENS0_8ReduceOpIfNS0_7MeanOpsIffffEEjfLi4ELi4EEEEEvT1_
112,64,fc1,_ZN7cutlass7Kernel2I41cutlass_80_simt_sgemm_64x64_8x5_tn_align1EEvNT_6ParamsE
112,64,fc1,_ZN8cublasLt19splitKreduce_kernelILi32ELi16EiffffLb0EfffLb1ELb1ELb0ELb0EEEvNS_18cublasSplitKParamsIT4_EEPKT2_PKT8_PT7_PT3_PKS2_SF_PKT9_S6_PSG_PvxPS2_PiSL_SL_SF_SF_SF_SF_SF_
112,64,relu7,_ZN2at6native29vectorized_elementwise_kernelILi4EZZZNS0_49_GLOBAL__N__a62a4dcd_16_TensorCompare_cu_71e06f4e19launch_clamp_scalarERNS_18TensorIteratorBaseEN3c106ScalarES6_NS0_6detail11ClampLimitsEENKUlvE_clEvENKUlvE5_clEvEUlfE_St5arrayIPcLy2EELb0EEEviT0_T1_
112,64,fc2,_ZN7cutlass7Kernel2I41cutlass_80_simt_sgemm_64x64_8x5_tn_align1EEvNT_6ParamsE
112,64,fc2,_ZN8cublasLt19splitKreduce_kernelILi32ELi16EiffffLb0EfffLb1ELb1ELb0ELb0EEEvNS_18cublasSplitKParamsIT4_EEPKT2_PKT8_PT7_PT3_PKS2_SF_PKT9_S6_PSG_PvxPS2_PiSL_SL_SF_SF_SF_SF_SF_
112,95,conv1,_Z23implicit_convolve_sgemmIffiLi1024ELi5ELi5ELi3ELi3ELi3ELi1ELb0ELb0ELb1EEviiiPKT_iPT0_S2_18kernel_conv_paramsyT1_ffiPKS3_S8_bbii
112,95,relu1,_ZN2at6native29vectorized_elementwise_kernelILi4EZZZNS0_49_GLOBAL__N__a62a4dcd_16_TensorCompare_cu_71e06f4e19launch_clamp_scalarERNS_18TensorIteratorBaseEN3c106ScalarES6_NS0_6detail11ClampLimitsEENKUlvE_clEvENKUlvE5_clEvEUlfE_St5arrayIPcLy2EELb0EEEviT0_T1_
112,95,maxpool,_ZN2at6native52_GLOBAL__N__71d79c19_19_DilatedMaxPool2d_cu_9872839c21max_pool_forward_nchwIfiEEvT0_PKT_xxxiiiiiiiiiiPS4_Px
112,95,conv2,_Z23implicit_convolve_sgemmIffiLi1024ELi5ELi5ELi3ELi3ELi3ELi1ELb0ELb0ELb1EEviiiPKT_iPT0_S2_18kernel_conv_paramsyT1_ffiPKS3_S8_bbii
112,95,relu2,_ZN2at6native29vectorized_elementwise_kernelILi4EZZZNS0_49_GLOBAL__N__a62a4dcd_16_TensorCompare_cu_71e06f4e19launch_clamp_scalarERNS_18TensorIteratorBaseEN3c106ScalarES6_NS0_6detail11ClampLimitsEENKUlvE_clEvENKUlvE5_clEvEUlfE_St5arrayIPcLy2EELb0EEEviT0_T1_
112,95,conv3,_Z23implicit_convolve_sgemmIffiLi512ELi6ELi8ELi3ELi3ELi5ELi1ELb0ELb0ELb1EEviiiPKT_iPT0_S2_18kernel_conv_paramsyT1_ffiPKS3_S8_bbii
112,95,relu3,_ZN2at6native29vectorized_elementwise_kernelILi4EZZZNS0_49_GLOBAL__N__a62a4dcd_16_TensorCompare_cu_71e06f4e19launch_clamp_scalarERNS_18TensorIteratorBaseEN3c106ScalarES6_NS0_6detail11ClampLimitsEENKUlvE_clEvENKUlvE5_clEvEUlfE_St5arrayIPcLy2EELb0EEEviT0_T1_
112,95,conv4,_Z23implicit_convolve_sgemmIffiLi1024ELi5ELi5ELi3ELi3ELi3ELi1ELb0ELb0ELb1EEviiiPKT_iPT0_S2_18kernel_conv_paramsyT1_ffiPKS3_S8_bbii
112,95,relu4,_ZN2at6native29vectorized_elementwise_kernelILi4EZZZNS0_49_GLOBAL__N__a62a4dcd_16_TensorCompare_cu_71e06f4e19launch_clamp_scalarERNS_18TensorIteratorBaseEN3c106ScalarES6_NS0_6detail11ClampLimitsEENKUlvE_clEvENKUlvE5_clEvEUlfE_St5arrayIPcLy2EELb0EEEviT0_T1_
112,95,conv5,_ZN5cudnn3cnn23kern_precompute_indicesILb0EEEvPiiiiii
112,95,conv5,_Z26precomputed_convolve_sgemmIfiLi512ELi6ELi7ELi4ELi3ELi5ELi1ELb0EEviiiPKT_iPS0_S2_18kernel_conv_paramsyT0_ffibbS2_S2_Pi
112,95,conv5,_Z23implicit_convolve_sgemmIffiLi128ELi6ELi7ELi3ELi3ELi5ELi1ELb0ELb0ELb1EEviiiPKT_iPT0_S2_18kernel_conv_paramsyT1_ffiPKS3_S8_bbii
112,95,conv5,_Z23implicit_convolve_sgemmIffiLi128ELi6ELi7ELi3ELi3ELi5ELi1ELb0ELb0ELb1EEviiiPKT_iPT0_S2_18kernel_conv_paramsyT1_ffiPKS3_S8_bbii
112,95,relu5,_ZN2at6native29vectorized_elementwise_kernelILi4EZZZNS0_49_GLOBAL__N__a62a4dcd_16_TensorCompare_cu_71e06f4e19launch_clamp_scalarERNS_18TensorIteratorBaseEN3c106ScalarES6_NS0_6detail11ClampLimitsEENKUlvE_clEvENKUlvE5_clEvEUlfE_St5arrayIPcLy2EELb0EEEviT0_T1_
112,95,conv6,_Z23implicit_convolve_sgemmIffiLi512ELi6ELi8ELi3ELi3ELi5ELi1ELb0ELb0ELb1EEviiiPKT_iPT0_S2_18kernel_conv_paramsyT1_ffiPKS3_S8_bbii
112,95,relu6,_ZN2at6native29vectorized_elementwise_kernelILi4EZZZNS0_49_GLOBAL__N__a62a4dcd_16_TensorCompare_cu_71e06f4e19launch_clamp_scalarERNS_18TensorIteratorBaseEN3c106ScalarES6_NS0_6detail11ClampLimitsEENKUlvE_clEvENKUlvE5_clEvEUlfE_St5arrayIPcLy2EELb0EEEviT0_T1_
112,95,global_avg_pool,_ZN2at6native13reduce_kernelILi512ELi1ENS0_8ReduceOpIfNS0_7MeanOpsIffffEEjfLi4ELi4EEEEEvT1_
112,95,fc1,_ZN7cutlass7Kernel2I41cutlass_80_simt_sgemm_64x64_8x5_tn_align1EEvNT_6ParamsE
112,95,fc1,_ZN8cublasLt19splitKreduce_kernelILi32ELi16EiffffLb0EfffLb1ELb1ELb0ELb0EEEvNS_18cublasSplitKParamsIT4_EEPKT2_PKT8_PT7_PT3_PKS2_SF_PKT9_S6_PSG_PvxPS2_PiSL_SL_SF_SF_SF_SF_SF_
112,95,relu7,_ZN2at6native29vectorized_elementwise_kernelILi4EZZZNS0_49_GLOBAL__N__a62a4dcd_16_TensorCompare_cu_71e06f4e19launch_clamp_scalarERNS_18TensorIteratorBaseEN3c106ScalarES6_NS0_6detail11ClampLimitsEENKUlvE_clEvENKUlvE5_clEvEUlfE_St5arrayIPcLy2EELb0EEEviT0_T1_
112,95,fc2,_ZN7cutlass7Kernel2I41cutlass_80_simt_sgemm_64x64_8x5_tn_align1EEvNT_6ParamsE
112,95,fc2,_ZN8cublasLt19splitKreduce_kernelILi32ELi16EiffffLb0EfffLb1ELb1ELb0ELb0EEEvNS_18cublasSplitKParamsIT4_EEPKT2_PKT8_PT7_PT3_PKS2_SF_PKT9_S6_PSG_PvxPS2_PiSL_SL_SF_SF_SF_SF_SF_
112,98,conv1,_Z23implicit_convolve_sgemmIffiLi1024ELi5ELi5ELi3ELi3ELi3ELi1ELb0ELb0ELb1EEviiiPKT_iPT0_S2_18kernel_conv_paramsyT1_ffiPKS3_S8_bbii
112,98,relu1,_ZN2at6native29vectorized_elementwise_kernelILi4EZZZNS0_49_GLOBAL__N__a62a4dcd_16_TensorCompare_cu_71e06f4e19launch_clamp_scalarERNS_18TensorIteratorBaseEN3c106ScalarES6_NS0_6detail11ClampLimitsEENKUlvE_clEvENKUlvE5_clEvEUlfE_St5arrayIPcLy2EELb0EEEviT0_T1_
112,98,maxpool,_ZN2at6native52_GLOBAL__N__71d79c19_19_DilatedMaxPool2d_cu_9872839c21max_pool_forward_nchwIfiEEvT0_PKT_xxxiiiiiiiiiiPS4_Px
112,98,conv2,_Z23implicit_convolve_sgemmIffiLi1024ELi5ELi5ELi3ELi3ELi3ELi1ELb0ELb0ELb1EEviiiPKT_iPT0_S2_18kernel_conv_paramsyT1_ffiPKS3_S8_bbii
112,98,relu2,_ZN2at6native29vectorized_elementwise_kernelILi4EZZZNS0_49_GLOBAL__N__a62a4dcd_16_TensorCompare_cu_71e06f4e19launch_clamp_scalarERNS_18TensorIteratorBaseEN3c106ScalarES6_NS0_6detail11ClampLimitsEENKUlvE_clEvENKUlvE5_clEvEUlfE_St5arrayIPcLy2EELb0EEEviT0_T1_
112,98,conv3,_Z23implicit_convolve_sgemmIffiLi512ELi6ELi8ELi3ELi3ELi5ELi1ELb0ELb0ELb1EEviiiPKT_iPT0_S2_18kernel_conv_paramsyT1_ffiPKS3_S8_bbii
112,98,relu3,_ZN2at6native29vectorized_elementwise_kernelILi4EZZZNS0_49_GLOBAL__N__a62a4dcd_16_TensorCompare_cu_71e06f4e19launch_clamp_scalarERNS_18TensorIteratorBaseEN3c106ScalarES6_NS0_6detail11ClampLimitsEENKUlvE_clEvENKUlvE5_clEvEUlfE_St5arrayIPcLy2EELb0EEEviT0_T1_
112,98,conv4,_Z23implicit_convolve_sgemmIffiLi1024ELi5ELi5ELi3ELi3ELi3ELi1ELb0ELb0ELb1EEviiiPKT_iPT0_S2_18kernel_conv_paramsyT1_ffiPKS3_S8_bbii
112,98,relu4,_ZN2at6native29vectorized_elementwise_kernelILi4EZZZNS0_49_GLOBAL__N__a62a4dcd_16_TensorCompare_cu_71e06f4e19launch_clamp_scalarERNS_18TensorIteratorBaseEN3c106ScalarES6_NS0_6detail11ClampLimitsEENKUlvE_clEvENKUlvE5_clEvEUlfE_St5arrayIPcLy2EELb0EEEviT0_T1_
112,98,conv5,_ZN5cudnn3cnn23kern_precompute_indicesILb0EEEvPiiiiii
112,98,conv5,_Z26precomputed_convolve_sgemmIfiLi512ELi6ELi7ELi4ELi3ELi5ELi1ELb0EEviiiPKT_iPS0_S2_18kernel_conv_paramsyT0_ffibbS2_S2_Pi
112,98,conv5,_Z23implicit_convolve_sgemmIffiLi128ELi6ELi7ELi3ELi3ELi5ELi1ELb0ELb0ELb1EEviiiPKT_iPT0_S2_18kernel_conv_paramsyT1_ffiPKS3_S8_bbii
112,98,conv5,_Z23implicit_convolve_sgemmIffiLi128ELi6ELi7ELi3ELi3ELi5ELi1ELb0ELb0ELb1EEviiiPKT_iPT0_S2_18kernel_conv_paramsyT1_ffiPKS3_S8_bbii
112,98,relu5,_ZN2at6native29vectorized_elementwise_kernelILi4EZZZNS0_49_GLOBAL__N__a62a4dcd_16_TensorCompare_cu_71e06f4e19launch_clamp_scalarERNS_18TensorIteratorBaseEN3c106ScalarES6_NS0_6detail11ClampLimitsEENKUlvE_clEvENKUlvE5_clEvEUlfE_St5arrayIPcLy2EELb0EEEviT0_T1_
112,98,conv6,_Z23implicit_convolve_sgemmIffiLi512ELi6ELi8ELi3ELi3ELi5ELi1ELb0ELb0ELb1EEviiiPKT_iPT0_S2_18kernel_conv_paramsyT1_ffiPKS3_S8_bbii
112,98,relu6,_ZN2at6native29vectorized_elementwise_kernelILi4EZZZNS0_49_GLOBAL__N__a62a4dcd_16_TensorCompare_cu_71e06f4e19launch_clamp_scalarERNS_18TensorIteratorBaseEN3c106ScalarES6_NS0_6detail11ClampLimitsEENKUlvE_clEvENKUlvE5_clEvEUlfE_St5arrayIPcLy2EELb0EEEviT0_T1_
112,98,global_avg_pool,_ZN2at6native13reduce_kernelILi512ELi1ENS0_8ReduceOpIfNS0_7MeanOpsIffffEEjfLi4ELi4EEEEEvT1_
112,98,fc1,_ZN7cutlass7Kernel2I41cutlass_80_simt_sgemm_64x64_8x5_tn_align1EEvNT_6ParamsE
112,98,fc1,_ZN8cublasLt19splitKreduce_kernelILi32ELi16EiffffLb0EfffLb1ELb1ELb0ELb0EEEvNS_18cublasSplitKParamsIT4_EEPKT2_PKT8_PT7_PT3_PKS2_SF_PKT9_S6_PSG_PvxPS2_PiSL_SL_SF_SF_SF_SF_SF_
112,98,relu7,_ZN2at6native29vectorized_elementwise_kernelILi4EZZZNS0_49_GLOBAL__N__a62a4dcd_16_TensorCompare_cu_71e06f4e19launch_clamp_scalarERNS_18TensorIteratorBaseEN3c106ScalarES6_NS0_6detail11ClampLimitsEENKUlvE_clEvENKUlvE5_clEvEUlfE_St5arrayIPcLy2EELb0EEEviT0_T1_
112,98,fc2,_ZN7cutlass7Kernel2I41cutlass_80_simt_sgemm_64x64_8x5_tn_align1EEvNT_6ParamsE
112,98,fc2,_ZN8cublasLt19splitKreduce_kernelILi32ELi16EiffffLb0EfffLb1ELb1ELb0ELb0EEEvNS_18cublasSplitKParamsIT4_EEPKT2_PKT8_PT7_PT3_PKS2_SF_PKT9_S6_PSG_PvxPS2_PiSL_SL_SF_SF_SF_SF_SF_
112,128,conv1,_Z23implicit_convolve_sgemmIffiLi1024ELi5ELi5ELi3ELi3ELi3ELi1ELb0ELb0ELb1EEviiiPKT_iPT0_S2_18kernel_conv_paramsyT1_ffiPKS3_S8_bbii
112,128,relu1,_ZN2at6native29vectorized_elementwise_kernelILi4EZZZNS0_49_GLOBAL__N__a62a4dcd_16_TensorCompare_cu_71e06f4e19launch_clamp_scalarERNS_18TensorIteratorBaseEN3c106ScalarES6_NS0_6detail11ClampLimitsEENKUlvE_clEvENKUlvE5_clEvEUlfE_St5arrayIPcLy2EELb0EEEviT0_T1_
112,128,maxpool,_ZN2at6native52_GLOBAL__N__71d79c19_19_DilatedMaxPool2d_cu_9872839c21max_pool_forward_nchwIfiEEvT0_PKT_xxxiiiiiiiiiiPS4_Px
112,128,conv2,_Z23implicit_convolve_sgemmIffiLi1024ELi5ELi5ELi3ELi3ELi3ELi1ELb0ELb0ELb1EEviiiPKT_iPT0_S2_18kernel_conv_paramsyT1_ffiPKS3_S8_bbii
112,128,relu2,_ZN2at6native29vectorized_elementwise_kernelILi4EZZZNS0_49_GLOBAL__N__a62a4dcd_16_TensorCompare_cu_71e06f4e19launch_clamp_scalarERNS_18TensorIteratorBaseEN3c106ScalarES6_NS0_6detail11ClampLimitsEENKUlvE_clEvENKUlvE5_clEvEUlfE_St5arrayIPcLy2EELb0EEEviT0_T1_
112,128,conv3,_Z23implicit_convolve_sgemmIffiLi512ELi6ELi8ELi3ELi3ELi5ELi1ELb0ELb0ELb1EEviiiPKT_iPT0_S2_18kernel_conv_paramsyT1_ffiPKS3_S8_bbii
112,128,relu3,_ZN2at6native29vectorized_elementwise_kernelILi4EZZZNS0_49_GLOBAL__N__a62a4dcd_16_TensorCompare_cu_71e06f4e19launch_clamp_scalarERNS_18TensorIteratorBaseEN3c106ScalarES6_NS0_6detail11ClampLimitsEENKUlvE_clEvENKUlvE5_clEvEUlfE_St5arrayIPcLy2EELb0EEEviT0_T1_
112,128,conv4,_Z23implicit_convolve_sgemmIffiLi1024ELi5ELi5ELi3ELi3ELi3ELi1ELb0ELb0ELb1EEviiiPKT_iPT0_S2_18kernel_conv_paramsyT1_ffiPKS3_S8_bbii
112,128,relu4,_ZN2at6native29vectorized_elementwise_kernelILi4EZZZNS0_49_GLOBAL__N__a62a4dcd_16_TensorCompare_cu_71e06f4e19launch_clamp_scalarERNS_18TensorIteratorBaseEN3c106ScalarES6_NS0_6detail11ClampLimitsEENKUlvE_clEvENKUlvE5_clEvEUlfE_St5arrayIPcLy2EELb0EEEviT0_T1_
112,128,conv5,_ZN5cudnn3cnn23kern_precompute_indicesILb0EEEvPiiiiii
112,128,conv5,_Z26precomputed_convolve_sgemmIfiLi512ELi6ELi7ELi4ELi3ELi5ELi1ELb0EEviiiPKT_iPS0_S2_18kernel_conv_paramsyT0_ffibbS2_S2_Pi
112,128,conv5,_Z23implicit_convolve_sgemmIffiLi128ELi6ELi7ELi3ELi3ELi5ELi1ELb0ELb0ELb1EEviiiPKT_iPT0_S2_18kernel_conv_paramsyT1_ffiPKS3_S8_bbii
112,128,conv5,_Z23implicit_convolve_sgemmIffiLi128ELi6ELi7ELi3ELi3ELi5ELi1ELb0ELb0ELb1EEviiiPKT_iPT0_S2_18kernel_conv_paramsyT1_ffiPKS3_S8_bbii
112,128,relu5,_ZN2at6native29vectorized_elementwise_kernelILi4EZZZNS0_49_GLOBAL__N__a62a4dcd_16_TensorCompare_cu_71e06f4e19launch_clamp_scalarERNS_18TensorIteratorBaseEN3c106ScalarES6_NS0_6detail11ClampLimitsEENKUlvE_clEvENKUlvE5_clEvEUlfE_St5arrayIPcLy2EELb0EEEviT0_T1_
112,128,conv6,_Z23implicit_convolve_sgemmIffiLi512ELi6ELi8ELi3ELi3ELi5ELi1ELb0ELb0ELb1EEviiiPKT_iPT0_S2_18kernel_conv_paramsyT1_ffiPKS3_S8_bbii
112,128,relu6,_ZN2at6native29vectorized_elementwise_kernelILi4EZZZNS0_49_GLOBAL__N__a62a4dcd_16_TensorCompare_cu_71e06f4e19launch_clamp_scalarERNS_18TensorIteratorBaseEN3c106ScalarES6_NS0_6detail11ClampLimitsEENKUlvE_clEvENKUlvE5_clEvEUlfE_St5arrayIPcLy2EELb0EEEviT0_T1_
112,128,global_avg_pool,_ZN2at6native13reduce_kernelILi512ELi1ENS0_8ReduceOpIfNS0_7MeanOpsIffffEEjfLi4ELi4EEEEEvT1_
112,128,fc1,_ZN7cutlass7Kernel2I41cutlass_80_simt_sgemm_64x64_8x5_tn_align1EEvNT_6ParamsE
112,128,fc1,_ZN8cublasLt19splitKreduce_kernelILi32ELi16EiffffLb0EfffLb1ELb1ELb0ELb0EEEvNS_18cublasSplitKParamsIT4_EEPKT2_PKT8_PT7_PT3_PKS2_SF_PKT9_S6_PSG_PvxPS2_PiSL_SL_SF_SF_SF_SF_SF_
112,128,relu7,_ZN2at6native29vectorized_elementwise_kernelILi4EZZZNS0_49_GLOBAL__N__a62a4dcd_16_TensorCompare_cu_71e06f4e19launch_clamp_scalarERNS_18TensorIteratorBaseEN3c106ScalarES6_NS0_6detail11ClampLimitsEENKUlvE_clEvENKUlvE5_clEvEUlfE_St5arrayIPcLy2EELb0EEEviT0_T1_
112,128,fc2,_ZN7cutlass7Kernel2I41cutlass_80_simt_sgemm_64x64_8x5_tn_align1EEvNT_6ParamsE
112,128,fc2,_ZN8cublasLt19splitKreduce_kernelILi32ELi16EiffffLb0EfffLb1ELb1ELb0ELb0EEEvNS_18cublasSplitKParamsIT4_EEPKT2_PKT8_PT7_PT3_PKS2_SF_PKT9_S6_PSG_PvxPS2_PiSL_SL_SF_SF_SF_SF_SF_
112,167,conv1,_Z23implicit_convolve_sgemmIffiLi1024ELi5ELi5ELi3ELi3ELi3ELi1ELb0ELb0ELb1EEviiiPKT_iPT0_S2_18kernel_conv_paramsyT1_ffiPKS3_S8_bbii
112,167,relu1,_ZN2at6native29vectorized_elementwise_kernelILi4EZZZNS0_49_GLOBAL__N__a62a4dcd_16_TensorCompare_cu_71e06f4e19launch_clamp_scalarERNS_18TensorIteratorBaseEN3c106ScalarES6_NS0_6detail11ClampLimitsEENKUlvE_clEvENKUlvE5_clEvEUlfE_St5arrayIPcLy2EELb0EEEviT0_T1_
112,167,maxpool,_ZN2at6native52_GLOBAL__N__71d79c19_19_DilatedMaxPool2d_cu_9872839c21max_pool_forward_nchwIfiEEvT0_PKT_xxxiiiiiiiiiiPS4_Px
112,167,conv2,_Z23implicit_convolve_sgemmIffiLi1024ELi5ELi5ELi3ELi3ELi3ELi1ELb0ELb0ELb1EEviiiPKT_iPT0_S2_18kernel_conv_paramsyT1_ffiPKS3_S8_bbii
112,167,relu2,_ZN2at6native29vectorized_elementwise_kernelILi4EZZZNS0_49_GLOBAL__N__a62a4dcd_16_TensorCompare_cu_71e06f4e19launch_clamp_scalarERNS_18TensorIteratorBaseEN3c106ScalarES6_NS0_6detail11ClampLimitsEENKUlvE_clEvENKUlvE5_clEvEUlfE_St5arrayIPcLy2EELb0EEEviT0_T1_
112,167,conv3,_Z23implicit_convolve_sgemmIffiLi512ELi6ELi8ELi3ELi3ELi5ELi1ELb0ELb0ELb1EEviiiPKT_iPT0_S2_18kernel_conv_paramsyT1_ffiPKS3_S8_bbii
112,167,relu3,_ZN2at6native29vectorized_elementwise_kernelILi4EZZZNS0_49_GLOBAL__N__a62a4dcd_16_TensorCompare_cu_71e06f4e19launch_clamp_scalarERNS_18TensorIteratorBaseEN3c106ScalarES6_NS0_6detail11ClampLimitsEENKUlvE_clEvENKUlvE5_clEvEUlfE_St5arrayIPcLy2EELb0EEEviT0_T1_
112,167,conv4,_Z23implicit_convolve_sgemmIffiLi512ELi6ELi8ELi3ELi3ELi5ELi1ELb0ELb0ELb1EEviiiPKT_iPT0_S2_18kernel_conv_paramsyT1_ffiPKS3_S8_bbii
112,167,relu4,_ZN2at6native29vectorized_elementwise_kernelILi4EZZZNS0_49_GLOBAL__N__a62a4dcd_16_TensorCompare_cu_71e06f4e19launch_clamp_scalarERNS_18TensorIteratorBaseEN3c106ScalarES6_NS0_6detail11ClampLimitsEENKUlvE_clEvENKUlvE5_clEvEUlfE_St5arrayIPcLy2EELb0EEEviT0_T1_
112,167,conv5,_ZN5cudnn3cnn23kern_precompute_indicesILb0EEEvPiiiiii
112,167,conv5,_Z26precomputed_convolve_sgemmIfiLi512ELi6ELi7ELi4ELi3ELi5ELi1ELb0EEviiiPKT_iPS0_S2_18kernel_conv_paramsyT0_ffibbS2_S2_Pi
112,167,conv5,_Z23implicit_convolve_sgemmIffiLi128ELi6ELi7ELi3ELi3ELi5ELi1ELb0ELb0ELb1EEviiiPKT_iPT0_S2_18kernel_conv_paramsyT1_ffiPKS3_S8_bbii
112,167,conv5,_Z23implicit_convolve_sgemmIffiLi128ELi6ELi7ELi3ELi3ELi5ELi1ELb0ELb0ELb1EEviiiPKT_iPT0_S2_18kernel_conv_paramsyT1_ffiPKS3_S8_bbii
112,167,relu5,_ZN2at6native29vectorized_elementwise_kernelILi4EZZZNS0_49_GLOBAL__N__a62a4dcd_16_TensorCompare_cu_71e06f4e19launch_clamp_scalarERNS_18TensorIteratorBaseEN3c106ScalarES6_NS0_6detail11ClampLimitsEENKUlvE_clEvENKUlvE5_clEvEUlfE_St5arrayIPcLy2EELb0EEEviT0_T1_
112,167,conv6,_Z23implicit_convolve_sgemmIffiLi512ELi6ELi8ELi3ELi3ELi5ELi1ELb0ELb0ELb1EEviiiPKT_iPT0_S2_18kernel_conv_paramsyT1_ffiPKS3_S8_bbii
112,167,relu6,_ZN2at6native29vectorized_elementwise_kernelILi4EZZZNS0_49_GLOBAL__N__a62a4dcd_16_TensorCompare_cu_71e06f4e19launch_clamp_scalarERNS_18TensorIteratorBaseEN3c106ScalarES6_NS0_6detail11ClampLimitsEENKUlvE_clEvENKUlvE5_clEvEUlfE_St5arrayIPcLy2EELb0EEEviT0_T1_
112,167,global_avg_pool,_ZN2at6native13reduce_kernelILi512ELi1ENS0_8ReduceOpIfNS0_7MeanOpsIffffEEjfLi4ELi4EEEEEvT1_
112,167,fc1,_ZN7cutlass7Kernel2I41cutlass_80_simt_sgemm_64x64_8x5_tn_align1EEvNT_6ParamsE
112,167,fc1,_ZN8cublasLt19splitKreduce_kernelILi32ELi16EiffffLb0EfffLb1ELb1ELb0ELb0EEEvNS_18cublasSplitKParamsIT4_EEPKT2_PKT8_PT7_PT3_PKS2_SF_PKT9_S6_PSG_PvxPS2_PiSL_SL_SF_SF_SF_SF_SF_
112,167,relu7,_ZN2at6native29vectorized_elementwise_kernelILi4EZZZNS0_49_GLOBAL__N__a62a4dcd_16_TensorCompare_cu_71e06f4e19launch_clamp_scalarERNS_18TensorIteratorBaseEN3c106ScalarES6_NS0_6detail11ClampLimitsEENKUlvE_clEvENKUlvE5_clEvEUlfE_St5arrayIPcLy2EELb0EEEviT0_T1_
112,167,fc2,_ZN7cutlass7Kernel2I41cutlass_80_simt_sgemm_64x64_8x5_tn_align1EEvNT_6ParamsE
112,167,fc2,_ZN8cublasLt19splitKreduce_kernelILi32ELi16EiffffLb0EfffLb1ELb1ELb0ELb0EEEvNS_18cublasSplitKParamsIT4_EEPKT2_PKT8_PT7_PT3_PKS2_SF_PKT9_S6_PSG_PvxPS2_PiSL_SL_SF_SF_SF_SF_SF_
112,256,conv1,_Z23implicit_convolve_sgemmIffiLi1024ELi5ELi5ELi3ELi3ELi3ELi1ELb0ELb0ELb1EEviiiPKT_iPT0_S2_18kernel_conv_paramsyT1_ffiPKS3_S8_bbii
112,256,relu1,_ZN2at6native29vectorized_elementwise_kernelILi4EZZZNS0_49_GLOBAL__N__a62a4dcd_16_TensorCompare_cu_71e06f4e19launch_clamp_scalarERNS_18TensorIteratorBaseEN3c106ScalarES6_NS0_6detail11ClampLimitsEENKUlvE_clEvENKUlvE5_clEvEUlfE_St5arrayIPcLy2EELb0EEEviT0_T1_
112,256,maxpool,_ZN2at6native52_GLOBAL__N__71d79c19_19_DilatedMaxPool2d_cu_9872839c21max_pool_forward_nchwIfiEEvT0_PKT_xxxiiiiiiiiiiPS4_Px
112,256,conv2,_Z23implicit_convolve_sgemmIffiLi1024ELi5ELi5ELi3ELi3ELi3ELi1ELb0ELb0ELb1EEviiiPKT_iPT0_S2_18kernel_conv_paramsyT1_ffiPKS3_S8_bbii
112,256,relu2,_ZN2at6native29vectorized_elementwise_kernelILi4EZZZNS0_49_GLOBAL__N__a62a4dcd_16_TensorCompare_cu_71e06f4e19launch_clamp_scalarERNS_18TensorIteratorBaseEN3c106ScalarES6_NS0_6detail11ClampLimitsEENKUlvE_clEvENKUlvE5_clEvEUlfE_St5arrayIPcLy2EELb0EEEviT0_T1_
112,256,conv3,_Z23implicit_convolve_sgemmIffiLi512ELi6ELi8ELi3ELi3ELi5ELi1ELb0ELb0ELb1EEviiiPKT_iPT0_S2_18kernel_conv_paramsyT1_ffiPKS3_S8_bbii
112,256,relu3,_ZN2at6native29vectorized_elementwise_kernelILi4EZZZNS0_49_GLOBAL__N__a62a4dcd_16_TensorCompare_cu_71e06f4e19launch_clamp_scalarERNS_18TensorIteratorBaseEN3c106ScalarES6_NS0_6detail11ClampLimitsEENKUlvE_clEvENKUlvE5_clEvEUlfE_St5arrayIPcLy2EELb0EEEviT0_T1_
112,256,conv4,_Z23implicit_convolve_sgemmIffiLi512ELi6ELi8ELi3ELi3ELi5ELi1ELb0ELb0ELb1EEviiiPKT_iPT0_S2_18kernel_conv_paramsyT1_ffiPKS3_S8_bbii
112,256,relu4,_ZN2at6native29vectorized_elementwise_kernelILi4EZZZNS0_49_GLOBAL__N__a62a4dcd_16_TensorCompare_cu_71e06f4e19launch_clamp_scalarERNS_18TensorIteratorBaseEN3c106ScalarES6_NS0_6detail11ClampLimitsEENKUlvE_clEvENKUlvE5_clEvEUlfE_St5arrayIPcLy2EELb0EEEviT0_T1_
112,256,conv5,_ZN5cudnn3cnn23kern_precompute_indicesILb0EEEvPiiiiii
112,256,conv5,_Z26precomputed_convolve_sgemmIfiLi512ELi6ELi7ELi4ELi3ELi5ELi1ELb0EEviiiPKT_iPS0_S2_18kernel_conv_paramsyT0_ffibbS2_S2_Pi
112,256,conv5,_Z23implicit_convolve_sgemmIffiLi128ELi6ELi7ELi3ELi3ELi5ELi1ELb0ELb0ELb1EEviiiPKT_iPT0_S2_18kernel_conv_paramsyT1_ffiPKS3_S8_bbii
112,256,conv5,_Z23implicit_convolve_sgemmIffiLi128ELi6ELi7ELi3ELi3ELi5ELi1ELb0ELb0ELb1EEviiiPKT_iPT0_S2_18kernel_conv_paramsyT1_ffiPKS3_S8_bbii
112,256,relu5,_ZN2at6native29vectorized_elementwise_kernelILi4EZZZNS0_49_GLOBAL__N__a62a4dcd_16_TensorCompare_cu_71e06f4e19launch_clamp_scalarERNS_18TensorIteratorBaseEN3c106ScalarES6_NS0_6detail11ClampLimitsEENKUlvE_clEvENKUlvE5_clEvEUlfE_St5arrayIPcLy2EELb0EEEviT0_T1_
112,256,conv6,_Z23implicit_convolve_sgemmIffiLi512ELi6ELi8ELi3ELi3ELi5ELi1ELb0ELb0ELb1EEviiiPKT_iPT0_S2_18kernel_conv_paramsyT1_ffiPKS3_S8_bbii
112,256,relu6,_ZN2at6native29vectorized_elementwise_kernelILi4EZZZNS0_49_GLOBAL__N__a62a4dcd_16_TensorCompare_cu_71e06f4e19launch_clamp_scalarERNS_18TensorIteratorBaseEN3c106ScalarES6_NS0_6detail11ClampLimitsEENKUlvE_clEvENKUlvE5_clEvEUlfE_St5arrayIPcLy2EELb0EEEviT0_T1_
112,256,global_avg_pool,_ZN2at6native13reduce_kernelILi512ELi1ENS0_8ReduceOpIfNS0_7MeanOpsIffffEEjfLi4ELi4EEEEEvT1_
112,256,fc1,_ZN7cutlass7Kernel2I41cutlass_80_simt_sgemm_64x64_8x5_tn_align1EEvNT_6ParamsE
112,256,fc1,_ZN8cublasLt19splitKreduce_kernelILi32ELi16EiffffLb0EfffLb1ELb1ELb0ELb0EEEvNS_18cublasSplitKParamsIT4_EEPKT2_PKT8_PT7_PT3_PKS2_SF_PKT9_S6_PSG_PvxPS2_PiSL_SL_SF_SF_SF_SF_SF_
112,256,relu7,_ZN2at6native29vectorized_elementwise_kernelILi4EZZZNS0_49_GLOBAL__N__a62a4dcd_16_TensorCompare_cu_71e06f4e19launch_clamp_scalarERNS_18TensorIteratorBaseEN3c106ScalarES6_NS0_6detail11ClampLimitsEENKUlvE_clEvENKUlvE5_clEvEUlfE_St5arrayIPcLy2EELb0EEEviT0_T1_
112,256,fc2,_ZN7cutlass7Kernel2I41cutlass_80_simt_sgemm_64x64_8x5_tn_align1EEvNT_6ParamsE
112,256,fc2,_ZN8cublasLt19splitKreduce_kernelILi32ELi16EiffffLb0EfffLb1ELb1ELb0ELb0EEEvNS_18cublasSplitKParamsIT4_EEPKT2_PKT8_PT7_PT3_PKS2_SF_PKT9_S6_PSG_PvxPS2_PiSL_SL_SF_SF_SF_SF_SF_
128,1,conv1,_Z23implicit_convolve_sgemmIffiLi1024ELi5ELi5ELi3ELi3ELi3ELi1ELb0ELb0ELb1EEviiiPKT_iPT0_S2_18kernel_conv_paramsyT1_ffiPKS3_S8_bbii
128,1,relu1,_ZN2at6native29vectorized_elementwise_kernelILi4EZZZNS0_49_GLOBAL__N__a62a4dcd_16_TensorCompare_cu_71e06f4e19launch_clamp_scalarERNS_18TensorIteratorBaseEN3c106ScalarES6_NS0_6detail11ClampLimitsEENKUlvE_clEvENKUlvE5_clEvEUlfE_St5arrayIPcLy2EELb0EEEviT0_T1_
128,1,maxpool,_ZN2at6native52_GLOBAL__N__71d79c19_19_DilatedMaxPool2d_cu_9872839c21max_pool_forward_nchwIfiEEvT0_PKT_xxxiiiiiiiiiiPS4_Px
128,1,conv2,_Z23implicit_convolve_sgemmIffiLi1024ELi5ELi5ELi3ELi3ELi3ELi1ELb0ELb0ELb1EEviiiPKT_iPT0_S2_18kernel_conv_paramsyT1_ffiPKS3_S8_bbii
128,1,relu2,_ZN2at6native29vectorized_elementwise_kernelILi4EZZZNS0_49_GLOBAL__N__a62a4dcd_16_TensorCompare_cu_71e06f4e19launch_clamp_scalarERNS_18TensorIteratorBaseEN3c106ScalarES6_NS0_6detail11ClampLimitsEENKUlvE_clEvENKUlvE5_clEvEUlfE_St5arrayIPcLy2EELb0EEEviT0_T1_
128,1,conv3,_Z23implicit_convolve_sgemmIffiLi1024ELi5ELi5ELi3ELi3ELi3ELi1ELb0ELb0ELb1EEviiiPKT_iPT0_S2_18kernel_conv_paramsyT1_ffiPKS3_S8_bbii
128,1,relu3,_ZN2at6native29vectorized_elementwise_kernelILi4EZZZNS0_49_GLOBAL__N__a62a4dcd_16_TensorCompare_cu_71e06f4e19launch_clamp_scalarERNS_18TensorIteratorBaseEN3c106ScalarES6_NS0_6detail11ClampLimitsEENKUlvE_clEvENKUlvE5_clEvEUlfE_St5arrayIPcLy2EELb0EEEviT0_T1_
128,1,conv4,_Z23implicit_convolve_sgemmIffiLi1024ELi5ELi5ELi3ELi3ELi3ELi1ELb0ELb0ELb1EEviiiPKT_iPT0_S2_18kernel_conv_paramsyT1_ffiPKS3_S8_bbii
128,1,relu4,_ZN2at6native29vectorized_elementwise_kernelILi4EZZZNS0_49_GLOBAL__N__a62a4dcd_16_TensorCompare_cu_71e06f4e19launch_clamp_scalarERNS_18TensorIteratorBaseEN3c106ScalarES6_NS0_6detail11ClampLimitsEENKUlvE_clEvENKUlvE5_clEvEUlfE_St5arrayIPcLy2EELb0EEEviT0_T1_
128,1,conv5,_Z23implicit_convolve_sgemmIffiLi1024ELi5ELi5ELi3ELi3ELi3ELi1ELb0ELb0ELb1EEviiiPKT_iPT0_S2_18kernel_conv_paramsyT1_ffiPKS3_S8_bbii
128,1,relu5,_ZN2at6native29vectorized_elementwise_kernelILi4EZZZNS0_49_GLOBAL__N__a62a4dcd_16_TensorCompare_cu_71e06f4e19launch_clamp_scalarERNS_18TensorIteratorBaseEN3c106ScalarES6_NS0_6detail11ClampLimitsEENKUlvE_clEvENKUlvE5_clEvEUlfE_St5arrayIPcLy2EELb0EEEviT0_T1_
128,1,conv6,_Z23implicit_convolve_sgemmIffiLi1024ELi5ELi5ELi3ELi3ELi3ELi1ELb0ELb0ELb1EEviiiPKT_iPT0_S2_18kernel_conv_paramsyT1_ffiPKS3_S8_bbii
128,1,relu6,_ZN2at6native29vectorized_elementwise_kernelILi4EZZZNS0_49_GLOBAL__N__a62a4dcd_16_TensorCompare_cu_71e06f4e19launch_clamp_scalarERNS_18TensorIteratorBaseEN3c106ScalarES6_NS0_6detail11ClampLimitsEENKUlvE_clEvENKUlvE5_clEvEUlfE_St5arrayIPcLy2EELb0EEEviT0_T1_
128,1,global_avg_pool,_ZN2at6native13reduce_kernelILi512ELi1ENS0_8ReduceOpIfNS0_7MeanOpsIffffEEjfLi4ELi4EEEEEvT1_
128,1,fc1,_ZN8internal5gemvx6kernelIiiffffLb0ELb1ELb1ELb0ELi7ELb0E18cublasGemvParamsExIi30cublasGemvTensorStridedBatchedIKfES5_S3_IfEfEEENSt9enable_ifIXntT5_EvE4typeET11_
128,1,relu7,_ZN2at6native29vectorized_elementwise_kernelILi4EZZZNS0_49_GLOBAL__N__a62a4dcd_16_TensorCompare_cu_71e06f4e19launch_clamp_scalarERNS_18TensorIteratorBaseEN3c106ScalarES6_NS0_6detail11ClampLimitsEENKUlvE_clEvENKUlvE5_clEvEUlfE_St5arrayIPcLy2EELb0EEEviT0_T1_
128,1,fc2,_ZN8internal5gemvx6kernelIiiffffLb0ELb1ELb1ELb0ELi7ELb0E18cublasGemvParamsExIi30cublasGemvTensorStridedBatchedIKfES5_S3_IfEfEEENSt9enable_ifIXntT5_EvE4typeET11_
128,2,conv1,_Z23implicit_convolve_sgemmIffiLi1024ELi5ELi5ELi3ELi3ELi3ELi1ELb0ELb0ELb1EEviiiPKT_iPT0_S2_18kernel_conv_paramsyT1_ffiPKS3_S8_bbii
128,2,relu1,_ZN2at6native29vectorized_elementwise_kernelILi4EZZZNS0_49_GLOBAL__N__a62a4dcd_16_TensorCompare_cu_71e06f4e19launch_clamp_scalarERNS_18TensorIteratorBaseEN3c106ScalarES6_NS0_6detail11ClampLimitsEENKUlvE_clEvENKUlvE5_clEvEUlfE_St5arrayIPcLy2EELb0EEEviT0_T1_
128,2,maxpool,_ZN2at6native52_GLOBAL__N__71d79c19_19_DilatedMaxPool2d_cu_9872839c21max_pool_forward_nchwIfiEEvT0_PKT_xxxiiiiiiiiiiPS4_Px
128,2,conv2,_Z23implicit_convolve_sgemmIffiLi1024ELi5ELi5ELi3ELi3ELi3ELi1ELb0ELb0ELb1EEviiiPKT_iPT0_S2_18kernel_conv_paramsyT1_ffiPKS3_S8_bbii
128,2,relu2,_ZN2at6native29vectorized_elementwise_kernelILi4EZZZNS0_49_GLOBAL__N__a62a4dcd_16_TensorCompare_cu_71e06f4e19launch_clamp_scalarERNS_18TensorIteratorBaseEN3c106ScalarES6_NS0_6detail11ClampLimitsEENKUlvE_clEvENKUlvE5_clEvEUlfE_St5arrayIPcLy2EELb0EEEviT0_T1_
128,2,conv3,_Z23implicit_convolve_sgemmIffiLi1024ELi5ELi5ELi3ELi3ELi3ELi1ELb0ELb0ELb1EEviiiPKT_iPT0_S2_18kernel_conv_paramsyT1_ffiPKS3_S8_bbii
128,2,relu3,_ZN2at6native29vectorized_elementwise_kernelILi4EZZZNS0_49_GLOBAL__N__a62a4dcd_16_TensorCompare_cu_71e06f4e19launch_clamp_scalarERNS_18TensorIteratorBaseEN3c106ScalarES6_NS0_6detail11ClampLimitsEENKUlvE_clEvENKUlvE5_clEvEUlfE_St5arrayIPcLy2EELb0EEEviT0_T1_
128,2,conv4,_Z23implicit_convolve_sgemmIffiLi1024ELi5ELi5ELi3ELi3ELi3ELi1ELb0ELb0ELb1EEviiiPKT_iPT0_S2_18kernel_conv_paramsyT1_ffiPKS3_S8_bbii
128,2,relu4,_ZN2at6native29vectorized_elementwise_kernelILi4EZZZNS0_49_GLOBAL__N__a62a4dcd_16_TensorCompare_cu_71e06f4e19launch_clamp_scalarERNS_18TensorIteratorBaseEN3c106ScalarES6_NS0_6detail11ClampLimitsEENKUlvE_clEvENKUlvE5_clEvEUlfE_St5arrayIPcLy2EELb0EEEviT0_T1_
128,2,conv5,_Z23implicit_convolve_sgemmIffiLi1024ELi5ELi5ELi3ELi3ELi3ELi1ELb0ELb0ELb1EEviiiPKT_iPT0_S2_18kernel_conv_paramsyT1_ffiPKS3_S8_bbii
128,2,relu5,_ZN2at6native29vectorized_elementwise_kernelILi4EZZZNS0_49_GLOBAL__N__a62a4dcd_16_TensorCompare_cu_71e06f4e19launch_clamp_scalarERNS_18TensorIteratorBaseEN3c106ScalarES6_NS0_6detail11ClampLimitsEENKUlvE_clEvENKUlvE5_clEvEUlfE_St5arrayIPcLy2EELb0EEEviT0_T1_
128,2,conv6,_Z23implicit_convolve_sgemmIffiLi1024ELi5ELi5ELi3ELi3ELi3ELi1ELb0ELb0ELb1EEviiiPKT_iPT0_S2_18kernel_conv_paramsyT1_ffiPKS3_S8_bbii
128,2,relu6,_ZN2at6native29vectorized_elementwise_kernelILi4EZZZNS0_49_GLOBAL__N__a62a4dcd_16_TensorCompare_cu_71e06f4e19launch_clamp_scalarERNS_18TensorIteratorBaseEN3c106ScalarES6_NS0_6detail11ClampLimitsEENKUlvE_clEvENKUlvE5_clEvEUlfE_St5arrayIPcLy2EELb0EEEviT0_T1_
128,2,global_avg_pool,_ZN2at6native13reduce_kernelILi512ELi1ENS0_8ReduceOpIfNS0_7MeanOpsIffffEEjfLi4ELi4EEEEEvT1_
128,2,fc1,_Z16gemmSN_TN_kernelIfLi128ELi16ELi2ELi4ELi2ELi2ELb1E30cublasGemvTensorStridedBatchedIKfES2_S0_IfEEv22cublasGemmSmallNParamsIT7_T8_T9_T_E
128,2,relu7,_ZN2at6native29vectorized_elementwise_kernelILi4EZZZNS0_49_GLOBAL__N__a62a4dcd_16_TensorCompare_cu_71e06f4e19launch_clamp_scalarERNS_18TensorIteratorBaseEN3c106ScalarES6_NS0_6detail11ClampLimitsEENKUlvE_clEvENKUlvE5_clEvEUlfE_St5arrayIPcLy2EELb0EEEviT0_T1_
128,2,fc2,_Z16gemmSN_TN_kernelIfLi128ELi16ELi2ELi4ELi2ELi2ELb1E30cublasGemvTensorStridedBatchedIKfES2_S0_IfEEv22cublasGemmSmallNParamsIT7_T8_T9_T_E
128,4,conv1,_Z23implicit_convolve_sgemmIffiLi1024ELi5ELi5ELi3ELi3ELi3ELi1ELb0ELb0ELb1EEviiiPKT_iPT0_S2_18kernel_conv_paramsyT1_ffiPKS3_S8_bbii
128,4,relu1,_ZN2at6native29vectorized_elementwise_kernelILi4EZZZNS0_49_GLOBAL__N__a62a4dcd_16_TensorCompare_cu_71e06f4e19launch_clamp_scalarERNS_18TensorIteratorBaseEN3c106ScalarES6_NS0_6detail11ClampLimitsEENKUlvE_clEvENKUlvE5_clEvEUlfE_St5arrayIPcLy2EELb0EEEviT0_T1_
128,4,maxpool,_ZN2at6native52_GLOBAL__N__71d79c19_19_DilatedMaxPool2d_cu_9872839c21max_pool_forward_nchwIfiEEvT0_PKT_xxxiiiiiiiiiiPS4_Px
128,4,conv2,_Z23implicit_convolve_sgemmIffiLi1024ELi5ELi5ELi3ELi3ELi3ELi1ELb0ELb0ELb1EEviiiPKT_iPT0_S2_18kernel_conv_paramsyT1_ffiPKS3_S8_bbii
128,4,relu2,_ZN2at6native29vectorized_elementwise_kernelILi4EZZZNS0_49_GLOBAL__N__a62a4dcd_16_TensorCompare_cu_71e06f4e19launch_clamp_scalarERNS_18TensorIteratorBaseEN3c106ScalarES6_NS0_6detail11ClampLimitsEENKUlvE_clEvENKUlvE5_clEvEUlfE_St5arrayIPcLy2EELb0EEEviT0_T1_
128,4,conv3,_Z23implicit_convolve_sgemmIffiLi1024ELi5ELi5ELi3ELi3ELi3ELi1ELb0ELb0ELb1EEviiiPKT_iPT0_S2_18kernel_conv_paramsyT1_ffiPKS3_S8_bbii
128,4,relu3,_ZN2at6native29vectorized_elementwise_kernelILi4EZZZNS0_49_GLOBAL__N__a62a4dcd_16_TensorCompare_cu_71e06f4e19launch_clamp_scalarERNS_18TensorIteratorBaseEN3c106ScalarES6_NS0_6detail11ClampLimitsEENKUlvE_clEvENKUlvE5_clEvEUlfE_St5arrayIPcLy2EELb0EEEviT0_T1_
128,4,conv4,_Z23implicit_convolve_sgemmIffiLi1024ELi5ELi5ELi3ELi3ELi3ELi1ELb0ELb0ELb1EEviiiPKT_iPT0_S2_18kernel_conv_paramsyT1_ffiPKS3_S8_bbii
128,4,relu4,_ZN2at6native29vectorized_elementwise_kernelILi4EZZZNS0_49_GLOBAL__N__a62a4dcd_16_TensorCompare_cu_71e06f4e19launch_clamp_scalarERNS_18TensorIteratorBaseEN3c106ScalarES6_NS0_6detail11ClampLimitsEENKUlvE_clEvENKUlvE5_clEvEUlfE_St5arrayIPcLy2EELb0EEEviT0_T1_
128,4,conv5,_Z23implicit_convolve_sgemmIffiLi1024ELi5ELi5ELi3ELi3ELi3ELi1ELb0ELb0ELb1EEviiiPKT_iPT0_S2_18kernel_conv_paramsyT1_ffiPKS3_S8_bbii
128,4,relu5,_ZN2at6native29vectorized_elementwise_kernelILi4EZZZNS0_49_GLOBAL__N__a62a4dcd_16_TensorCompare_cu_71e06f4e19launch_clamp_scalarERNS_18TensorIteratorBaseEN3c106ScalarES6_NS0_6detail11ClampLimitsEENKUlvE_clEvENKUlvE5_clEvEUlfE_St5arrayIPcLy2EELb0EEEviT0_T1_
128,4,conv6,_Z23implicit_convolve_sgemmIffiLi1024ELi5ELi5ELi3ELi3ELi3ELi1ELb0ELb0ELb1EEviiiPKT_iPT0_S2_18kernel_conv_paramsyT1_ffiPKS3_S8_bbii
128,4,relu6,_ZN2at6native29vectorized_elementwise_kernelILi4EZZZNS0_49_GLOBAL__N__a62a4dcd_16_TensorCompare_cu_71e06f4e19launch_clamp_scalarERNS_18TensorIteratorBaseEN3c106ScalarES6_NS0_6detail11ClampLimitsEENKUlvE_clEvENKUlvE5_clEvEUlfE_St5arrayIPcLy2EELb0EEEviT0_T1_
128,4,global_avg_pool,_ZN2at6native13reduce_kernelILi512ELi1ENS0_8ReduceOpIfNS0_7MeanOpsIffffEEjfLi4ELi4EEEEEvT1_
128,4,fc1,_Z16gemmSN_TN_kernelIfLi128ELi16ELi2ELi4ELi4ELi4ELb1E30cublasGemvTensorStridedBatchedIKfES2_S0_IfEEv22cublasGemmSmallNParamsIT7_T8_T9_T_E
128,4,relu7,_ZN2at6native29vectorized_elementwise_kernelILi4EZZZNS0_49_GLOBAL__N__a62a4dcd_16_TensorCompare_cu_71e06f4e19launch_clamp_scalarERNS_18TensorIteratorBaseEN3c106ScalarES6_NS0_6detail11ClampLimitsEENKUlvE_clEvENKUlvE5_clEvEUlfE_St5arrayIPcLy2EELb0EEEviT0_T1_
128,4,fc2,_Z16gemmSN_TN_kernelIfLi128ELi16ELi2ELi4ELi4ELi4ELb1E30cublasGemvTensorStridedBatchedIKfES2_S0_IfEEv22cublasGemmSmallNParamsIT7_T8_T9_T_E
128,8,conv1,_Z23implicit_convolve_sgemmIffiLi1024ELi5ELi5ELi3ELi3ELi3ELi1ELb0ELb0ELb1EEviiiPKT_iPT0_S2_18kernel_conv_paramsyT1_ffiPKS3_S8_bbii
128,8,relu1,_ZN2at6native29vectorized_elementwise_kernelILi4EZZZNS0_49_GLOBAL__N__a62a4dcd_16_TensorCompare_cu_71e06f4e19launch_clamp_scalarERNS_18TensorIteratorBaseEN3c106ScalarES6_NS0_6detail11ClampLimitsEENKUlvE_clEvENKUlvE5_clEvEUlfE_St5arrayIPcLy2EELb0EEEviT0_T1_
128,8,maxpool,_ZN2at6native52_GLOBAL__N__71d79c19_19_DilatedMaxPool2d_cu_9872839c21max_pool_forward_nchwIfiEEvT0_PKT_xxxiiiiiiiiiiPS4_Px
128,8,conv2,_Z23implicit_convolve_sgemmIffiLi1024ELi5ELi5ELi3ELi3ELi3ELi1ELb0ELb0ELb1EEviiiPKT_iPT0_S2_18kernel_conv_paramsyT1_ffiPKS3_S8_bbii
128,8,relu2,_ZN2at6native29vectorized_elementwise_kernelILi4EZZZNS0_49_GLOBAL__N__a62a4dcd_16_TensorCompare_cu_71e06f4e19launch_clamp_scalarERNS_18TensorIteratorBaseEN3c106ScalarES6_NS0_6detail11ClampLimitsEENKUlvE_clEvENKUlvE5_clEvEUlfE_St5arrayIPcLy2EELb0EEEviT0_T1_
128,8,conv3,_Z23implicit_convolve_sgemmIffiLi1024ELi5ELi5ELi3ELi3ELi3ELi1ELb0ELb0ELb1EEviiiPKT_iPT0_S2_18kernel_conv_paramsyT1_ffiPKS3_S8_bbii
128,8,relu3,_ZN2at6native29vectorized_elementwise_kernelILi4EZZZNS0_49_GLOBAL__N__a62a4dcd_16_TensorCompare_cu_71e06f4e19launch_clamp_scalarERNS_18TensorIteratorBaseEN3c106ScalarES6_NS0_6detail11ClampLimitsEENKUlvE_clEvENKUlvE5_clEvEUlfE_St5arrayIPcLy2EELb0EEEviT0_T1_
128,8,conv4,_Z23implicit_convolve_sgemmIffiLi1024ELi5ELi5ELi3ELi3ELi3ELi1ELb0ELb0ELb1EEviiiPKT_iPT0_S2_18kernel_conv_paramsyT1_ffiPKS3_S8_bbii
128,8,relu4,_ZN2at6native29vectorized_elementwise_kernelILi4EZZZNS0_49_GLOBAL__N__a62a4dcd_16_TensorCompare_cu_71e06f4e19launch_clamp_scalarERNS_18TensorIteratorBaseEN3c106ScalarES6_NS0_6detail11ClampLimitsEENKUlvE_clEvENKUlvE5_clEvEUlfE_St5arrayIPcLy2EELb0EEEviT0_T1_
128,8,conv5,_Z23implicit_convolve_sgemmIffiLi1024ELi5ELi5ELi3ELi3ELi3ELi1ELb0ELb0ELb1EEviiiPKT_iPT0_S2_18kernel_conv_paramsyT1_ffiPKS3_S8_bbii
128,8,relu5,_ZN2at6native29vectorized_elementwise_kernelILi4EZZZNS0_49_GLOBAL__N__a62a4dcd_16_TensorCompare_cu_71e06f4e19launch_clamp_scalarERNS_18TensorIteratorBaseEN3c106ScalarES6_NS0_6detail11ClampLimitsEENKUlvE_clEvENKUlvE5_clEvEUlfE_St5arrayIPcLy2EELb0EEEviT0_T1_
128,8,conv6,_Z23implicit_convolve_sgemmIffiLi1024ELi5ELi5ELi3ELi3ELi3ELi1ELb0ELb0ELb1EEviiiPKT_iPT0_S2_18kernel_conv_paramsyT1_ffiPKS3_S8_bbii
128,8,relu6,_ZN2at6native29vectorized_elementwise_kernelILi4EZZZNS0_49_GLOBAL__N__a62a4dcd_16_TensorCompare_cu_71e06f4e19launch_clamp_scalarERNS_18TensorIteratorBaseEN3c106ScalarES6_NS0_6detail11ClampLimitsEENKUlvE_clEvENKUlvE5_clEvEUlfE_St5arrayIPcLy2EELb0EEEviT0_T1_
128,8,global_avg_pool,_ZN2at6native13reduce_kernelILi512ELi1ENS0_8ReduceOpIfNS0_7MeanOpsIffffEEjfLi4ELi4EEEEEvT1_
128,8,fc1,_Z16gemmSN_TN_kernelIfLi128ELi16ELi2ELi4ELi8ELi9ELb0E30cublasGemvTensorStridedBatchedIKfES2_S0_IfEEv22cublasGemmSmallNParamsIT7_T8_T9_T_E
128,8,relu7,_ZN2at6native29vectorized_elementwise_kernelILi4EZZZNS0_49_GLOBAL__N__a62a4dcd_16_TensorCompare_cu_71e06f4e19launch_clamp_scalarERNS_18TensorIteratorBaseEN3c106ScalarES6_NS0_6detail11ClampLimitsEENKUlvE_clEvENKUlvE5_clEvEUlfE_St5arrayIPcLy2EELb0EEEviT0_T1_
128,8,fc2,_Z16gemmSN_TN_kernelIfLi128ELi16ELi2ELi4ELi8ELi9ELb0E30cublasGemvTensorStridedBatchedIKfES2_S0_IfEEv22cublasGemmSmallNParamsIT7_T8_T9_T_E
128,16,conv1,_Z23implicit_convolve_sgemmIffiLi1024ELi5ELi5ELi3ELi3ELi3ELi1ELb0ELb0ELb1EEviiiPKT_iPT0_S2_18kernel_conv_paramsyT1_ffiPKS3_S8_bbii
128,16,relu1,_ZN2at6native29vectorized_elementwise_kernelILi4EZZZNS0_49_GLOBAL__N__a62a4dcd_16_TensorCompare_cu_71e06f4e19launch_clamp_scalarERNS_18TensorIteratorBaseEN3c106ScalarES6_NS0_6detail11ClampLimitsEENKUlvE_clEvENKUlvE5_clEvEUlfE_St5arrayIPcLy2EELb0EEEviT0_T1_
128,16,maxpool,_ZN2at6native52_GLOBAL__N__71d79c19_19_DilatedMaxPool2d_cu_9872839c21max_pool_forward_nchwIfiEEvT0_PKT_xxxiiiiiiiiiiPS4_Px
128,16,conv2,_Z23implicit_convolve_sgemmIffiLi128ELi5ELi5ELi3ELi3ELi3ELi1ELb0ELb0ELb1EEviiiPKT_iPT0_S2_18kernel_conv_paramsyT1_ffiPKS3_S8_bbii
128,16,relu2,_ZN2at6native29vectorized_elementwise_kernelILi4EZZZNS0_49_GLOBAL__N__a62a4dcd_16_TensorCompare_cu_71e06f4e19launch_clamp_scalarERNS_18TensorIteratorBaseEN3c106ScalarES6_NS0_6detail11ClampLimitsEENKUlvE_clEvENKUlvE5_clEvEUlfE_St5arrayIPcLy2EELb0EEEviT0_T1_
128,16,conv3,_Z23implicit_convolve_sgemmIffiLi1024ELi5ELi5ELi3ELi3ELi3ELi1ELb0ELb0ELb1EEviiiPKT_iPT0_S2_18kernel_conv_paramsyT1_ffiPKS3_S8_bbii
128,16,relu3,_ZN2at6native29vectorized_elementwise_kernelILi4EZZZNS0_49_GLOBAL__N__a62a4dcd_16_TensorCompare_cu_71e06f4e19launch_clamp_scalarERNS_18TensorIteratorBaseEN3c106ScalarES6_NS0_6detail11ClampLimitsEENKUlvE_clEvENKUlvE5_clEvEUlfE_St5arrayIPcLy2EELb0EEEviT0_T1_
128,16,conv4,_Z23implicit_convolve_sgemmIffiLi1024ELi5ELi5ELi3ELi3ELi3ELi1ELb0ELb0ELb1EEviiiPKT_iPT0_S2_18kernel_conv_paramsyT1_ffiPKS3_S8_bbii
128,16,relu4,_ZN2at6native29vectorized_elementwise_kernelILi4EZZZNS0_49_GLOBAL__N__a62a4dcd_16_TensorCompare_cu_71e06f4e19launch_clamp_scalarERNS_18TensorIteratorBaseEN3c106ScalarES6_NS0_6detail11ClampLimitsEENKUlvE_clEvENKUlvE5_clEvEUlfE_St5arrayIPcLy2EELb0EEEviT0_T1_
128,16,conv5,_Z23implicit_convolve_sgemmIffiLi1024ELi5ELi5ELi3ELi3ELi3ELi1ELb0ELb0ELb1EEviiiPKT_iPT0_S2_18kernel_conv_paramsyT1_ffiPKS3_S8_bbii
128,16,relu5,_ZN2at6native29vectorized_elementwise_kernelILi4EZZZNS0_49_GLOBAL__N__a62a4dcd_16_TensorCompare_cu_71e06f4e19launch_clamp_scalarERNS_18TensorIteratorBaseEN3c106ScalarES6_NS0_6detail11ClampLimitsEENKUlvE_clEvENKUlvE5_clEvEUlfE_St5arrayIPcLy2EELb0EEEviT0_T1_
128,16,conv6,_Z23implicit_convolve_sgemmIffiLi1024ELi5ELi5ELi3ELi3ELi3ELi1ELb0ELb0ELb1EEviiiPKT_iPT0_S2_18kernel_conv_paramsyT1_ffiPKS3_S8_bbii
128,16,relu6,_ZN2at6native29vectorized_elementwise_kernelILi4EZZZNS0_49_GLOBAL__N__a62a4dcd_16_TensorCompare_cu_71e06f4e19launch_clamp_scalarERNS_18TensorIteratorBaseEN3c106ScalarES6_NS0_6detail11ClampLimitsEENKUlvE_clEvENKUlvE5_clEvEUlfE_St5arrayIPcLy2EELb0EEEviT0_T1_
128,16,global_avg_pool,_ZN2at6native13reduce_kernelILi512ELi1ENS0_8ReduceOpIfNS0_7MeanOpsIffffEEjfLi4ELi4EEEEEvT1_
128,16,fc1,_Z16gemmSN_TN_kernelIfLi128ELi16ELi2ELi4ELi8ELi9ELb0E30cublasGemvTensorStridedBatchedIKfES2_S0_IfEEv22cublasGemmSmallNParamsIT7_T8_T9_T_E
128,16,relu7,_ZN2at6native29vectorized_elementwise_kernelILi4EZZZNS0_49_GLOBAL__N__a62a4dcd_16_TensorCompare_cu_71e06f4e19launch_clamp_scalarERNS_18TensorIteratorBaseEN3c106ScalarES6_NS0_6detail11ClampLimitsEENKUlvE_clEvENKUlvE5_clEvEUlfE_St5arrayIPcLy2EELb0EEEviT0_T1_
128,16,fc2,_Z16gemmSN_TN_kernelIfLi128ELi16ELi2ELi4ELi8ELi9ELb0E30cublasGemvTensorStridedBatchedIKfES2_S0_IfEEv22cublasGemmSmallNParamsIT7_T8_T9_T_E
128,32,conv1,_Z23implicit_convolve_sgemmIffiLi1024ELi5ELi5ELi3ELi3ELi3ELi1ELb0ELb0ELb1EEviiiPKT_iPT0_S2_18kernel_conv_paramsyT1_ffiPKS3_S8_bbii
128,32,relu1,_ZN2at6native29vectorized_elementwise_kernelILi4EZZZNS0_49_GLOBAL__N__a62a4dcd_16_TensorCompare_cu_71e06f4e19launch_clamp_scalarERNS_18TensorIteratorBaseEN3c106ScalarES6_NS0_6detail11ClampLimitsEENKUlvE_clEvENKUlvE5_clEvEUlfE_St5arrayIPcLy2EELb0EEEviT0_T1_
128,32,maxpool,_ZN2at6native52_GLOBAL__N__71d79c19_19_DilatedMaxPool2d_cu_9872839c21max_pool_forward_nchwIfiEEvT0_PKT_xxxiiiiiiiiiiPS4_Px
128,32,conv2,_Z23implicit_convolve_sgemmIffiLi1024ELi5ELi5ELi3ELi3ELi3ELi1ELb0ELb0ELb1EEviiiPKT_iPT0_S2_18kernel_conv_paramsyT1_ffiPKS3_S8_bbii
128,32,relu2,_ZN2at6native29vectorized_elementwise_kernelILi4EZZZNS0_49_GLOBAL__N__a62a4dcd_16_TensorCompare_cu_71e06f4e19launch_clamp_scalarERNS_18TensorIteratorBaseEN3c106ScalarES6_NS0_6detail11ClampLimitsEENKUlvE_clEvENKUlvE5_clEvEUlfE_St5arrayIPcLy2EELb0EEEviT0_T1_
128,32,conv3,_Z23implicit_convolve_sgemmIffiLi128ELi5ELi5ELi3ELi3ELi3ELi1ELb0ELb0ELb1EEviiiPKT_iPT0_S2_18kernel_conv_paramsyT1_ffiPKS3_S8_bbii
128,32,relu3,_ZN2at6native29vectorized_elementwise_kernelILi4EZZZNS0_49_GLOBAL__N__a62a4dcd_16_TensorCompare_cu_71e06f4e19launch_clamp_scalarERNS_18TensorIteratorBaseEN3c106ScalarES6_NS0_6detail11ClampLimitsEENKUlvE_clEvENKUlvE5_clEvEUlfE_St5arrayIPcLy2EELb0EEEviT0_T1_
128,32,conv4,_ZN5cudnn3cnn23kern_precompute_indicesILb0EEEvPiiiiii
128,32,conv4,_Z26precomputed_convolve_sgemmIfiLi512ELi6ELi7ELi4ELi3ELi5ELi1ELb0EEviiiPKT_iPS0_S2_18kernel_conv_paramsyT0_ffibbS2_S2_Pi
128,32,relu4,_ZN2at6native29vectorized_elementwise_kernelILi4EZZZNS0_49_GLOBAL__N__a62a4dcd_16_TensorCompare_cu_71e06f4e19launch_clamp_scalarERNS_18TensorIteratorBaseEN3c106ScalarES6_NS0_6detail11ClampLimitsEENKUlvE_clEvENKUlvE5_clEvEUlfE_St5arrayIPcLy2EELb0EEEviT0_T1_
128,32,conv5,_Z23implicit_convolve_sgemmIffiLi128ELi5ELi5ELi3ELi3ELi3ELi1ELb0ELb0ELb1EEviiiPKT_iPT0_S2_18kernel_conv_paramsyT1_ffiPKS3_S8_bbii
128,32,relu5,_ZN2at6native29vectorized_elementwise_kernelILi4EZZZNS0_49_GLOBAL__N__a62a4dcd_16_TensorCompare_cu_71e06f4e19launch_clamp_scalarERNS_18TensorIteratorBaseEN3c106ScalarES6_NS0_6detail11ClampLimitsEENKUlvE_clEvENKUlvE5_clEvEUlfE_St5arrayIPcLy2EELb0EEEviT0_T1_
128,32,conv6,_ZN5cudnn3cnn23kern_precompute_indicesILb0EEEvPiiiiii
128,32,conv6,_Z26precomputed_convolve_sgemmIfiLi512ELi6ELi7ELi4ELi3ELi5ELi1ELb0EEviiiPKT_iPS0_S2_18kernel_conv_paramsyT0_ffibbS2_S2_Pi
128,32,relu6,_ZN2at6native29vectorized_elementwise_kernelILi4EZZZNS0_49_GLOBAL__N__a62a4dcd_16_TensorCompare_cu_71e06f4e19launch_clamp_scalarERNS_18TensorIteratorBaseEN3c106ScalarES6_NS0_6detail11ClampLimitsEENKUlvE_clEvENKUlvE5_clEvEUlfE_St5arrayIPcLy2EELb0EEEviT0_T1_
128,32,global_avg_pool,_ZN2at6native13reduce_kernelILi512ELi1ENS0_8ReduceOpIfNS0_7MeanOpsIffffEEjfLi4ELi4EEEEEvT1_
128,32,fc1,_ZN7cutlass7Kernel2I41cutlass_80_simt_sgemm_64x64_8x5_tn_align1EEvNT_6ParamsE
128,32,fc1,_ZN8cublasLt19splitKreduce_kernelILi32ELi16EiffffLb0EfffLb1ELb1ELb0ELb0EEEvNS_18cublasSplitKParamsIT4_EEPKT2_PKT8_PT7_PT3_PKS2_SF_PKT9_S6_PSG_PvxPS2_PiSL_SL_SF_SF_SF_SF_SF_
128,32,relu7,_ZN2at6native29vectorized_elementwise_kernelILi4EZZZNS0_49_GLOBAL__N__a62a4dcd_16_TensorCompare_cu_71e06f4e19launch_clamp_scalarERNS_18TensorIteratorBaseEN3c106ScalarES6_NS0_6detail11ClampLimitsEENKUlvE_clEvENKUlvE5_clEvEUlfE_St5arrayIPcLy2EELb0EEEviT0_T1_
128,32,fc2,_ZN7cutlass7Kernel2I41cutlass_80_simt_sgemm_64x64_8x5_tn_align1EEvNT_6ParamsE
128,32,fc2,_ZN8cublasLt19splitKreduce_kernelILi32ELi16EiffffLb0EfffLb1ELb1ELb0ELb0EEEvNS_18cublasSplitKParamsIT4_EEPKT2_PKT8_PT7_PT3_PKS2_SF_PKT9_S6_PSG_PvxPS2_PiSL_SL_SF_SF_SF_SF_SF_
128,64,conv1,_Z23implicit_convolve_sgemmIffiLi1024ELi5ELi5ELi3ELi3ELi3ELi1ELb0ELb0ELb1EEviiiPKT_iPT0_S2_18kernel_conv_paramsyT1_ffiPKS3_S8_bbii
128,64,relu1,_ZN2at6native29vectorized_elementwise_kernelILi4EZZZNS0_49_GLOBAL__N__a62a4dcd_16_TensorCompare_cu_71e06f4e19launch_clamp_scalarERNS_18TensorIteratorBaseEN3c106ScalarES6_NS0_6detail11ClampLimitsEENKUlvE_clEvENKUlvE5_clEvEUlfE_St5arrayIPcLy2EELb0EEEviT0_T1_
128,64,maxpool,_ZN2at6native52_GLOBAL__N__71d79c19_19_DilatedMaxPool2d_cu_9872839c21max_pool_forward_nchwIfiEEvT0_PKT_xxxiiiiiiiiiiPS4_Px
128,64,conv2,_Z23implicit_convolve_sgemmIffiLi1024ELi5ELi5ELi3ELi3ELi3ELi1ELb0ELb0ELb1EEviiiPKT_iPT0_S2_18kernel_conv_paramsyT1_ffiPKS3_S8_bbii
128,64,relu2,_ZN2at6native29vectorized_elementwise_kernelILi4EZZZNS0_49_GLOBAL__N__a62a4dcd_16_TensorCompare_cu_71e06f4e19launch_clamp_scalarERNS_18TensorIteratorBaseEN3c106ScalarES6_NS0_6detail11ClampLimitsEENKUlvE_clEvENKUlvE5_clEvEUlfE_St5arrayIPcLy2EELb0EEEviT0_T1_
128,64,conv3,_Z23implicit_convolve_sgemmIffiLi512ELi6ELi8ELi3ELi3ELi5ELi1ELb0ELb0ELb1EEviiiPKT_iPT0_S2_18kernel_conv_paramsyT1_ffiPKS3_S8_bbii
128,64,relu3,_ZN2at6native29vectorized_elementwise_kernelILi4EZZZNS0_49_GLOBAL__N__a62a4dcd_16_TensorCompare_cu_71e06f4e19launch_clamp_scalarERNS_18TensorIteratorBaseEN3c106ScalarES6_NS0_6detail11ClampLimitsEENKUlvE_clEvENKUlvE5_clEvEUlfE_St5arrayIPcLy2EELb0EEEviT0_T1_
128,64,conv4,_Z23implicit_convolve_sgemmIffiLi1024ELi5ELi5ELi3ELi3ELi3ELi1ELb0ELb0ELb1EEviiiPKT_iPT0_S2_18kernel_conv_paramsyT1_ffiPKS3_S8_bbii
128,64,relu4,_ZN2at6native29vectorized_elementwise_kernelILi4EZZZNS0_49_GLOBAL__N__a62a4dcd_16_TensorCompare_cu_71e06f4e19launch_clamp_scalarERNS_18TensorIteratorBaseEN3c106ScalarES6_NS0_6detail11ClampLimitsEENKUlvE_clEvENKUlvE5_clEvEUlfE_St5arrayIPcLy2EELb0EEEviT0_T1_
128,64,conv5,_ZN5cudnn3cnn23kern_precompute_indicesILb0EEEvPiiiiii
128,64,conv5,_Z26precomputed_convolve_sgemmIfiLi512ELi6ELi7ELi4ELi3ELi5ELi1ELb0EEviiiPKT_iPS0_S2_18kernel_conv_paramsyT0_ffibbS2_S2_Pi
128,64,conv5,_Z23implicit_convolve_sgemmIffiLi128ELi6ELi7ELi3ELi3ELi5ELi1ELb0ELb0ELb1EEviiiPKT_iPT0_S2_18kernel_conv_paramsyT1_ffiPKS3_S8_bbii
128,64,conv5,_Z23implicit_convolve_sgemmIffiLi128ELi6ELi7ELi3ELi3ELi5ELi1ELb0ELb0ELb1EEviiiPKT_iPT0_S2_18kernel_conv_paramsyT1_ffiPKS3_S8_bbii
128,64,relu5,_ZN2at6native29vectorized_elementwise_kernelILi4EZZZNS0_49_GLOBAL__N__a62a4dcd_16_TensorCompare_cu_71e06f4e19launch_clamp_scalarERNS_18TensorIteratorBaseEN3c106ScalarES6_NS0_6detail11ClampLimitsEENKUlvE_clEvENKUlvE5_clEvEUlfE_St5arrayIPcLy2EELb0EEEviT0_T1_
128,64,conv6,_Z23implicit_convolve_sgemmIffiLi512ELi6ELi8ELi3ELi3ELi5ELi1ELb0ELb0ELb1EEviiiPKT_iPT0_S2_18kernel_conv_paramsyT1_ffiPKS3_S8_bbii
128,64,relu6,_ZN2at6native29vectorized_elementwise_kernelILi4EZZZNS0_49_GLOBAL__N__a62a4dcd_16_TensorCompare_cu_71e06f4e19launch_clamp_scalarERNS_18TensorIteratorBaseEN3c106ScalarES6_NS0_6detail11ClampLimitsEENKUlvE_clEvENKUlvE5_clEvEUlfE_St5arrayIPcLy2EELb0EEEviT0_T1_
128,64,global_avg_pool,_ZN2at6native13reduce_kernelILi512ELi1ENS0_8ReduceOpIfNS0_7MeanOpsIffffEEjfLi4ELi4EEEEEvT1_
128,64,fc1,_ZN7cutlass7Kernel2I41cutlass_80_simt_sgemm_64x64_8x5_tn_align1EEvNT_6ParamsE
128,64,fc1,_ZN8cublasLt19splitKreduce_kernelILi32ELi16EiffffLb0EfffLb1ELb1ELb0ELb0EEEvNS_18cublasSplitKParamsIT4_EEPKT2_PKT8_PT7_PT3_PKS2_SF_PKT9_S6_PSG_PvxPS2_PiSL_SL_SF_SF_SF_SF_SF_
128,64,relu7,_ZN2at6native29vectorized_elementwise_kernelILi4EZZZNS0_49_GLOBAL__N__a62a4dcd_16_TensorCompare_cu_71e06f4e19launch_clamp_scalarERNS_18TensorIteratorBaseEN3c106ScalarES6_NS0_6detail11ClampLimitsEENKUlvE_clEvENKUlvE5_clEvEUlfE_St5arrayIPcLy2EELb0EEEviT0_T1_
128,64,fc2,_ZN7cutlass7Kernel2I41cutlass_80_simt_sgemm_64x64_8x5_tn_align1EEvNT_6ParamsE
128,64,fc2,_ZN8cublasLt19splitKreduce_kernelILi32ELi16EiffffLb0EfffLb1ELb1ELb0ELb0EEEvNS_18cublasSplitKParamsIT4_EEPKT2_PKT8_PT7_PT3_PKS2_SF_PKT9_S6_PSG_PvxPS2_PiSL_SL_SF_SF_SF_SF_SF_
128,95,conv1,_Z23implicit_convolve_sgemmIffiLi1024ELi5ELi5ELi3ELi3ELi3ELi1ELb0ELb0ELb1EEviiiPKT_iPT0_S2_18kernel_conv_paramsyT1_ffiPKS3_S8_bbii
128,95,relu1,_ZN2at6native29vectorized_elementwise_kernelILi4EZZZNS0_49_GLOBAL__N__a62a4dcd_16_TensorCompare_cu_71e06f4e19launch_clamp_scalarERNS_18TensorIteratorBaseEN3c106ScalarES6_NS0_6detail11ClampLimitsEENKUlvE_clEvENKUlvE5_clEvEUlfE_St5arrayIPcLy2EELb0EEEviT0_T1_
128,95,maxpool,_ZN2at6native52_GLOBAL__N__71d79c19_19_DilatedMaxPool2d_cu_9872839c21max_pool_forward_nchwIfiEEvT0_PKT_xxxiiiiiiiiiiPS4_Px
128,95,conv2,_Z23implicit_convolve_sgemmIffiLi1024ELi5ELi5ELi3ELi3ELi3ELi1ELb0ELb0ELb1EEviiiPKT_iPT0_S2_18kernel_conv_paramsyT1_ffiPKS3_S8_bbii
128,95,relu2,_ZN2at6native29vectorized_elementwise_kernelILi4EZZZNS0_49_GLOBAL__N__a62a4dcd_16_TensorCompare_cu_71e06f4e19launch_clamp_scalarERNS_18TensorIteratorBaseEN3c106ScalarES6_NS0_6detail11ClampLimitsEENKUlvE_clEvENKUlvE5_clEvEUlfE_St5arrayIPcLy2EELb0EEEviT0_T1_
128,95,conv3,_Z23implicit_convolve_sgemmIffiLi512ELi6ELi8ELi3ELi3ELi5ELi1ELb0ELb0ELb1EEviiiPKT_iPT0_S2_18kernel_conv_paramsyT1_ffiPKS3_S8_bbii
128,95,relu3,_ZN2at6native29vectorized_elementwise_kernelILi4EZZZNS0_49_GLOBAL__N__a62a4dcd_16_TensorCompare_cu_71e06f4e19launch_clamp_scalarERNS_18TensorIteratorBaseEN3c106ScalarES6_NS0_6detail11ClampLimitsEENKUlvE_clEvENKUlvE5_clEvEUlfE_St5arrayIPcLy2EELb0EEEviT0_T1_
128,95,conv4,_Z23implicit_convolve_sgemmIffiLi1024ELi5ELi5ELi3ELi3ELi3ELi1ELb0ELb0ELb1EEviiiPKT_iPT0_S2_18kernel_conv_paramsyT1_ffiPKS3_S8_bbii
128,95,relu4,_ZN2at6native29vectorized_elementwise_kernelILi4EZZZNS0_49_GLOBAL__N__a62a4dcd_16_TensorCompare_cu_71e06f4e19launch_clamp_scalarERNS_18TensorIteratorBaseEN3c106ScalarES6_NS0_6detail11ClampLimitsEENKUlvE_clEvENKUlvE5_clEvEUlfE_St5arrayIPcLy2EELb0EEEviT0_T1_
128,95,conv5,_ZN5cudnn3cnn23kern_precompute_indicesILb0EEEvPiiiiii
128,95,conv5,_Z26precomputed_convolve_sgemmIfiLi512ELi6ELi7ELi4ELi3ELi5ELi1ELb0EEviiiPKT_iPS0_S2_18kernel_conv_paramsyT0_ffibbS2_S2_Pi
128,95,conv5,_Z23implicit_convolve_sgemmIffiLi128ELi6ELi7ELi3ELi3ELi5ELi1ELb0ELb0ELb1EEviiiPKT_iPT0_S2_18kernel_conv_paramsyT1_ffiPKS3_S8_bbii
128,95,conv5,_Z23implicit_convolve_sgemmIffiLi128ELi6ELi7ELi3ELi3ELi5ELi1ELb0ELb0ELb1EEviiiPKT_iPT0_S2_18kernel_conv_paramsyT1_ffiPKS3_S8_bbii
128,95,relu5,_ZN2at6native29vectorized_elementwise_kernelILi4EZZZNS0_49_GLOBAL__N__a62a4dcd_16_TensorCompare_cu_71e06f4e19launch_clamp_scalarERNS_18TensorIteratorBaseEN3c106ScalarES6_NS0_6detail11ClampLimitsEENKUlvE_clEvENKUlvE5_clEvEUlfE_St5arrayIPcLy2EELb0EEEviT0_T1_
128,95,conv6,_Z23implicit_convolve_sgemmIffiLi512ELi6ELi8ELi3ELi3ELi5ELi1ELb0ELb0ELb1EEviiiPKT_iPT0_S2_18kernel_conv_paramsyT1_ffiPKS3_S8_bbii
128,95,relu6,_ZN2at6native29vectorized_elementwise_kernelILi4EZZZNS0_49_GLOBAL__N__a62a4dcd_16_TensorCompare_cu_71e06f4e19launch_clamp_scalarERNS_18TensorIteratorBaseEN3c106ScalarES6_NS0_6detail11ClampLimitsEENKUlvE_clEvENKUlvE5_clEvEUlfE_St5arrayIPcLy2EELb0EEEviT0_T1_
128,95,global_avg_pool,_ZN2at6native13reduce_kernelILi512ELi1ENS0_8ReduceOpIfNS0_7MeanOpsIffffEEjfLi4ELi4EEEEEvT1_
128,95,fc1,_ZN7cutlass7Kernel2I41cutlass_80_simt_sgemm_64x64_8x5_tn_align1EEvNT_6ParamsE
128,95,fc1,_ZN8cublasLt19splitKreduce_kernelILi32ELi16EiffffLb0EfffLb1ELb1ELb0ELb0EEEvNS_18cublasSplitKParamsIT4_EEPKT2_PKT8_PT7_PT3_PKS2_SF_PKT9_S6_PSG_PvxPS2_PiSL_SL_SF_SF_SF_SF_SF_
128,95,relu7,_ZN2at6native29vectorized_elementwise_kernelILi4EZZZNS0_49_GLOBAL__N__a62a4dcd_16_TensorCompare_cu_71e06f4e19launch_clamp_scalarERNS_18TensorIteratorBaseEN3c106ScalarES6_NS0_6detail11ClampLimitsEENKUlvE_clEvENKUlvE5_clEvEUlfE_St5arrayIPcLy2EELb0EEEviT0_T1_
128,95,fc2,_ZN7cutlass7Kernel2I41cutlass_80_simt_sgemm_64x64_8x5_tn_align1EEvNT_6ParamsE
128,95,fc2,_ZN8cublasLt19splitKreduce_kernelILi32ELi16EiffffLb0EfffLb1ELb1ELb0ELb0EEEvNS_18cublasSplitKParamsIT4_EEPKT2_PKT8_PT7_PT3_PKS2_SF_PKT9_S6_PSG_PvxPS2_PiSL_SL_SF_SF_SF_SF_SF_
128,98,conv1,_Z23implicit_convolve_sgemmIffiLi1024ELi5ELi5ELi3ELi3ELi3ELi1ELb0ELb0ELb1EEviiiPKT_iPT0_S2_18kernel_conv_paramsyT1_ffiPKS3_S8_bbii
128,98,relu1,_ZN2at6native29vectorized_elementwise_kernelILi4EZZZNS0_49_GLOBAL__N__a62a4dcd_16_TensorCompare_cu_71e06f4e19launch_clamp_scalarERNS_18TensorIteratorBaseEN3c106ScalarES6_NS0_6detail11ClampLimitsEENKUlvE_clEvENKUlvE5_clEvEUlfE_St5arrayIPcLy2EELb0EEEviT0_T1_
128,98,maxpool,_ZN2at6native52_GLOBAL__N__71d79c19_19_DilatedMaxPool2d_cu_9872839c21max_pool_forward_nchwIfiEEvT0_PKT_xxxiiiiiiiiiiPS4_Px
128,98,conv2,_Z23implicit_convolve_sgemmIffiLi1024ELi5ELi5ELi3ELi3ELi3ELi1ELb0ELb0ELb1EEviiiPKT_iPT0_S2_18kernel_conv_paramsyT1_ffiPKS3_S8_bbii
128,98,relu2,_ZN2at6native29vectorized_elementwise_kernelILi4EZZZNS0_49_GLOBAL__N__a62a4dcd_16_TensorCompare_cu_71e06f4e19launch_clamp_scalarERNS_18TensorIteratorBaseEN3c106ScalarES6_NS0_6detail11ClampLimitsEENKUlvE_clEvENKUlvE5_clEvEUlfE_St5arrayIPcLy2EELb0EEEviT0_T1_
128,98,conv3,_Z23implicit_convolve_sgemmIffiLi512ELi6ELi8ELi3ELi3ELi5ELi1ELb0ELb0ELb1EEviiiPKT_iPT0_S2_18kernel_conv_paramsyT1_ffiPKS3_S8_bbii
128,98,relu3,_ZN2at6native29vectorized_elementwise_kernelILi4EZZZNS0_49_GLOBAL__N__a62a4dcd_16_TensorCompare_cu_71e06f4e19launch_clamp_scalarERNS_18TensorIteratorBaseEN3c106ScalarES6_NS0_6detail11ClampLimitsEENKUlvE_clEvENKUlvE5_clEvEUlfE_St5arrayIPcLy2EELb0EEEviT0_T1_
128,98,conv4,_Z23implicit_convolve_sgemmIffiLi1024ELi5ELi5ELi3ELi3ELi3ELi1ELb0ELb0ELb1EEviiiPKT_iPT0_S2_18kernel_conv_paramsyT1_ffiPKS3_S8_bbii
128,98,relu4,_ZN2at6native29vectorized_elementwise_kernelILi4EZZZNS0_49_GLOBAL__N__a62a4dcd_16_TensorCompare_cu_71e06f4e19launch_clamp_scalarERNS_18TensorIteratorBaseEN3c106ScalarES6_NS0_6detail11ClampLimitsEENKUlvE_clEvENKUlvE5_clEvEUlfE_St5arrayIPcLy2EELb0EEEviT0_T1_
128,98,conv5,_ZN5cudnn3cnn23kern_precompute_indicesILb0EEEvPiiiiii
128,98,conv5,_Z26precomputed_convolve_sgemmIfiLi512ELi6ELi7ELi4ELi3ELi5ELi1ELb0EEviiiPKT_iPS0_S2_18kernel_conv_paramsyT0_ffibbS2_S2_Pi
128,98,conv5,_Z23implicit_convolve_sgemmIffiLi128ELi6ELi7ELi3ELi3ELi5ELi1ELb0ELb0ELb1EEviiiPKT_iPT0_S2_18kernel_conv_paramsyT1_ffiPKS3_S8_bbii
128,98,conv5,_Z23implicit_convolve_sgemmIffiLi128ELi6ELi7ELi3ELi3ELi5ELi1ELb0ELb0ELb1EEviiiPKT_iPT0_S2_18kernel_conv_paramsyT1_ffiPKS3_S8_bbii
128,98,relu5,_ZN2at6native29vectorized_elementwise_kernelILi4EZZZNS0_49_GLOBAL__N__a62a4dcd_16_TensorCompare_cu_71e06f4e19launch_clamp_scalarERNS_18TensorIteratorBaseEN3c106ScalarES6_NS0_6detail11ClampLimitsEENKUlvE_clEvENKUlvE5_clEvEUlfE_St5arrayIPcLy2EELb0EEEviT0_T1_
128,98,conv6,_Z23implicit_convolve_sgemmIffiLi512ELi6ELi8ELi3ELi3ELi5ELi1ELb0ELb0ELb1EEviiiPKT_iPT0_S2_18kernel_conv_paramsyT1_ffiPKS3_S8_bbii
128,98,relu6,_ZN2at6native29vectorized_elementwise_kernelILi4EZZZNS0_49_GLOBAL__N__a62a4dcd_16_TensorCompare_cu_71e06f4e19launch_clamp_scalarERNS_18TensorIteratorBaseEN3c106ScalarES6_NS0_6detail11ClampLimitsEENKUlvE_clEvENKUlvE5_clEvEUlfE_St5arrayIPcLy2EELb0EEEviT0_T1_
128,98,global_avg_pool,_ZN2at6native13reduce_kernelILi512ELi1ENS0_8ReduceOpIfNS0_7MeanOpsIffffEEjfLi4ELi4EEEEEvT1_
128,98,fc1,_ZN7cutlass7Kernel2I41cutlass_80_simt_sgemm_64x64_8x5_tn_align1EEvNT_6ParamsE
128,98,fc1,_ZN8cublasLt19splitKreduce_kernelILi32ELi16EiffffLb0EfffLb1ELb1ELb0ELb0EEEvNS_18cublasSplitKParamsIT4_EEPKT2_PKT8_PT7_PT3_PKS2_SF_PKT9_S6_PSG_PvxPS2_PiSL_SL_SF_SF_SF_SF_SF_
128,98,relu7,_ZN2at6native29vectorized_elementwise_kernelILi4EZZZNS0_49_GLOBAL__N__a62a4dcd_16_TensorCompare_cu_71e06f4e19launch_clamp_scalarERNS_18TensorIteratorBaseEN3c106ScalarES6_NS0_6detail11ClampLimitsEENKUlvE_clEvENKUlvE5_clEvEUlfE_St5arrayIPcLy2EELb0EEEviT0_T1_
128,98,fc2,_ZN7cutlass7Kernel2I41cutlass_80_simt_sgemm_64x64_8x5_tn_align1EEvNT_6ParamsE
128,98,fc2,_ZN8cublasLt19splitKreduce_kernelILi32ELi16EiffffLb0EfffLb1ELb1ELb0ELb0EEEvNS_18cublasSplitKParamsIT4_EEPKT2_PKT8_PT7_PT3_PKS2_SF_PKT9_S6_PSG_PvxPS2_PiSL_SL_SF_SF_SF_SF_SF_
128,128,conv1,_Z23implicit_convolve_sgemmIffiLi1024ELi5ELi5ELi3ELi3ELi3ELi1ELb0ELb0ELb1EEviiiPKT_iPT0_S2_18kernel_conv_paramsyT1_ffiPKS3_S8_bbii
128,128,relu1,_ZN2at6native29vectorized_elementwise_kernelILi4EZZZNS0_49_GLOBAL__N__a62a4dcd_16_TensorCompare_cu_71e06f4e19launch_clamp_scalarERNS_18TensorIteratorBaseEN3c106ScalarES6_NS0_6detail11ClampLimitsEENKUlvE_clEvENKUlvE5_clEvEUlfE_St5arrayIPcLy2EELb0EEEviT0_T1_
128,128,maxpool,_ZN2at6native52_GLOBAL__N__71d79c19_19_DilatedMaxPool2d_cu_9872839c21max_pool_forward_nchwIfiEEvT0_PKT_xxxiiiiiiiiiiPS4_Px
128,128,conv2,_Z23implicit_convolve_sgemmIffiLi1024ELi5ELi5ELi3ELi3ELi3ELi1ELb0ELb0ELb1EEviiiPKT_iPT0_S2_18kernel_conv_paramsyT1_ffiPKS3_S8_bbii
128,128,relu2,_ZN2at6native29vectorized_elementwise_kernelILi4EZZZNS0_49_GLOBAL__N__a62a4dcd_16_TensorCompare_cu_71e06f4e19launch_clamp_scalarERNS_18TensorIteratorBaseEN3c106ScalarES6_NS0_6detail11ClampLimitsEENKUlvE_clEvENKUlvE5_clEvEUlfE_St5arrayIPcLy2EELb0EEEviT0_T1_
128,128,conv3,_Z23implicit_convolve_sgemmIffiLi512ELi6ELi8ELi3ELi3ELi5ELi1ELb0ELb0ELb1EEviiiPKT_iPT0_S2_18kernel_conv_paramsyT1_ffiPKS3_S8_bbii
128,128,relu3,_ZN2at6native29vectorized_elementwise_kernelILi4EZZZNS0_49_GLOBAL__N__a62a4dcd_16_TensorCompare_cu_71e06f4e19launch_clamp_scalarERNS_18TensorIteratorBaseEN3c106ScalarES6_NS0_6detail11ClampLimitsEENKUlvE_clEvENKUlvE5_clEvEUlfE_St5arrayIPcLy2EELb0EEEviT0_T1_
128,128,conv4,_Z23implicit_convolve_sgemmIffiLi1024ELi5ELi5ELi3ELi3ELi3ELi1ELb0ELb0ELb1EEviiiPKT_iPT0_S2_18kernel_conv_paramsyT1_ffiPKS3_S8_bbii
128,128,relu4,_ZN2at6native29vectorized_elementwise_kernelILi4EZZZNS0_49_GLOBAL__N__a62a4dcd_16_TensorCompare_cu_71e06f4e19launch_clamp_scalarERNS_18TensorIteratorBaseEN3c106ScalarES6_NS0_6detail11ClampLimitsEENKUlvE_clEvENKUlvE5_clEvEUlfE_St5arrayIPcLy2EELb0EEEviT0_T1_
128,128,conv5,_ZN5cudnn3cnn23kern_precompute_indicesILb0EEEvPiiiiii
128,128,conv5,_Z26precomputed_convolve_sgemmIfiLi512ELi6ELi7ELi4ELi3ELi5ELi1ELb0EEviiiPKT_iPS0_S2_18kernel_conv_paramsyT0_ffibbS2_S2_Pi
128,128,conv5,_Z23implicit_convolve_sgemmIffiLi128ELi6ELi7ELi3ELi3ELi5ELi1ELb0ELb0ELb1EEviiiPKT_iPT0_S2_18kernel_conv_paramsyT1_ffiPKS3_S8_bbii
128,128,conv5,_Z23implicit_convolve_sgemmIffiLi128ELi6ELi7ELi3ELi3ELi5ELi1ELb0ELb0ELb1EEviiiPKT_iPT0_S2_18kernel_conv_paramsyT1_ffiPKS3_S8_bbii
128,128,relu5,_ZN2at6native29vectorized_elementwise_kernelILi4EZZZNS0_49_GLOBAL__N__a62a4dcd_16_TensorCompare_cu_71e06f4e19launch_clamp_scalarERNS_18TensorIteratorBaseEN3c106ScalarES6_NS0_6detail11ClampLimitsEENKUlvE_clEvENKUlvE5_clEvEUlfE_St5arrayIPcLy2EELb0EEEviT0_T1_
128,128,conv6,_Z23implicit_convolve_sgemmIffiLi512ELi6ELi8ELi3ELi3ELi5ELi1ELb0ELb0ELb1EEviiiPKT_iPT0_S2_18kernel_conv_paramsyT1_ffiPKS3_S8_bbii
128,128,relu6,_ZN2at6native29vectorized_elementwise_kernelILi4EZZZNS0_49_GLOBAL__N__a62a4dcd_16_TensorCompare_cu_71e06f4e19launch_clamp_scalarERNS_18TensorIteratorBaseEN3c106ScalarES6_NS0_6detail11ClampLimitsEENKUlvE_clEvENKUlvE5_clEvEUlfE_St5arrayIPcLy2EELb0EEEviT0_T1_
128,128,global_avg_pool,_ZN2at6native13reduce_kernelILi512ELi1ENS0_8ReduceOpIfNS0_7MeanOpsIffffEEjfLi4ELi4EEEEEvT1_
128,128,fc1,_ZN7cutlass7Kernel2I41cutlass_80_simt_sgemm_64x64_8x5_tn_align1EEvNT_6ParamsE
128,128,fc1,_ZN8cublasLt19splitKreduce_kernelILi32ELi16EiffffLb0EfffLb1ELb1ELb0ELb0EEEvNS_18cublasSplitKParamsIT4_EEPKT2_PKT8_PT7_PT3_PKS2_SF_PKT9_S6_PSG_PvxPS2_PiSL_SL_SF_SF_SF_SF_SF_
128,128,relu7,_ZN2at6native29vectorized_elementwise_kernelILi4EZZZNS0_49_GLOBAL__N__a62a4dcd_16_TensorCompare_cu_71e06f4e19launch_clamp_scalarERNS_18TensorIteratorBaseEN3c106ScalarES6_NS0_6detail11ClampLimitsEENKUlvE_clEvENKUlvE5_clEvEUlfE_St5arrayIPcLy2EELb0EEEviT0_T1_
128,128,fc2,_ZN7cutlass7Kernel2I41cutlass_80_simt_sgemm_64x64_8x5_tn_align1EEvNT_6ParamsE
128,128,fc2,_ZN8cublasLt19splitKreduce_kernelILi32ELi16EiffffLb0EfffLb1ELb1ELb0ELb0EEEvNS_18cublasSplitKParamsIT4_EEPKT2_PKT8_PT7_PT3_PKS2_SF_PKT9_S6_PSG_PvxPS2_PiSL_SL_SF_SF_SF_SF_SF_
128,167,conv1,_Z23implicit_convolve_sgemmIffiLi1024ELi5ELi5ELi3ELi3ELi3ELi1ELb0ELb0ELb1EEviiiPKT_iPT0_S2_18kernel_conv_paramsyT1_ffiPKS3_S8_bbii
128,167,relu1,_ZN2at6native29vectorized_elementwise_kernelILi4EZZZNS0_49_GLOBAL__N__a62a4dcd_16_TensorCompare_cu_71e06f4e19launch_clamp_scalarERNS_18TensorIteratorBaseEN3c106ScalarES6_NS0_6detail11ClampLimitsEENKUlvE_clEvENKUlvE5_clEvEUlfE_St5arrayIPcLy2EELb0EEEviT0_T1_
128,167,maxpool,_ZN2at6native52_GLOBAL__N__71d79c19_19_DilatedMaxPool2d_cu_9872839c21max_pool_forward_nchwIfiEEvT0_PKT_xxxiiiiiiiiiiPS4_Px
128,167,conv2,_Z23implicit_convolve_sgemmIffiLi1024ELi5ELi5ELi3ELi3ELi3ELi1ELb0ELb0ELb1EEviiiPKT_iPT0_S2_18kernel_conv_paramsyT1_ffiPKS3_S8_bbii
128,167,relu2,_ZN2at6native29vectorized_elementwise_kernelILi4EZZZNS0_49_GLOBAL__N__a62a4dcd_16_TensorCompare_cu_71e06f4e19launch_clamp_scalarERNS_18TensorIteratorBaseEN3c106ScalarES6_NS0_6detail11ClampLimitsEENKUlvE_clEvENKUlvE5_clEvEUlfE_St5arrayIPcLy2EELb0EEEviT0_T1_
128,167,conv3,_Z23implicit_convolve_sgemmIffiLi512ELi6ELi8ELi3ELi3ELi5ELi1ELb0ELb0ELb1EEviiiPKT_iPT0_S2_18kernel_conv_paramsyT1_ffiPKS3_S8_bbii
128,167,relu3,_ZN2at6native29vectorized_elementwise_kernelILi4EZZZNS0_49_GLOBAL__N__a62a4dcd_16_TensorCompare_cu_71e06f4e19launch_clamp_scalarERNS_18TensorIteratorBaseEN3c106ScalarES6_NS0_6detail11ClampLimitsEENKUlvE_clEvENKUlvE5_clEvEUlfE_St5arrayIPcLy2EELb0EEEviT0_T1_
128,167,conv4,_Z23implicit_convolve_sgemmIffiLi512ELi6ELi8ELi3ELi3ELi5ELi1ELb0ELb0ELb1EEviiiPKT_iPT0_S2_18kernel_conv_paramsyT1_ffiPKS3_S8_bbii
128,167,relu4,_ZN2at6native29vectorized_elementwise_kernelILi4EZZZNS0_49_GLOBAL__N__a62a4dcd_16_TensorCompare_cu_71e06f4e19launch_clamp_scalarERNS_18TensorIteratorBaseEN3c106ScalarES6_NS0_6detail11ClampLimitsEENKUlvE_clEvENKUlvE5_clEvEUlfE_St5arrayIPcLy2EELb0EEEviT0_T1_
128,167,conv5,_ZN5cudnn3cnn23kern_precompute_indicesILb0EEEvPiiiiii
128,167,conv5,_Z26precomputed_convolve_sgemmIfiLi512ELi6ELi7ELi4ELi3ELi5ELi1ELb0EEviiiPKT_iPS0_S2_18kernel_conv_paramsyT0_ffibbS2_S2_Pi
128,167,conv5,_Z23implicit_convolve_sgemmIffiLi128ELi6ELi7ELi3ELi3ELi5ELi1ELb0ELb0ELb1EEviiiPKT_iPT0_S2_18kernel_conv_paramsyT1_ffiPKS3_S8_bbii
128,167,conv5,_Z23implicit_convolve_sgemmIffiLi128ELi6ELi7ELi3ELi3ELi5ELi1ELb0ELb0ELb1EEviiiPKT_iPT0_S2_18kernel_conv_paramsyT1_ffiPKS3_S8_bbii
128,167,relu5,_ZN2at6native29vectorized_elementwise_kernelILi4EZZZNS0_49_GLOBAL__N__a62a4dcd_16_TensorCompare_cu_71e06f4e19launch_clamp_scalarERNS_18TensorIteratorBaseEN3c106ScalarES6_NS0_6detail11ClampLimitsEENKUlvE_clEvENKUlvE5_clEvEUlfE_St5arrayIPcLy2EELb0EEEviT0_T1_
128,167,conv6,_Z23implicit_convolve_sgemmIffiLi512ELi6ELi8ELi3ELi3ELi5ELi1ELb0ELb0ELb1EEviiiPKT_iPT0_S2_18kernel_conv_paramsyT1_ffiPKS3_S8_bbii
128,167,relu6,_ZN2at6native29vectorized_elementwise_kernelILi4EZZZNS0_49_GLOBAL__N__a62a4dcd_16_TensorCompare_cu_71e06f4e19launch_clamp_scalarERNS_18TensorIteratorBaseEN3c106ScalarES6_NS0_6detail11ClampLimitsEENKUlvE_clEvENKUlvE5_clEvEUlfE_St5arrayIPcLy2EELb0EEEviT0_T1_
128,167,global_avg_pool,_ZN2at6native13reduce_kernelILi512ELi1ENS0_8ReduceOpIfNS0_7MeanOpsIffffEEjfLi4ELi4EEEEEvT1_
128,167,fc1,_ZN7cutlass7Kernel2I41cutlass_80_simt_sgemm_64x64_8x5_tn_align1EEvNT_6ParamsE
128,167,fc1,_ZN8cublasLt19splitKreduce_kernelILi32ELi16EiffffLb0EfffLb1ELb1ELb0ELb0EEEvNS_18cublasSplitKParamsIT4_EEPKT2_PKT8_PT7_PT3_PKS2_SF_PKT9_S6_PSG_PvxPS2_PiSL_SL_SF_SF_SF_SF_SF_
128,167,relu7,_ZN2at6native29vectorized_elementwise_kernelILi4EZZZNS0_49_GLOBAL__N__a62a4dcd_16_TensorCompare_cu_71e06f4e19launch_clamp_scalarERNS_18TensorIteratorBaseEN3c106ScalarES6_NS0_6detail11ClampLimitsEENKUlvE_clEvENKUlvE5_clEvEUlfE_St5arrayIPcLy2EELb0EEEviT0_T1_
128,167,fc2,_ZN7cutlass7Kernel2I41cutlass_80_simt_sgemm_64x64_8x5_tn_align1EEvNT_6ParamsE
128,167,fc2,_ZN8cublasLt19splitKreduce_kernelILi32ELi16EiffffLb0EfffLb1ELb1ELb0ELb0EEEvNS_18cublasSplitKParamsIT4_EEPKT2_PKT8_PT7_PT3_PKS2_SF_PKT9_S6_PSG_PvxPS2_PiSL_SL_SF_SF_SF_SF_SF_
128,256,conv1,_Z23implicit_convolve_sgemmIffiLi1024ELi5ELi5ELi3ELi3ELi3ELi1ELb0ELb0ELb1EEviiiPKT_iPT0_S2_18kernel_conv_paramsyT1_ffiPKS3_S8_bbii
128,256,relu1,_ZN2at6native29vectorized_elementwise_kernelILi4EZZZNS0_49_GLOBAL__N__a62a4dcd_16_TensorCompare_cu_71e06f4e19launch_clamp_scalarERNS_18TensorIteratorBaseEN3c106ScalarES6_NS0_6detail11ClampLimitsEENKUlvE_clEvENKUlvE5_clEvEUlfE_St5arrayIPcLy2EELb0EEEviT0_T1_
128,256,maxpool,_ZN2at6native52_GLOBAL__N__71d79c19_19_DilatedMaxPool2d_cu_9872839c21max_pool_forward_nchwIfiEEvT0_PKT_xxxiiiiiiiiiiPS4_Px
128,256,conv2,_Z23implicit_convolve_sgemmIffiLi1024ELi5ELi5ELi3ELi3ELi3ELi1ELb0ELb0ELb1EEviiiPKT_iPT0_S2_18kernel_conv_paramsyT1_ffiPKS3_S8_bbii
128,256,relu2,_ZN2at6native29vectorized_elementwise_kernelILi4EZZZNS0_49_GLOBAL__N__a62a4dcd_16_TensorCompare_cu_71e06f4e19launch_clamp_scalarERNS_18TensorIteratorBaseEN3c106ScalarES6_NS0_6detail11ClampLimitsEENKUlvE_clEvENKUlvE5_clEvEUlfE_St5arrayIPcLy2EELb0EEEviT0_T1_
128,256,conv3,_Z23implicit_convolve_sgemmIffiLi512ELi6ELi8ELi3ELi3ELi5ELi1ELb0ELb0ELb1EEviiiPKT_iPT0_S2_18kernel_conv_paramsyT1_ffiPKS3_S8_bbii
128,256,relu3,_ZN2at6native29vectorized_elementwise_kernelILi4EZZZNS0_49_GLOBAL__N__a62a4dcd_16_TensorCompare_cu_71e06f4e19launch_clamp_scalarERNS_18TensorIteratorBaseEN3c106ScalarES6_NS0_6detail11ClampLimitsEENKUlvE_clEvENKUlvE5_clEvEUlfE_St5arrayIPcLy2EELb0EEEviT0_T1_
128,256,conv4,_Z23implicit_convolve_sgemmIffiLi512ELi6ELi8ELi3ELi3ELi5ELi1ELb0ELb0ELb1EEviiiPKT_iPT0_S2_18kernel_conv_paramsyT1_ffiPKS3_S8_bbii
128,256,relu4,_ZN2at6native29vectorized_elementwise_kernelILi4EZZZNS0_49_GLOBAL__N__a62a4dcd_16_TensorCompare_cu_71e06f4e19launch_clamp_scalarERNS_18TensorIteratorBaseEN3c106ScalarES6_NS0_6detail11ClampLimitsEENKUlvE_clEvENKUlvE5_clEvEUlfE_St5arrayIPcLy2EELb0EEEviT0_T1_
128,256,conv5,_Z23implicit_convolve_sgemmIffiLi512ELi6ELi8ELi3ELi3ELi5ELi1ELb0ELb0ELb1EEviiiPKT_iPT0_S2_18kernel_conv_paramsyT1_ffiPKS3_S8_bbii
128,256,relu5,_ZN2at6native29vectorized_elementwise_kernelILi4EZZZNS0_49_GLOBAL__N__a62a4dcd_16_TensorCompare_cu_71e06f4e19launch_clamp_scalarERNS_18TensorIteratorBaseEN3c106ScalarES6_NS0_6detail11ClampLimitsEENKUlvE_clEvENKUlvE5_clEvEUlfE_St5arrayIPcLy2EELb0EEEviT0_T1_
128,256,conv6,_Z23implicit_convolve_sgemmIffiLi512ELi6ELi8ELi3ELi3ELi5ELi1ELb0ELb0ELb1EEviiiPKT_iPT0_S2_18kernel_conv_paramsyT1_ffiPKS3_S8_bbii
128,256,relu6,_ZN2at6native29vectorized_elementwise_kernelILi4EZZZNS0_49_GLOBAL__N__a62a4dcd_16_TensorCompare_cu_71e06f4e19launch_clamp_scalarERNS_18TensorIteratorBaseEN3c106ScalarES6_NS0_6detail11ClampLimitsEENKUlvE_clEvENKUlvE5_clEvEUlfE_St5arrayIPcLy2EELb0EEEviT0_T1_
128,256,global_avg_pool,_ZN2at6native13reduce_kernelILi512ELi1ENS0_8ReduceOpIfNS0_7MeanOpsIffffEEjfLi4ELi4EEEEEvT1_
128,256,fc1,_ZN7cutlass7Kernel2I41cutlass_80_simt_sgemm_64x64_8x5_tn_align1EEvNT_6ParamsE
128,256,fc1,_ZN8cublasLt19splitKreduce_kernelILi32ELi16EiffffLb0EfffLb1ELb1ELb0ELb0EEEvNS_18cublasSplitKParamsIT4_EEPKT2_PKT8_PT7_PT3_PKS2_SF_PKT9_S6_PSG_PvxPS2_PiSL_SL_SF_SF_SF_SF_SF_
128,256,relu7,_ZN2at6native29vectorized_elementwise_kernelILi4EZZZNS0_49_GLOBAL__N__a62a4dcd_16_TensorCompare_cu_71e06f4e19launch_clamp_scalarERNS_18TensorIteratorBaseEN3c106ScalarES6_NS0_6detail11ClampLimitsEENKUlvE_clEvENKUlvE5_clEvEUlfE_St5arrayIPcLy2EELb0EEEviT0_T1_
128,256,fc2,_ZN7cutlass7Kernel2I41cutlass_80_simt_sgemm_64x64_8x5_tn_align1EEvNT_6ParamsE
128,256,fc2,_ZN8cublasLt19splitKreduce_kernelILi32ELi16EiffffLb0EfffLb1ELb1ELb0ELb0EEEvNS_18cublasSplitKParamsIT4_EEPKT2_PKT8_PT7_PT3_PKS2_SF_PKT9_S6_PSG_PvxPS2_PiSL_SL_SF_SF_SF_SF_SF_
224,1,conv1,_Z23implicit_convolve_sgemmIffiLi1024ELi5ELi5ELi3ELi3ELi3ELi1ELb0ELb0ELb1EEviiiPKT_iPT0_S2_18kernel_conv_paramsyT1_ffiPKS3_S8_bbii
224,1,relu1,_ZN2at6native29vectorized_elementwise_kernelILi4EZZZNS0_49_GLOBAL__N__a62a4dcd_16_TensorCompare_cu_71e06f4e19launch_clamp_scalarERNS_18TensorIteratorBaseEN3c106ScalarES6_NS0_6detail11ClampLimitsEENKUlvE_clEvENKUlvE5_clEvEUlfE_St5arrayIPcLy2EELb0EEEviT0_T1_
224,1,maxpool,_ZN2at6native52_GLOBAL__N__71d79c19_19_DilatedMaxPool2d_cu_9872839c21max_pool_forward_nchwIfiEEvT0_PKT_xxxiiiiiiiiiiPS4_Px
224,1,conv2,_Z23implicit_convolve_sgemmIffiLi1024ELi5ELi5ELi3ELi3ELi3ELi1ELb0ELb0ELb1EEviiiPKT_iPT0_S2_18kernel_conv_paramsyT1_ffiPKS3_S8_bbii
224,1,relu2,_ZN2at6native29vectorized_elementwise_kernelILi4EZZZNS0_49_GLOBAL__N__a62a4dcd_16_TensorCompare_cu_71e06f4e19launch_clamp_scalarERNS_18TensorIteratorBaseEN3c106ScalarES6_NS0_6detail11ClampLimitsEENKUlvE_clEvENKUlvE5_clEvEUlfE_St5arrayIPcLy2EELb0EEEviT0_T1_
224,1,conv3,_Z23implicit_convolve_sgemmIffiLi1024ELi5ELi5ELi3ELi3ELi3ELi1ELb0ELb0ELb1EEviiiPKT_iPT0_S2_18kernel_conv_paramsyT1_ffiPKS3_S8_bbii
224,1,relu3,_ZN2at6native29vectorized_elementwise_kernelILi4EZZZNS0_49_GLOBAL__N__a62a4dcd_16_TensorCompare_cu_71e06f4e19launch_clamp_scalarERNS_18TensorIteratorBaseEN3c106ScalarES6_NS0_6detail11ClampLimitsEENKUlvE_clEvENKUlvE5_clEvEUlfE_St5arrayIPcLy2EELb0EEEviT0_T1_
224,1,conv4,_Z23implicit_convolve_sgemmIffiLi1024ELi5ELi5ELi3ELi3ELi3ELi1ELb0ELb0ELb1EEviiiPKT_iPT0_S2_18kernel_conv_paramsyT1_ffiPKS3_S8_bbii
224,1,relu4,_ZN2at6native29vectorized_elementwise_kernelILi4EZZZNS0_49_GLOBAL__N__a62a4dcd_16_TensorCompare_cu_71e06f4e19launch_clamp_scalarERNS_18TensorIteratorBaseEN3c106ScalarES6_NS0_6detail11ClampLimitsEENKUlvE_clEvENKUlvE5_clEvEUlfE_St5arrayIPcLy2EELb0EEEviT0_T1_
224,1,conv5,_Z23implicit_convolve_sgemmIffiLi1024ELi5ELi5ELi3ELi3ELi3ELi1ELb0ELb0ELb1EEviiiPKT_iPT0_S2_18kernel_conv_paramsyT1_ffiPKS3_S8_bbii
224,1,relu5,_ZN2at6native29vectorized_elementwise_kernelILi4EZZZNS0_49_GLOBAL__N__a62a4dcd_16_TensorCompare_cu_71e06f4e19launch_clamp_scalarERNS_18TensorIteratorBaseEN3c106ScalarES6_NS0_6detail11ClampLimitsEENKUlvE_clEvENKUlvE5_clEvEUlfE_St5arrayIPcLy2EELb0EEEviT0_T1_
224,1,conv6,_Z23implicit_convolve_sgemmIffiLi1024ELi5ELi5ELi3ELi3ELi3ELi1ELb0ELb0ELb1EEviiiPKT_iPT0_S2_18kernel_conv_paramsyT1_ffiPKS3_S8_bbii
224,1,relu6,_ZN2at6native29vectorized_elementwise_kernelILi4EZZZNS0_49_GLOBAL__N__a62a4dcd_16_TensorCompare_cu_71e06f4e19launch_clamp_scalarERNS_18TensorIteratorBaseEN3c106ScalarES6_NS0_6detail11ClampLimitsEENKUlvE_clEvENKUlvE5_clEvEUlfE_St5arrayIPcLy2EELb0EEEviT0_T1_
224,1,global_avg_pool,_ZN2at6native13reduce_kernelILi512ELi1ENS0_8ReduceOpIfNS0_7MeanOpsIffffEEjfLi4ELi4EEEEEvT1_
224,1,fc1,_ZN8internal5gemvx6kernelIiiffffLb0ELb1ELb1ELb0ELi7ELb0E18cublasGemvParamsExIi30cublasGemvTensorStridedBatchedIKfES5_S3_IfEfEEENSt9enable_ifIXntT5_EvE4typeET11_
224,1,relu7,_ZN2at6native29vectorized_elementwise_kernelILi4EZZZNS0_49_GLOBAL__N__a62a4dcd_16_TensorCompare_cu_71e06f4e19launch_clamp_scalarERNS_18TensorIteratorBaseEN3c106ScalarES6_NS0_6detail11ClampLimitsEENKUlvE_clEvENKUlvE5_clEvEUlfE_St5arrayIPcLy2EELb0EEEviT0_T1_
224,1,fc2,_ZN8internal5gemvx6kernelIiiffffLb0ELb1ELb1ELb0ELi7ELb0E18cublasGemvParamsExIi30cublasGemvTensorStridedBatchedIKfES5_S3_IfEfEEENSt9enable_ifIXntT5_EvE4typeET11_
224,2,conv1,_Z23implicit_convolve_sgemmIffiLi1024ELi5ELi5ELi3ELi3ELi3ELi1ELb0ELb0ELb1EEviiiPKT_iPT0_S2_18kernel_conv_paramsyT1_ffiPKS3_S8_bbii
224,2,relu1,_ZN2at6native29vectorized_elementwise_kernelILi4EZZZNS0_49_GLOBAL__N__a62a4dcd_16_TensorCompare_cu_71e06f4e19launch_clamp_scalarERNS_18TensorIteratorBaseEN3c106ScalarES6_NS0_6detail11ClampLimitsEENKUlvE_clEvENKUlvE5_clEvEUlfE_St5arrayIPcLy2EELb0EEEviT0_T1_
224,2,maxpool,_ZN2at6native52_GLOBAL__N__71d79c19_19_DilatedMaxPool2d_cu_9872839c21max_pool_forward_nchwIfiEEvT0_PKT_xxxiiiiiiiiiiPS4_Px
224,2,conv2,_Z23implicit_convolve_sgemmIffiLi1024ELi5ELi5ELi3ELi3ELi3ELi1ELb0ELb0ELb1EEviiiPKT_iPT0_S2_18kernel_conv_paramsyT1_ffiPKS3_S8_bbii
224,2,relu2,_ZN2at6native29vectorized_elementwise_kernelILi4EZZZNS0_49_GLOBAL__N__a62a4dcd_16_TensorCompare_cu_71e06f4e19launch_clamp_scalarERNS_18TensorIteratorBaseEN3c106ScalarES6_NS0_6detail11ClampLimitsEENKUlvE_clEvENKUlvE5_clEvEUlfE_St5arrayIPcLy2EELb0EEEviT0_T1_
224,2,conv3,_Z23implicit_convolve_sgemmIffiLi1024ELi5ELi5ELi3ELi3ELi3ELi1ELb0ELb0ELb1EEviiiPKT_iPT0_S2_18kernel_conv_paramsyT1_ffiPKS3_S8_bbii
224,2,relu3,_ZN2at6native29vectorized_elementwise_kernelILi4EZZZNS0_49_GLOBAL__N__a62a4dcd_16_TensorCompare_cu_71e06f4e19launch_clamp_scalarERNS_18TensorIteratorBaseEN3c106ScalarES6_NS0_6detail11ClampLimitsEENKUlvE_clEvENKUlvE5_clEvEUlfE_St5arrayIPcLy2EELb0EEEviT0_T1_
224,2,conv4,_Z23implicit_convolve_sgemmIffiLi1024ELi5ELi5ELi3ELi3ELi3ELi1ELb0ELb0ELb1EEviiiPKT_iPT0_S2_18kernel_conv_paramsyT1_ffiPKS3_S8_bbii
224,2,relu4,_ZN2at6native29vectorized_elementwise_kernelILi4EZZZNS0_49_GLOBAL__N__a62a4dcd_16_TensorCompare_cu_71e06f4e19launch_clamp_scalarERNS_18TensorIteratorBaseEN3c106ScalarES6_NS0_6detail11ClampLimitsEENKUlvE_clEvENKUlvE5_clEvEUlfE_St5arrayIPcLy2EELb0EEEviT0_T1_
224,2,conv5,_Z23implicit_convolve_sgemmIffiLi1024ELi5ELi5ELi3ELi3ELi3ELi1ELb0ELb0ELb1EEviiiPKT_iPT0_S2_18kernel_conv_paramsyT1_ffiPKS3_S8_bbii
224,2,relu5,_ZN2at6native29vectorized_elementwise_kernelILi4EZZZNS0_49_GLOBAL__N__a62a4dcd_16_TensorCompare_cu_71e06f4e19launch_clamp_scalarERNS_18TensorIteratorBaseEN3c106ScalarES6_NS0_6detail11ClampLimitsEENKUlvE_clEvENKUlvE5_clEvEUlfE_St5arrayIPcLy2EELb0EEEviT0_T1_
224,2,conv6,_Z23implicit_convolve_sgemmIffiLi1024ELi5ELi5ELi3ELi3ELi3ELi1ELb0ELb0ELb1EEviiiPKT_iPT0_S2_18kernel_conv_paramsyT1_ffiPKS3_S8_bbii
224,2,relu6,_ZN2at6native29vectorized_elementwise_kernelILi4EZZZNS0_49_GLOBAL__N__a62a4dcd_16_TensorCompare_cu_71e06f4e19launch_clamp_scalarERNS_18TensorIteratorBaseEN3c106ScalarES6_NS0_6detail11ClampLimitsEENKUlvE_clEvENKUlvE5_clEvEUlfE_St5arrayIPcLy2EELb0EEEviT0_T1_
224,2,global_avg_pool,_ZN2at6native13reduce_kernelILi512ELi1ENS0_8ReduceOpIfNS0_7MeanOpsIffffEEjfLi4ELi4EEEEEvT1_
224,2,fc1,_Z16gemmSN_TN_kernelIfLi128ELi16ELi2ELi4ELi2ELi2ELb1E30cublasGemvTensorStridedBatchedIKfES2_S0_IfEEv22cublasGemmSmallNParamsIT7_T8_T9_T_E
224,2,relu7,_ZN2at6native29vectorized_elementwise_kernelILi4EZZZNS0_49_GLOBAL__N__a62a4dcd_16_TensorCompare_cu_71e06f4e19launch_clamp_scalarERNS_18TensorIteratorBaseEN3c106ScalarES6_NS0_6detail11ClampLimitsEENKUlvE_clEvENKUlvE5_clEvEUlfE_St5arrayIPcLy2EELb0EEEviT0_T1_
224,2,fc2,_Z16gemmSN_TN_kernelIfLi128ELi16ELi2ELi4ELi2ELi2ELb1E30cublasGemvTensorStridedBatchedIKfES2_S0_IfEEv22cublasGemmSmallNParamsIT7_T8_T9_T_E
224,4,conv1,_Z23implicit_convolve_sgemmIffiLi1024ELi5ELi5ELi3ELi3ELi3ELi1ELb0ELb0ELb1EEviiiPKT_iPT0_S2_18kernel_conv_paramsyT1_ffiPKS3_S8_bbii
224,4,relu1,_ZN2at6native29vectorized_elementwise_kernelILi4EZZZNS0_49_GLOBAL__N__a62a4dcd_16_TensorCompare_cu_71e06f4e19launch_clamp_scalarERNS_18TensorIteratorBaseEN3c106ScalarES6_NS0_6detail11ClampLimitsEENKUlvE_clEvENKUlvE5_clEvEUlfE_St5arrayIPcLy2EELb0EEEviT0_T1_
224,4,maxpool,_ZN2at6native52_GLOBAL__N__71d79c19_19_DilatedMaxPool2d_cu_9872839c21max_pool_forward_nchwIfiEEvT0_PKT_xxxiiiiiiiiiiPS4_Px
224,4,conv2,_Z23implicit_convolve_sgemmIffiLi128ELi5ELi5ELi3ELi3ELi3ELi1ELb0ELb0ELb1EEviiiPKT_iPT0_S2_18kernel_conv_paramsyT1_ffiPKS3_S8_bbii
224,4,relu2,_ZN2at6native29vectorized_elementwise_kernelILi4EZZZNS0_49_GLOBAL__N__a62a4dcd_16_TensorCompare_cu_71e06f4e19launch_clamp_scalarERNS_18TensorIteratorBaseEN3c106ScalarES6_NS0_6detail11ClampLimitsEENKUlvE_clEvENKUlvE5_clEvEUlfE_St5arrayIPcLy2EELb0EEEviT0_T1_
224,4,conv3,_Z23implicit_convolve_sgemmIffiLi1024ELi5ELi5ELi3ELi3ELi3ELi1ELb0ELb0ELb1EEviiiPKT_iPT0_S2_18kernel_conv_paramsyT1_ffiPKS3_S8_bbii
224,4,relu3,_ZN2at6native29vectorized_elementwise_kernelILi4EZZZNS0_49_GLOBAL__N__a62a4dcd_16_TensorCompare_cu_71e06f4e19launch_clamp_scalarERNS_18TensorIteratorBaseEN3c106ScalarES6_NS0_6detail11ClampLimitsEENKUlvE_clEvENKUlvE5_clEvEUlfE_St5arrayIPcLy2EELb0EEEviT0_T1_
224,4,conv4,_Z23implicit_convolve_sgemmIffiLi1024ELi5ELi5ELi3ELi3ELi3ELi1ELb0ELb0ELb1EEviiiPKT_iPT0_S2_18kernel_conv_paramsyT1_ffiPKS3_S8_bbii
224,4,relu4,_ZN2at6native29vectorized_elementwise_kernelILi4EZZZNS0_49_GLOBAL__N__a62a4dcd_16_TensorCompare_cu_71e06f4e19launch_clamp_scalarERNS_18TensorIteratorBaseEN3c106ScalarES6_NS0_6detail11ClampLimitsEENKUlvE_clEvENKUlvE5_clEvEUlfE_St5arrayIPcLy2EELb0EEEviT0_T1_
224,4,conv5,_Z23implicit_convolve_sgemmIffiLi1024ELi5ELi5ELi3ELi3ELi3ELi1ELb0ELb0ELb1EEviiiPKT_iPT0_S2_18kernel_conv_paramsyT1_ffiPKS3_S8_bbii
224,4,relu5,_ZN2at6native29vectorized_elementwise_kernelILi4EZZZNS0_49_GLOBAL__N__a62a4dcd_16_TensorCompare_cu_71e06f4e19launch_clamp_scalarERNS_18TensorIteratorBaseEN3c106ScalarES6_NS0_6detail11ClampLimitsEENKUlvE_clEvENKUlvE5_clEvEUlfE_St5arrayIPcLy2EELb0EEEviT0_T1_
224,4,conv6,_Z23implicit_convolve_sgemmIffiLi1024ELi5ELi5ELi3ELi3ELi3ELi1ELb0ELb0ELb1EEviiiPKT_iPT0_S2_18kernel_conv_paramsyT1_ffiPKS3_S8_bbii
224,4,relu6,_ZN2at6native29vectorized_elementwise_kernelILi4EZZZNS0_49_GLOBAL__N__a62a4dcd_16_TensorCompare_cu_71e06f4e19launch_clamp_scalarERNS_18TensorIteratorBaseEN3c106ScalarES6_NS0_6detail11ClampLimitsEENKUlvE_clEvENKUlvE5_clEvEUlfE_St5arrayIPcLy2EELb0EEEviT0_T1_
224,4,global_avg_pool,_ZN2at6native13reduce_kernelILi512ELi1ENS0_8ReduceOpIfNS0_7MeanOpsIffffEEjfLi4ELi4EEEEEvT1_
224,4,fc1,_Z16gemmSN_TN_kernelIfLi128ELi16ELi2ELi4ELi4ELi4ELb1E30cublasGemvTensorStridedBatchedIKfES2_S0_IfEEv22cublasGemmSmallNParamsIT7_T8_T9_T_E
224,4,relu7,_ZN2at6native29vectorized_elementwise_kernelILi4EZZZNS0_49_GLOBAL__N__a62a4dcd_16_TensorCompare_cu_71e06f4e19launch_clamp_scalarERNS_18TensorIteratorBaseEN3c106ScalarES6_NS0_6detail11ClampLimitsEENKUlvE_clEvENKUlvE5_clEvEUlfE_St5arrayIPcLy2EELb0EEEviT0_T1_
224,4,fc2,_Z16gemmSN_TN_kernelIfLi128ELi16ELi2ELi4ELi4ELi4ELb1E30cublasGemvTensorStridedBatchedIKfES2_S0_IfEEv22cublasGemmSmallNParamsIT7_T8_T9_T_E
224,8,conv1,_Z23implicit_convolve_sgemmIffiLi1024ELi5ELi5ELi3ELi3ELi3ELi1ELb0ELb0ELb1EEviiiPKT_iPT0_S2_18kernel_conv_paramsyT1_ffiPKS3_S8_bbii
224,8,relu1,_ZN2at6native29vectorized_elementwise_kernelILi4EZZZNS0_49_GLOBAL__N__a62a4dcd_16_TensorCompare_cu_71e06f4e19launch_clamp_scalarERNS_18TensorIteratorBaseEN3c106ScalarES6_NS0_6detail11ClampLimitsEENKUlvE_clEvENKUlvE5_clEvEUlfE_St5arrayIPcLy2EELb0EEEviT0_T1_
224,8,maxpool,_ZN2at6native52_GLOBAL__N__71d79c19_19_DilatedMaxPool2d_cu_9872839c21max_pool_forward_nchwIfiEEvT0_PKT_xxxiiiiiiiiiiPS4_Px
224,8,conv2,_ZN5cudnn17winograd_nonfused26winogradForwardData9x9_5x5IffEEvNS0_18WinogradDataParamsIT_T0_EE
224,8,conv2,_ZN5cudnn17winograd_nonfused28winogradForwardFilter9x9_5x5IffEEvNS0_20WinogradFilterParamsIT_T0_EE
224,8,conv2,_Z20magma_sgemmEx_kernelIfffLb0ELb0ELi6ELi3ELi5ELi3ELi3EEviii13BatchedTensoriS0_iS0_iS0_iiiPKT_S3_S1_S1_i18cublasLtEpilogue_tiPKvx
224,8,conv2,_ZN5cudnn17winograd_nonfused28winogradForwardOutput9x9_5x5IffEEvNS0_20WinogradOutputParamsIT_T0_EE
224,8,relu2,_ZN2at6native29vectorized_elementwise_kernelILi4EZZZNS0_49_GLOBAL__N__a62a4dcd_16_TensorCompare_cu_71e06f4e19launch_clamp_scalarERNS_18TensorIteratorBaseEN3c106ScalarES6_NS0_6detail11ClampLimitsEENKUlvE_clEvENKUlvE5_clEvEUlfE_St5arrayIPcLy2EELb0EEEviT0_T1_
224,8,conv3,_Z23implicit_convolve_sgemmIffiLi128ELi5ELi5ELi3ELi3ELi3ELi1ELb0ELb0ELb1EEviiiPKT_iPT0_S2_18kernel_conv_paramsyT1_ffiPKS3_S8_bbii
224,8,relu3,_ZN2at6native29vectorized_elementwise_kernelILi4EZZZNS0_49_GLOBAL__N__a62a4dcd_16_TensorCompare_cu_71e06f4e19launch_clamp_scalarERNS_18TensorIteratorBaseEN3c106ScalarES6_NS0_6detail11ClampLimitsEENKUlvE_clEvENKUlvE5_clEvEUlfE_St5arrayIPcLy2EELb0EEEviT0_T1_
224,8,conv4,_Z23implicit_convolve_sgemmIffiLi1024ELi5ELi5ELi3ELi3ELi3ELi1ELb0ELb0ELb1EEviiiPKT_iPT0_S2_18kernel_conv_paramsyT1_ffiPKS3_S8_bbii
224,8,relu4,_ZN2at6native29vectorized_elementwise_kernelILi4EZZZNS0_49_GLOBAL__N__a62a4dcd_16_TensorCompare_cu_71e06f4e19launch_clamp_scalarERNS_18TensorIteratorBaseEN3c106ScalarES6_NS0_6detail11ClampLimitsEENKUlvE_clEvENKUlvE5_clEvEUlfE_St5arrayIPcLy2EELb0EEEviT0_T1_
224,8,conv5,_Z23implicit_convolve_sgemmIffiLi1024ELi5ELi5ELi3ELi3ELi3ELi1ELb0ELb0ELb1EEviiiPKT_iPT0_S2_18kernel_conv_paramsyT1_ffiPKS3_S8_bbii
224,8,relu5,_ZN2at6native29vectorized_elementwise_kernelILi4EZZZNS0_49_GLOBAL__N__a62a4dcd_16_TensorCompare_cu_71e06f4e19launch_clamp_scalarERNS_18TensorIteratorBaseEN3c106ScalarES6_NS0_6detail11ClampLimitsEENKUlvE_clEvENKUlvE5_clEvEUlfE_St5arrayIPcLy2EELb0EEEviT0_T1_
224,8,conv6,_Z23implicit_convolve_sgemmIffiLi1024ELi5ELi5ELi3ELi3ELi3ELi1ELb0ELb0ELb1EEviiiPKT_iPT0_S2_18kernel_conv_paramsyT1_ffiPKS3_S8_bbii
224,8,relu6,_ZN2at6native29vectorized_elementwise_kernelILi4EZZZNS0_49_GLOBAL__N__a62a4dcd_16_TensorCompare_cu_71e06f4e19launch_clamp_scalarERNS_18TensorIteratorBaseEN3c106ScalarES6_NS0_6detail11ClampLimitsEENKUlvE_clEvENKUlvE5_clEvEUlfE_St5arrayIPcLy2EELb0EEEviT0_T1_
224,8,global_avg_pool,_ZN2at6native13reduce_kernelILi512ELi1ENS0_8ReduceOpIfNS0_7MeanOpsIffffEEjfLi4ELi4EEEEEvT1_
224,8,fc1,_Z16gemmSN_TN_kernelIfLi128ELi16ELi2ELi4ELi8ELi9ELb0E30cublasGemvTensorStridedBatchedIKfES2_S0_IfEEv22cublasGemmSmallNParamsIT7_T8_T9_T_E
224,8,relu7,_ZN2at6native29vectorized_elementwise_kernelILi4EZZZNS0_49_GLOBAL__N__a62a4dcd_16_TensorCompare_cu_71e06f4e19launch_clamp_scalarERNS_18TensorIteratorBaseEN3c106ScalarES6_NS0_6detail11ClampLimitsEENKUlvE_clEvENKUlvE5_clEvEUlfE_St5arrayIPcLy2EELb0EEEviT0_T1_
224,8,fc2,_Z16gemmSN_TN_kernelIfLi128ELi16ELi2ELi4ELi8ELi9ELb0E30cublasGemvTensorStridedBatchedIKfES2_S0_IfEEv22cublasGemmSmallNParamsIT7_T8_T9_T_E
224,16,conv1,_Z23implicit_convolve_sgemmIffiLi1024ELi5ELi5ELi3ELi3ELi3ELi1ELb0ELb0ELb1EEviiiPKT_iPT0_S2_18kernel_conv_paramsyT1_ffiPKS3_S8_bbii
224,16,relu1,_ZN2at6native29vectorized_elementwise_kernelILi4EZZZNS0_49_GLOBAL__N__a62a4dcd_16_TensorCompare_cu_71e06f4e19launch_clamp_scalarERNS_18TensorIteratorBaseEN3c106ScalarES6_NS0_6detail11ClampLimitsEENKUlvE_clEvENKUlvE5_clEvEUlfE_St5arrayIPcLy2EELb0EEEviT0_T1_
224,16,maxpool,_ZN2at6native52_GLOBAL__N__71d79c19_19_DilatedMaxPool2d_cu_9872839c21max_pool_forward_nchwIfiEEvT0_PKT_xxxiiiiiiiiiiPS4_Px
224,16,conv2,_ZN5cudnn17winograd_nonfused26winogradForwardData9x9_5x5IffEEvNS0_18WinogradDataParamsIT_T0_EE
224,16,conv2,_ZN5cudnn17winograd_nonfused28winogradForwardFilter9x9_5x5IffEEvNS0_20WinogradFilterParamsIT_T0_EE
224,16,conv2,_Z20magma_sgemmEx_kernelIfffLb0ELb0ELi6ELi3ELi5ELi3ELi3EEviii13BatchedTensoriS0_iS0_iS0_iiiPKT_S3_S1_S1_i18cublasLtEpilogue_tiPKvx
224,16,conv2,_ZN5cudnn17winograd_nonfused28winogradForwardOutput9x9_5x5IffEEvNS0_20WinogradOutputParamsIT_T0_EE
224,16,relu2,_ZN2at6native29vectorized_elementwise_kernelILi4EZZZNS0_49_GLOBAL__N__a62a4dcd_16_TensorCompare_cu_71e06f4e19launch_clamp_scalarERNS_18TensorIteratorBaseEN3c106ScalarES6_NS0_6detail11ClampLimitsEENKUlvE_clEvENKUlvE5_clEvEUlfE_St5arrayIPcLy2EELb0EEEviT0_T1_
224,16,conv3,_Z23implicit_convolve_sgemmIffiLi128ELi5ELi5ELi3ELi3ELi3ELi1ELb0ELb0ELb1EEviiiPKT_iPT0_S2_18kernel_conv_paramsyT1_ffiPKS3_S8_bbii
224,16,relu3,_ZN2at6native29vectorized_elementwise_kernelILi4EZZZNS0_49_GLOBAL__N__a62a4dcd_16_TensorCompare_cu_71e06f4e19launch_clamp_scalarERNS_18TensorIteratorBaseEN3c106ScalarES6_NS0_6detail11ClampLimitsEENKUlvE_clEvENKUlvE5_clEvEUlfE_St5arrayIPcLy2EELb0EEEviT0_T1_
224,16,conv4,_Z23implicit_convolve_sgemmIffiLi1024ELi5ELi5ELi3ELi3ELi3ELi1ELb0ELb0ELb1EEviiiPKT_iPT0_S2_18kernel_conv_paramsyT1_ffiPKS3_S8_bbii
224,16,relu4,_ZN2at6native29vectorized_elementwise_kernelILi4EZZZNS0_49_GLOBAL__N__a62a4dcd_16_TensorCompare_cu_71e06f4e19launch_clamp_scalarERNS_18TensorIteratorBaseEN3c106ScalarES6_NS0_6detail11ClampLimitsEENKUlvE_clEvENKUlvE5_clEvEUlfE_St5arrayIPcLy2EELb0EEEviT0_T1_
224,16,conv5,_Z23implicit_convolve_sgemmIffiLi128ELi5ELi5ELi3ELi3ELi3ELi1ELb0ELb0ELb1EEviiiPKT_iPT0_S2_18kernel_conv_paramsyT1_ffiPKS3_S8_bbii
224,16,relu5,_ZN2at6native29vectorized_elementwise_kernelILi4EZZZNS0_49_GLOBAL__N__a62a4dcd_16_TensorCompare_cu_71e06f4e19launch_clamp_scalarERNS_18TensorIteratorBaseEN3c106ScalarES6_NS0_6detail11ClampLimitsEENKUlvE_clEvENKUlvE5_clEvEUlfE_St5arrayIPcLy2EELb0EEEviT0_T1_
224,16,conv6,_ZN5cudnn3cnn23kern_precompute_indicesILb0EEEvPiiiiii
224,16,conv6,_Z26precomputed_convolve_sgemmIfiLi512ELi6ELi7ELi4ELi3ELi5ELi1ELb0EEviiiPKT_iPS0_S2_18kernel_conv_paramsyT0_ffibbS2_S2_Pi
224,16,relu6,_ZN2at6native29vectorized_elementwise_kernelILi4EZZZNS0_49_GLOBAL__N__a62a4dcd_16_TensorCompare_cu_71e06f4e19launch_clamp_scalarERNS_18TensorIteratorBaseEN3c106ScalarES6_NS0_6detail11ClampLimitsEENKUlvE_clEvENKUlvE5_clEvEUlfE_St5arrayIPcLy2EELb0EEEviT0_T1_
224,16,global_avg_pool,_ZN2at6native13reduce_kernelILi512ELi1ENS0_8ReduceOpIfNS0_7MeanOpsIffffEEjfLi4ELi4EEEEEvT1_
224,16,fc1,_Z16gemmSN_TN_kernelIfLi128ELi16ELi2ELi4ELi8ELi9ELb0E30cublasGemvTensorStridedBatchedIKfES2_S0_IfEEv22cublasGemmSmallNParamsIT7_T8_T9_T_E
224,16,relu7,_ZN2at6native29vectorized_elementwise_kernelILi4EZZZNS0_49_GLOBAL__N__a62a4dcd_16_TensorCompare_cu_71e06f4e19launch_clamp_scalarERNS_18TensorIteratorBaseEN3c106ScalarES6_NS0_6detail11ClampLimitsEENKUlvE_clEvENKUlvE5_clEvEUlfE_St5arrayIPcLy2EELb0EEEviT0_T1_
224,16,fc2,_Z16gemmSN_TN_kernelIfLi128ELi16ELi2ELi4ELi8ELi9ELb0E30cublasGemvTensorStridedBatchedIKfES2_S0_IfEEv22cublasGemmSmallNParamsIT7_T8_T9_T_E
224,32,conv1,_Z23implicit_convolve_sgemmIffiLi1024ELi5ELi5ELi3ELi3ELi3ELi1ELb0ELb0ELb1EEviiiPKT_iPT0_S2_18kernel_conv_paramsyT1_ffiPKS3_S8_bbii
224,32,relu1,_ZN2at6native29vectorized_elementwise_kernelILi4EZZZNS0_49_GLOBAL__N__a62a4dcd_16_TensorCompare_cu_71e06f4e19launch_clamp_scalarERNS_18TensorIteratorBaseEN3c106ScalarES6_NS0_6detail11ClampLimitsEENKUlvE_clEvENKUlvE5_clEvEUlfE_St5arrayIPcLy2EELb0EEEviT0_T1_
224,32,maxpool,_ZN2at6native52_GLOBAL__N__71d79c19_19_DilatedMaxPool2d_cu_9872839c21max_pool_forward_nchwIfiEEvT0_PKT_xxxiiiiiiiiiiPS4_Px
224,32,conv2,_Z23implicit_convolve_sgemmIffiLi1024ELi5ELi5ELi3ELi3ELi3ELi1ELb0ELb0ELb1EEviiiPKT_iPT0_S2_18kernel_conv_paramsyT1_ffiPKS3_S8_bbii
224,32,relu2,_ZN2at6native29vectorized_elementwise_kernelILi4EZZZNS0_49_GLOBAL__N__a62a4dcd_16_TensorCompare_cu_71e06f4e19launch_clamp_scalarERNS_18TensorIteratorBaseEN3c106ScalarES6_NS0_6detail11ClampLimitsEENKUlvE_clEvENKUlvE5_clEvEUlfE_St5arrayIPcLy2EELb0EEEviT0_T1_
224,32,conv3,_Z23implicit_convolve_sgemmIffiLi512ELi6ELi8ELi3ELi3ELi5ELi1ELb0ELb0ELb1EEviiiPKT_iPT0_S2_18kernel_conv_paramsyT1_ffiPKS3_S8_bbii
224,32,relu3,_ZN2at6native29vectorized_elementwise_kernelILi4EZZZNS0_49_GLOBAL__N__a62a4dcd_16_TensorCompare_cu_71e06f4e19launch_clamp_scalarERNS_18TensorIteratorBaseEN3c106ScalarES6_NS0_6detail11ClampLimitsEENKUlvE_clEvENKUlvE5_clEvEUlfE_St5arrayIPcLy2EELb0EEEviT0_T1_
224,32,conv4,_Z23implicit_convolve_sgemmIffiLi1024ELi5ELi5ELi3ELi3ELi3ELi1ELb0ELb0ELb1EEviiiPKT_iPT0_S2_18kernel_conv_paramsyT1_ffiPKS3_S8_bbii
224,32,relu4,_ZN2at6native29vectorized_elementwise_kernelILi4EZZZNS0_49_GLOBAL__N__a62a4dcd_16_TensorCompare_cu_71e06f4e19launch_clamp_scalarERNS_18TensorIteratorBaseEN3c106ScalarES6_NS0_6detail11ClampLimitsEENKUlvE_clEvENKUlvE5_clEvEUlfE_St5arrayIPcLy2EELb0EEEviT0_T1_
224,32,conv5,_Z23implicit_convolve_sgemmIffiLi512ELi6ELi8ELi3ELi3ELi5ELi1ELb0ELb0ELb1EEviiiPKT_iPT0_S2_18kernel_conv_paramsyT1_ffiPKS3_S8_bbii
224,32,relu5,_ZN2at6native29vectorized_elementwise_kernelILi4EZZZNS0_49_GLOBAL__N__a62a4dcd_16_TensorCompare_cu_71e06f4e19launch_clamp_scalarERNS_18TensorIteratorBaseEN3c106ScalarES6_NS0_6detail11ClampLimitsEENKUlvE_clEvENKUlvE5_clEvEUlfE_St5arrayIPcLy2EELb0EEEviT0_T1_
224,32,conv6,_ZN5cudnn3cnn23kern_precompute_indicesILb0EEEvPiiiiii
224,32,conv6,_Z26precomputed_convolve_sgemmIfiLi512ELi6ELi7ELi4ELi3ELi5ELi1ELb0EEviiiPKT_iPS0_S2_18kernel_conv_paramsyT0_ffibbS2_S2_Pi
224,32,relu6,_ZN2at6native29vectorized_elementwise_kernelILi4EZZZNS0_49_GLOBAL__N__a62a4dcd_16_TensorCompare_cu_71e06f4e19launch_clamp_scalarERNS_18TensorIteratorBaseEN3c106ScalarES6_NS0_6detail11ClampLimitsEENKUlvE_clEvENKUlvE5_clEvEUlfE_St5arrayIPcLy2EELb0EEEviT0_T1_
224,32,global_avg_pool,_ZN2at6native13reduce_kernelILi512ELi1ENS0_8ReduceOpIfNS0_7MeanOpsIffffEEjfLi4ELi4EEEEEvT1_
224,32,fc1,_ZN7cutlass7Kernel2I41cutlass_80_simt_sgemm_64x64_8x5_tn_align1EEvNT_6ParamsE
224,32,fc1,_ZN8cublasLt19splitKreduce_kernelILi32ELi16EiffffLb0EfffLb1ELb1ELb0ELb0EEEvNS_18cublasSplitKParamsIT4_EEPKT2_PKT8_PT7_PT3_PKS2_SF_PKT9_S6_PSG_PvxPS2_PiSL_SL_SF_SF_SF_SF_SF_
224,32,relu7,_ZN2at6native29vectorized_elementwise_kernelILi4EZZZNS0_49_GLOBAL__N__a62a4dcd_16_TensorCompare_cu_71e06f4e19launch_clamp_scalarERNS_18TensorIteratorBaseEN3c106ScalarES6_NS0_6detail11ClampLimitsEENKUlvE_clEvENKUlvE5_clEvEUlfE_St5arrayIPcLy2EELb0EEEviT0_T1_
224,32,fc2,_ZN7cutlass7Kernel2I41cutlass_80_simt_sgemm_64x64_8x5_tn_align1EEvNT_6ParamsE
224,32,fc2,_ZN8cublasLt19splitKreduce_kernelILi32ELi16EiffffLb0EfffLb1ELb1ELb0ELb0EEEvNS_18cublasSplitKParamsIT4_EEPKT2_PKT8_PT7_PT3_PKS2_SF_PKT9_S6_PSG_PvxPS2_PiSL_SL_SF_SF_SF_SF_SF_
224,64,conv1,_Z23implicit_convolve_sgemmIffiLi1024ELi5ELi5ELi3ELi3ELi3ELi1ELb0ELb0ELb1EEviiiPKT_iPT0_S2_18kernel_conv_paramsyT1_ffiPKS3_S8_bbii
224,64,relu1,_ZN2at6native29vectorized_elementwise_kernelILi4EZZZNS0_49_GLOBAL__N__a62a4dcd_16_TensorCompare_cu_71e06f4e19launch_clamp_scalarERNS_18TensorIteratorBaseEN3c106ScalarES6_NS0_6detail11ClampLimitsEENKUlvE_clEvENKUlvE5_clEvEUlfE_St5arrayIPcLy2EELb0EEEviT0_T1_
224,64,maxpool,_ZN2at6native52_GLOBAL__N__71d79c19_19_DilatedMaxPool2d_cu_9872839c21max_pool_forward_nchwIfiEEvT0_PKT_xxxiiiiiiiiiiPS4_Px
224,64,conv2,_Z23implicit_convolve_sgemmIffiLi1024ELi5ELi5ELi3ELi3ELi3ELi1ELb0ELb0ELb1EEviiiPKT_iPT0_S2_18kernel_conv_paramsyT1_ffiPKS3_S8_bbii
224,64,relu2,_ZN2at6native29vectorized_elementwise_kernelILi4EZZZNS0_49_GLOBAL__N__a62a4dcd_16_TensorCompare_cu_71e06f4e19launch_clamp_scalarERNS_18TensorIteratorBaseEN3c106ScalarES6_NS0_6detail11ClampLimitsEENKUlvE_clEvENKUlvE5_clEvEUlfE_St5arrayIPcLy2EELb0EEEviT0_T1_
224,64,conv3,_Z23implicit_convolve_sgemmIffiLi512ELi6ELi8ELi3ELi3ELi5ELi1ELb0ELb0ELb1EEviiiPKT_iPT0_S2_18kernel_conv_paramsyT1_ffiPKS3_S8_bbii
224,64,relu3,_ZN2at6native29vectorized_elementwise_kernelILi4EZZZNS0_49_GLOBAL__N__a62a4dcd_16_TensorCompare_cu_71e06f4e19launch_clamp_scalarERNS_18TensorIteratorBaseEN3c106ScalarES6_NS0_6detail11ClampLimitsEENKUlvE_clEvENKUlvE5_clEvEUlfE_St5arrayIPcLy2EELb0EEEviT0_T1_
224,64,conv4,_Z23implicit_convolve_sgemmIffiLi1024ELi5ELi5ELi3ELi3ELi3ELi1ELb0ELb0ELb1EEviiiPKT_iPT0_S2_18kernel_conv_paramsyT1_ffiPKS3_S8_bbii
224,64,relu4,_ZN2at6native29vectorized_elementwise_kernelILi4EZZZNS0_49_GLOBAL__N__a62a4dcd_16_TensorCompare_cu_71e06f4e19launch_clamp_scalarERNS_18TensorIteratorBaseEN3c106ScalarES6_NS0_6detail11ClampLimitsEENKUlvE_clEvENKUlvE5_clEvEUlfE_St5arrayIPcLy2EELb0EEEviT0_T1_
224,64,conv5,_Z23implicit_convolve_sgemmIffiLi512ELi6ELi8ELi3ELi3ELi5ELi1ELb0ELb0ELb1EEviiiPKT_iPT0_S2_18kernel_conv_paramsyT1_ffiPKS3_S8_bbii
224,64,relu5,_ZN2at6native29vectorized_elementwise_kernelILi4EZZZNS0_49_GLOBAL__N__a62a4dcd_16_TensorCompare_cu_71e06f4e19launch_clamp_scalarERNS_18TensorIteratorBaseEN3c106ScalarES6_NS0_6detail11ClampLimitsEENKUlvE_clEvENKUlvE5_clEvEUlfE_St5arrayIPcLy2EELb0EEEviT0_T1_
224,64,conv6,_ZN5cudnn3cnn23kern_precompute_indicesILb0EEEvPiiiiii
224,64,conv6,_Z26precomputed_convolve_sgemmIfiLi512ELi6ELi7ELi4ELi3ELi5ELi1ELb0EEviiiPKT_iPS0_S2_18kernel_conv_paramsyT0_ffibbS2_S2_Pi
224,64,relu6,_ZN2at6native29vectorized_elementwise_kernelILi4EZZZNS0_49_GLOBAL__N__a62a4dcd_16_TensorCompare_cu_71e06f4e19launch_clamp_scalarERNS_18TensorIteratorBaseEN3c106ScalarES6_NS0_6detail11ClampLimitsEENKUlvE_clEvENKUlvE5_clEvEUlfE_St5arrayIPcLy2EELb0EEEviT0_T1_
224,64,global_avg_pool,_ZN2at6native13reduce_kernelILi512ELi1ENS0_8ReduceOpIfNS0_7MeanOpsIffffEEjfLi4ELi4EEEEEvT1_
224,64,fc1,_ZN7cutlass7Kernel2I41cutlass_80_simt_sgemm_64x64_8x5_tn_align1EEvNT_6ParamsE
224,64,fc1,_ZN8cublasLt19splitKreduce_kernelILi32ELi16EiffffLb0EfffLb1ELb1ELb0ELb0EEEvNS_18cublasSplitKParamsIT4_EEPKT2_PKT8_PT7_PT3_PKS2_SF_PKT9_S6_PSG_PvxPS2_PiSL_SL_SF_SF_SF_SF_SF_
224,64,relu7,_ZN2at6native29vectorized_elementwise_kernelILi4EZZZNS0_49_GLOBAL__N__a62a4dcd_16_TensorCompare_cu_71e06f4e19launch_clamp_scalarERNS_18TensorIteratorBaseEN3c106ScalarES6_NS0_6detail11ClampLimitsEENKUlvE_clEvENKUlvE5_clEvEUlfE_St5arrayIPcLy2EELb0EEEviT0_T1_
224,64,fc2,_ZN7cutlass7Kernel2I41cutlass_80_simt_sgemm_64x64_8x5_tn_align1EEvNT_6ParamsE
224,64,fc2,_ZN8cublasLt19splitKreduce_kernelILi32ELi16EiffffLb0EfffLb1ELb1ELb0ELb0EEEvNS_18cublasSplitKParamsIT4_EEPKT2_PKT8_PT7_PT3_PKS2_SF_PKT9_S6_PSG_PvxPS2_PiSL_SL_SF_SF_SF_SF_SF_
224,95,conv1,_Z23implicit_convolve_sgemmIffiLi1024ELi5ELi5ELi3ELi3ELi3ELi1ELb0ELb0ELb1EEviiiPKT_iPT0_S2_18kernel_conv_paramsyT1_ffiPKS3_S8_bbii
224,95,relu1,_ZN2at6native29vectorized_elementwise_kernelILi4EZZZNS0_49_GLOBAL__N__a62a4dcd_16_TensorCompare_cu_71e06f4e19launch_clamp_scalarERNS_18TensorIteratorBaseEN3c106ScalarES6_NS0_6detail11ClampLimitsEENKUlvE_clEvENKUlvE5_clEvEUlfE_St5arrayIPcLy2EELb0EEEviT0_T1_
224,95,maxpool,_ZN2at6native52_GLOBAL__N__71d79c19_19_DilatedMaxPool2d_cu_9872839c21max_pool_forward_nchwIfiEEvT0_PKT_xxxiiiiiiiiiiPS4_Px
224,95,conv2,_Z23implicit_convolve_sgemmIffiLi1024ELi5ELi5ELi3ELi3ELi3ELi1ELb0ELb0ELb1EEviiiPKT_iPT0_S2_18kernel_conv_paramsyT1_ffiPKS3_S8_bbii
224,95,relu2,_ZN2at6native29vectorized_elementwise_kernelILi4EZZZNS0_49_GLOBAL__N__a62a4dcd_16_TensorCompare_cu_71e06f4e19launch_clamp_scalarERNS_18TensorIteratorBaseEN3c106ScalarES6_NS0_6detail11ClampLimitsEENKUlvE_clEvENKUlvE5_clEvEUlfE_St5arrayIPcLy2EELb0EEEviT0_T1_
224,95,conv3,_Z23implicit_convolve_sgemmIffiLi512ELi6ELi8ELi3ELi3ELi5ELi1ELb0ELb0ELb1EEviiiPKT_iPT0_S2_18kernel_conv_paramsyT1_ffiPKS3_S8_bbii
224,95,relu3,_ZN2at6native29vectorized_elementwise_kernelILi4EZZZNS0_49_GLOBAL__N__a62a4dcd_16_TensorCompare_cu_71e06f4e19launch_clamp_scalarERNS_18TensorIteratorBaseEN3c106ScalarES6_NS0_6detail11ClampLimitsEENKUlvE_clEvENKUlvE5_clEvEUlfE_St5arrayIPcLy2EELb0EEEviT0_T1_
224,95,conv4,_ZN5cudnn3cnn23kern_precompute_indicesILb0EEEvPiiiiii
224,95,conv4,_Z26precomputed_convolve_sgemmIfiLi512ELi6ELi7ELi4ELi3ELi5ELi1ELb0EEviiiPKT_iPS0_S2_18kernel_conv_paramsyT0_ffibbS2_S2_Pi
224,95,relu4,_ZN2at6native29vectorized_elementwise_kernelILi4EZZZNS0_49_GLOBAL__N__a62a4dcd_16_TensorCompare_cu_71e06f4e19launch_clamp_scalarERNS_18TensorIteratorBaseEN3c106ScalarES6_NS0_6detail11ClampLimitsEENKUlvE_clEvENKUlvE5_clEvEUlfE_St5arrayIPcLy2EELb0EEEviT0_T1_
224,95,conv5,_Z23implicit_convolve_sgemmIffiLi512ELi6ELi8ELi3ELi3ELi5ELi1ELb0ELb0ELb1EEviiiPKT_iPT0_S2_18kernel_conv_paramsyT1_ffiPKS3_S8_bbii
224,95,relu5,_ZN2at6native29vectorized_elementwise_kernelILi4EZZZNS0_49_GLOBAL__N__a62a4dcd_16_TensorCompare_cu_71e06f4e19launch_clamp_scalarERNS_18TensorIteratorBaseEN3c106ScalarES6_NS0_6detail11ClampLimitsEENKUlvE_clEvENKUlvE5_clEvEUlfE_St5arrayIPcLy2EELb0EEEviT0_T1_
224,95,conv6,_ZN5cudnn3cnn23kern_precompute_indicesILb0EEEvPiiiiii
224,95,conv6,_Z26precomputed_convolve_sgemmIfiLi512ELi6ELi7ELi4ELi3ELi5ELi1ELb0EEviiiPKT_iPS0_S2_18kernel_conv_paramsyT0_ffibbS2_S2_Pi
224,95,relu6,_ZN2at6native29vectorized_elementwise_kernelILi4EZZZNS0_49_GLOBAL__N__a62a4dcd_16_TensorCompare_cu_71e06f4e19launch_clamp_scalarERNS_18TensorIteratorBaseEN3c106ScalarES6_NS0_6detail11ClampLimitsEENKUlvE_clEvENKUlvE5_clEvEUlfE_St5arrayIPcLy2EELb0EEEviT0_T1_
224,95,global_avg_pool,_ZN2at6native13reduce_kernelILi512ELi1ENS0_8ReduceOpIfNS0_7MeanOpsIffffEEjfLi4ELi4EEEEEvT1_
224,95,fc1,_ZN7cutlass7Kernel2I41cutlass_80_simt_sgemm_64x64_8x5_tn_align1EEvNT_6ParamsE
224,95,fc1,_ZN8cublasLt19splitKreduce_kernelILi32ELi16EiffffLb0EfffLb1ELb1ELb0ELb0EEEvNS_18cublasSplitKParamsIT4_EEPKT2_PKT8_PT7_PT3_PKS2_SF_PKT9_S6_PSG_PvxPS2_PiSL_SL_SF_SF_SF_SF_SF_
224,95,relu7,_ZN2at6native29vectorized_elementwise_kernelILi4EZZZNS0_49_GLOBAL__N__a62a4dcd_16_TensorCompare_cu_71e06f4e19launch_clamp_scalarERNS_18TensorIteratorBaseEN3c106ScalarES6_NS0_6detail11ClampLimitsEENKUlvE_clEvENKUlvE5_clEvEUlfE_St5arrayIPcLy2EELb0EEEviT0_T1_
224,95,fc2,_ZN7cutlass7Kernel2I41cutlass_80_simt_sgemm_64x64_8x5_tn_align1EEvNT_6ParamsE
224,95,fc2,_ZN8cublasLt19splitKreduce_kernelILi32ELi16EiffffLb0EfffLb1ELb1ELb0ELb0EEEvNS_18cublasSplitKParamsIT4_EEPKT2_PKT8_PT7_PT3_PKS2_SF_PKT9_S6_PSG_PvxPS2_PiSL_SL_SF_SF_SF_SF_SF_
224,98,conv1,_Z23implicit_convolve_sgemmIffiLi1024ELi5ELi5ELi3ELi3ELi3ELi1ELb0ELb0ELb1EEviiiPKT_iPT0_S2_18kernel_conv_paramsyT1_ffiPKS3_S8_bbii
224,98,relu1,_ZN2at6native29vectorized_elementwise_kernelILi4EZZZNS0_49_GLOBAL__N__a62a4dcd_16_TensorCompare_cu_71e06f4e19launch_clamp_scalarERNS_18TensorIteratorBaseEN3c106ScalarES6_NS0_6detail11ClampLimitsEENKUlvE_clEvENKUlvE5_clEvEUlfE_St5arrayIPcLy2EELb0EEEviT0_T1_
224,98,maxpool,_ZN2at6native52_GLOBAL__N__71d79c19_19_DilatedMaxPool2d_cu_9872839c21max_pool_forward_nchwIfiEEvT0_PKT_xxxiiiiiiiiiiPS4_Px
224,98,conv2,_Z23implicit_convolve_sgemmIffiLi1024ELi5ELi5ELi3ELi3ELi3ELi1ELb0ELb0ELb1EEviiiPKT_iPT0_S2_18kernel_conv_paramsyT1_ffiPKS3_S8_bbii
224,98,relu2,_ZN2at6native29vectorized_elementwise_kernelILi4EZZZNS0_49_GLOBAL__N__a62a4dcd_16_TensorCompare_cu_71e06f4e19launch_clamp_scalarERNS_18TensorIteratorBaseEN3c106ScalarES6_NS0_6detail11ClampLimitsEENKUlvE_clEvENKUlvE5_clEvEUlfE_St5arrayIPcLy2EELb0EEEviT0_T1_
224,98,conv3,_Z23implicit_convolve_sgemmIffiLi512ELi6ELi8ELi3ELi3ELi5ELi1ELb0ELb0ELb1EEviiiPKT_iPT0_S2_18kernel_conv_paramsyT1_ffiPKS3_S8_bbii
224,98,relu3,_ZN2at6native29vectorized_elementwise_kernelILi4EZZZNS0_49_GLOBAL__N__a62a4dcd_16_TensorCompare_cu_71e06f4e19launch_clamp_scalarERNS_18TensorIteratorBaseEN3c106ScalarES6_NS0_6detail11ClampLimitsEENKUlvE_clEvENKUlvE5_clEvEUlfE_St5arrayIPcLy2EELb0EEEviT0_T1_
224,98,conv4,_ZN5cudnn3cnn23kern_precompute_indicesILb0EEEvPiiiiii
224,98,conv4,_Z26precomputed_convolve_sgemmIfiLi512ELi6ELi7ELi4ELi3ELi5ELi1ELb0EEviiiPKT_iPS0_S2_18kernel_conv_paramsyT0_ffibbS2_S2_Pi
224,98,relu4,_ZN2at6native29vectorized_elementwise_kernelILi4EZZZNS0_49_GLOBAL__N__a62a4dcd_16_TensorCompare_cu_71e06f4e19launch_clamp_scalarERNS_18TensorIteratorBaseEN3c106ScalarES6_NS0_6detail11ClampLimitsEENKUlvE_clEvENKUlvE5_clEvEUlfE_St5arrayIPcLy2EELb0EEEviT0_T1_
224,98,conv5,_Z23implicit_convolve_sgemmIffiLi512ELi6ELi8ELi3ELi3ELi5ELi1ELb0ELb0ELb1EEviiiPKT_iPT0_S2_18kernel_conv_paramsyT1_ffiPKS3_S8_bbii
224,98,relu5,_ZN2at6native29vectorized_elementwise_kernelILi4EZZZNS0_49_GLOBAL__N__a62a4dcd_16_TensorCompare_cu_71e06f4e19launch_clamp_scalarERNS_18TensorIteratorBaseEN3c106ScalarES6_NS0_6detail11ClampLimitsEENKUlvE_clEvENKUlvE5_clEvEUlfE_St5arrayIPcLy2EELb0EEEviT0_T1_
224,98,conv6,_ZN5cudnn3cnn23kern_precompute_indicesILb0EEEvPiiiiii
224,98,conv6,_Z26precomputed_convolve_sgemmIfiLi512ELi6ELi7ELi4ELi3ELi5ELi1ELb0EEviiiPKT_iPS0_S2_18kernel_conv_paramsyT0_ffibbS2_S2_Pi
224,98,relu6,_ZN2at6native29vectorized_elementwise_kernelILi4EZZZNS0_49_GLOBAL__N__a62a4dcd_16_TensorCompare_cu_71e06f4e19launch_clamp_scalarERNS_18TensorIteratorBaseEN3c106ScalarES6_NS0_6detail11ClampLimitsEENKUlvE_clEvENKUlvE5_clEvEUlfE_St5arrayIPcLy2EELb0EEEviT0_T1_
224,98,global_avg_pool,_ZN2at6native13reduce_kernelILi512ELi1ENS0_8ReduceOpIfNS0_7MeanOpsIffffEEjfLi4ELi4EEEEEvT1_
224,98,fc1,_ZN7cutlass7Kernel2I41cutlass_80_simt_sgemm_64x64_8x5_tn_align1EEvNT_6ParamsE
224,98,fc1,_ZN8cublasLt19splitKreduce_kernelILi32ELi16EiffffLb0EfffLb1ELb1ELb0ELb0EEEvNS_18cublasSplitKParamsIT4_EEPKT2_PKT8_PT7_PT3_PKS2_SF_PKT9_S6_PSG_PvxPS2_PiSL_SL_SF_SF_SF_SF_SF_
224,98,relu7,_ZN2at6native29vectorized_elementwise_kernelILi4EZZZNS0_49_GLOBAL__N__a62a4dcd_16_TensorCompare_cu_71e06f4e19launch_clamp_scalarERNS_18TensorIteratorBaseEN3c106ScalarES6_NS0_6detail11ClampLimitsEENKUlvE_clEvENKUlvE5_clEvEUlfE_St5arrayIPcLy2EELb0EEEviT0_T1_
224,98,fc2,_ZN7cutlass7Kernel2I41cutlass_80_simt_sgemm_64x64_8x5_tn_align1EEvNT_6ParamsE
224,98,fc2,_ZN8cublasLt19splitKreduce_kernelILi32ELi16EiffffLb0EfffLb1ELb1ELb0ELb0EEEvNS_18cublasSplitKParamsIT4_EEPKT2_PKT8_PT7_PT3_PKS2_SF_PKT9_S6_PSG_PvxPS2_PiSL_SL_SF_SF_SF_SF_SF_
224,128,conv1,_Z23implicit_convolve_sgemmIffiLi1024ELi5ELi5ELi3ELi3ELi3ELi1ELb0ELb0ELb1EEviiiPKT_iPT0_S2_18kernel_conv_paramsyT1_ffiPKS3_S8_bbii
224,128,relu1,_ZN2at6native29vectorized_elementwise_kernelILi4EZZZNS0_49_GLOBAL__N__a62a4dcd_16_TensorCompare_cu_71e06f4e19launch_clamp_scalarERNS_18TensorIteratorBaseEN3c106ScalarES6_NS0_6detail11ClampLimitsEENKUlvE_clEvENKUlvE5_clEvEUlfE_St5arrayIPcLy2EELb0EEEviT0_T1_
224,128,maxpool,_ZN2at6native52_GLOBAL__N__71d79c19_19_DilatedMaxPool2d_cu_9872839c21max_pool_forward_nchwIfiEEvT0_PKT_xxxiiiiiiiiiiPS4_Px
224,128,conv2,_Z23implicit_convolve_sgemmIffiLi1024ELi5ELi5ELi3ELi3ELi3ELi1ELb0ELb0ELb1EEviiiPKT_iPT0_S2_18kernel_conv_paramsyT1_ffiPKS3_S8_bbii
224,128,relu2,_ZN2at6native29vectorized_elementwise_kernelILi4EZZZNS0_49_GLOBAL__N__a62a4dcd_16_TensorCompare_cu_71e06f4e19launch_clamp_scalarERNS_18TensorIteratorBaseEN3c106ScalarES6_NS0_6detail11ClampLimitsEENKUlvE_clEvENKUlvE5_clEvEUlfE_St5arrayIPcLy2EELb0EEEviT0_T1_
224,128,conv3,_Z23implicit_convolve_sgemmIffiLi512ELi6ELi8ELi3ELi3ELi5ELi1ELb0ELb0ELb1EEviiiPKT_iPT0_S2_18kernel_conv_paramsyT1_ffiPKS3_S8_bbii
224,128,relu3,_ZN2at6native29vectorized_elementwise_kernelILi4EZZZNS0_49_GLOBAL__N__a62a4dcd_16_TensorCompare_cu_71e06f4e19launch_clamp_scalarERNS_18TensorIteratorBaseEN3c106ScalarES6_NS0_6detail11ClampLimitsEENKUlvE_clEvENKUlvE5_clEvEUlfE_St5arrayIPcLy2EELb0EEEviT0_T1_
224,128,conv4,_ZN5cudnn3cnn23kern_precompute_indicesILb0EEEvPiiiiii
224,128,conv4,_Z26precomputed_convolve_sgemmIfiLi512ELi6ELi7ELi4ELi3ELi5ELi1ELb0EEviiiPKT_iPS0_S2_18kernel_conv_paramsyT0_ffibbS2_S2_Pi
224,128,relu4,_ZN2at6native29vectorized_elementwise_kernelILi4EZZZNS0_49_GLOBAL__N__a62a4dcd_16_TensorCompare_cu_71e06f4e19launch_clamp_scalarERNS_18TensorIteratorBaseEN3c106ScalarES6_NS0_6detail11ClampLimitsEENKUlvE_clEvENKUlvE5_clEvEUlfE_St5arrayIPcLy2EELb0EEEviT0_T1_
224,128,conv5,_Z23implicit_convolve_sgemmIffiLi512ELi6ELi8ELi3ELi3ELi5ELi1ELb0ELb0ELb1EEviiiPKT_iPT0_S2_18kernel_conv_paramsyT1_ffiPKS3_S8_bbii
224,128,relu5,_ZN2at6native29vectorized_elementwise_kernelILi4EZZZNS0_49_GLOBAL__N__a62a4dcd_16_TensorCompare_cu_71e06f4e19launch_clamp_scalarERNS_18TensorIteratorBaseEN3c106ScalarES6_NS0_6detail11ClampLimitsEENKUlvE_clEvENKUlvE5_clEvEUlfE_St5arrayIPcLy2EELb0EEEviT0_T1_
224,128,conv6,_ZN5cudnn3cnn23kern_precompute_indicesILb0EEEvPiiiiii
224,128,conv6,_Z26precomputed_convolve_sgemmIfiLi512ELi6ELi7ELi4ELi3ELi5ELi1ELb0EEviiiPKT_iPS0_S2_18kernel_conv_paramsyT0_ffibbS2_S2_Pi
224,128,relu6,_ZN2at6native29vectorized_elementwise_kernelILi4EZZZNS0_49_GLOBAL__N__a62a4dcd_16_TensorCompare_cu_71e06f4e19launch_clamp_scalarERNS_18TensorIteratorBaseEN3c106ScalarES6_NS0_6detail11ClampLimitsEENKUlvE_clEvENKUlvE5_clEvEUlfE_St5arrayIPcLy2EELb0EEEviT0_T1_
224,128,global_avg_pool,_ZN2at6native13reduce_kernelILi512ELi1ENS0_8ReduceOpIfNS0_7MeanOpsIffffEEjfLi4ELi4EEEEEvT1_
224,128,fc1,_ZN7cutlass7Kernel2I41cutlass_80_simt_sgemm_64x64_8x5_tn_align1EEvNT_6ParamsE
224,128,fc1,_ZN8cublasLt19splitKreduce_kernelILi32ELi16EiffffLb0EfffLb1ELb1ELb0ELb0EEEvNS_18cublasSplitKParamsIT4_EEPKT2_PKT8_PT7_PT3_PKS2_SF_PKT9_S6_PSG_PvxPS2_PiSL_SL_SF_SF_SF_SF_SF_
224,128,relu7,_ZN2at6native29vectorized_elementwise_kernelILi4EZZZNS0_49_GLOBAL__N__a62a4dcd_16_TensorCompare_cu_71e06f4e19launch_clamp_scalarERNS_18TensorIteratorBaseEN3c106ScalarES6_NS0_6detail11ClampLimitsEENKUlvE_clEvENKUlvE5_clEvEUlfE_St5arrayIPcLy2EELb0EEEviT0_T1_
224,128,fc2,_ZN7cutlass7Kernel2I41cutlass_80_simt_sgemm_64x64_8x5_tn_align1EEvNT_6ParamsE
224,128,fc2,_ZN8cublasLt19splitKreduce_kernelILi32ELi16EiffffLb0EfffLb1ELb1ELb0ELb0EEEvNS_18cublasSplitKParamsIT4_EEPKT2_PKT8_PT7_PT3_PKS2_SF_PKT9_S6_PSG_PvxPS2_PiSL_SL_SF_SF_SF_SF_SF_
224,167,conv1,_Z23implicit_convolve_sgemmIffiLi1024ELi5ELi5ELi3ELi3ELi3ELi1ELb0ELb0ELb1EEviiiPKT_iPT0_S2_18kernel_conv_paramsyT1_ffiPKS3_S8_bbii
224,167,relu1,_ZN2at6native29vectorized_elementwise_kernelILi4EZZZNS0_49_GLOBAL__N__a62a4dcd_16_TensorCompare_cu_71e06f4e19launch_clamp_scalarERNS_18TensorIteratorBaseEN3c106ScalarES6_NS0_6detail11ClampLimitsEENKUlvE_clEvENKUlvE5_clEvEUlfE_St5arrayIPcLy2EELb0EEEviT0_T1_
224,167,maxpool,_ZN2at6native52_GLOBAL__N__71d79c19_19_DilatedMaxPool2d_cu_9872839c21max_pool_forward_nchwIfiEEvT0_PKT_xxxiiiiiiiiiiPS4_Px
224,167,conv2,_Z23implicit_convolve_sgemmIffiLi1024ELi5ELi5ELi3ELi3ELi3ELi1ELb0ELb0ELb1EEviiiPKT_iPT0_S2_18kernel_conv_paramsyT1_ffiPKS3_S8_bbii
224,167,relu2,_ZN2at6native29vectorized_elementwise_kernelILi4EZZZNS0_49_GLOBAL__N__a62a4dcd_16_TensorCompare_cu_71e06f4e19launch_clamp_scalarERNS_18TensorIteratorBaseEN3c106ScalarES6_NS0_6detail11ClampLimitsEENKUlvE_clEvENKUlvE5_clEvEUlfE_St5arrayIPcLy2EELb0EEEviT0_T1_
224,167,conv3,_Z23implicit_convolve_sgemmIffiLi512ELi6ELi8ELi3ELi3ELi5ELi1ELb0ELb0ELb1EEviiiPKT_iPT0_S2_18kernel_conv_paramsyT1_ffiPKS3_S8_bbii
224,167,relu3,_ZN2at6native29vectorized_elementwise_kernelILi4EZZZNS0_49_GLOBAL__N__a62a4dcd_16_TensorCompare_cu_71e06f4e19launch_clamp_scalarERNS_18TensorIteratorBaseEN3c106ScalarES6_NS0_6detail11ClampLimitsEENKUlvE_clEvENKUlvE5_clEvEUlfE_St5arrayIPcLy2EELb0EEEviT0_T1_
224,167,conv4,_ZN5cudnn3cnn23kern_precompute_indicesILb0EEEvPiiiiii
224,167,conv4,_Z26precomputed_convolve_sgemmIfiLi512ELi6ELi7ELi4ELi3ELi5ELi1ELb0EEviiiPKT_iPS0_S2_18kernel_conv_paramsyT0_ffibbS2_S2_Pi
224,167,relu4,_ZN2at6native29vectorized_elementwise_kernelILi4EZZZNS0_49_GLOBAL__N__a62a4dcd_16_TensorCompare_cu_71e06f4e19launch_clamp_scalarERNS_18TensorIteratorBaseEN3c106ScalarES6_NS0_6detail11ClampLimitsEENKUlvE_clEvENKUlvE5_clEvEUlfE_St5arrayIPcLy2EELb0EEEviT0_T1_
224,167,conv5,_Z23implicit_convolve_sgemmIffiLi512ELi6ELi8ELi3ELi3ELi5ELi1ELb0ELb0ELb1EEviiiPKT_iPT0_S2_18kernel_conv_paramsyT1_ffiPKS3_S8_bbii
224,167,relu5,_ZN2at6native29vectorized_elementwise_kernelILi4EZZZNS0_49_GLOBAL__N__a62a4dcd_16_TensorCompare_cu_71e06f4e19launch_clamp_scalarERNS_18TensorIteratorBaseEN3c106ScalarES6_NS0_6detail11ClampLimitsEENKUlvE_clEvENKUlvE5_clEvEUlfE_St5arrayIPcLy2EELb0EEEviT0_T1_
224,167,conv6,_ZN5cudnn3cnn23kern_precompute_indicesILb0EEEvPiiiiii
224,167,conv6,_Z26precomputed_convolve_sgemmIfiLi512ELi6ELi7ELi4ELi3ELi5ELi1ELb0EEviiiPKT_iPS0_S2_18kernel_conv_paramsyT0_ffibbS2_S2_Pi
224,167,relu6,_ZN2at6native29vectorized_elementwise_kernelILi4EZZZNS0_49_GLOBAL__N__a62a4dcd_16_TensorCompare_cu_71e06f4e19launch_clamp_scalarERNS_18TensorIteratorBaseEN3c106ScalarES6_NS0_6detail11ClampLimitsEENKUlvE_clEvENKUlvE5_clEvEUlfE_St5arrayIPcLy2EELb0EEEviT0_T1_
224,167,global_avg_pool,_ZN2at6native13reduce_kernelILi512ELi1ENS0_8ReduceOpIfNS0_7MeanOpsIffffEEjfLi4ELi4EEEEEvT1_
224,167,fc1,_ZN7cutlass7Kernel2I41cutlass_80_simt_sgemm_64x64_8x5_tn_align1EEvNT_6ParamsE
224,167,fc1,_ZN8cublasLt19splitKreduce_kernelILi32ELi16EiffffLb0EfffLb1ELb1ELb0ELb0EEEvNS_18cublasSplitKParamsIT4_EEPKT2_PKT8_PT7_PT3_PKS2_SF_PKT9_S6_PSG_PvxPS2_PiSL_SL_SF_SF_SF_SF_SF_
224,167,relu7,_ZN2at6native29vectorized_elementwise_kernelILi4EZZZNS0_49_GLOBAL__N__a62a4dcd_16_TensorCompare_cu_71e06f4e19launch_clamp_scalarERNS_18TensorIteratorBaseEN3c106ScalarES6_NS0_6detail11ClampLimitsEENKUlvE_clEvENKUlvE5_clEvEUlfE_St5arrayIPcLy2EELb0EEEviT0_T1_
224,167,fc2,_ZN7cutlass7Kernel2I41cutlass_80_simt_sgemm_64x64_8x5_tn_align1EEvNT_6ParamsE
224,167,fc2,_ZN8cublasLt19splitKreduce_kernelILi32ELi16EiffffLb0EfffLb1ELb1ELb0ELb0EEEvNS_18cublasSplitKParamsIT4_EEPKT2_PKT8_PT7_PT3_PKS2_SF_PKT9_S6_PSG_PvxPS2_PiSL_SL_SF_SF_SF_SF_SF_
224,256,conv1,_Z23implicit_convolve_sgemmIffiLi1024ELi5ELi5ELi3ELi3ELi3ELi1ELb0ELb0ELb1EEviiiPKT_iPT0_S2_18kernel_conv_paramsyT1_ffiPKS3_S8_bbii
224,256,relu1,_ZN2at6native29vectorized_elementwise_kernelILi4EZZZNS0_49_GLOBAL__N__a62a4dcd_16_TensorCompare_cu_71e06f4e19launch_clamp_scalarERNS_18TensorIteratorBaseEN3c106ScalarES6_NS0_6detail11ClampLimitsEENKUlvE_clEvENKUlvE5_clEvEUlfE_St5arrayIPcLy2EELb0EEEviT0_T1_
224,256,maxpool,_ZN2at6native52_GLOBAL__N__71d79c19_19_DilatedMaxPool2d_cu_9872839c21max_pool_forward_nchwIfiEEvT0_PKT_xxxiiiiiiiiiiPS4_Px
224,256,conv2,_Z23implicit_convolve_sgemmIffiLi1024ELi5ELi5ELi3ELi3ELi3ELi1ELb0ELb0ELb1EEviiiPKT_iPT0_S2_18kernel_conv_paramsyT1_ffiPKS3_S8_bbii
224,256,relu2,_ZN2at6native29vectorized_elementwise_kernelILi4EZZZNS0_49_GLOBAL__N__a62a4dcd_16_TensorCompare_cu_71e06f4e19launch_clamp_scalarERNS_18TensorIteratorBaseEN3c106ScalarES6_NS0_6detail11ClampLimitsEENKUlvE_clEvENKUlvE5_clEvEUlfE_St5arrayIPcLy2EELb0EEEviT0_T1_
224,256,conv3,_Z23implicit_convolve_sgemmIffiLi512ELi6ELi8ELi3ELi3ELi5ELi1ELb0ELb0ELb1EEviiiPKT_iPT0_S2_18kernel_conv_paramsyT1_ffiPKS3_S8_bbii
224,256,relu3,_ZN2at6native29vectorized_elementwise_kernelILi4EZZZNS0_49_GLOBAL__N__a62a4dcd_16_TensorCompare_cu_71e06f4e19launch_clamp_scalarERNS_18TensorIteratorBaseEN3c106ScalarES6_NS0_6detail11ClampLimitsEENKUlvE_clEvENKUlvE5_clEvEUlfE_St5arrayIPcLy2EELb0EEEviT0_T1_
224,256,conv4,_ZN5cudnn3cnn23kern_precompute_indicesILb0EEEvPiiiiii
224,256,conv4,_Z26precomputed_convolve_sgemmIfiLi512ELi6ELi7ELi4ELi3ELi5ELi1ELb0EEviiiPKT_iPS0_S2_18kernel_conv_paramsyT0_ffibbS2_S2_Pi
224,256,relu4,_ZN2at6native29vectorized_elementwise_kernelILi4EZZZNS0_49_GLOBAL__N__a62a4dcd_16_TensorCompare_cu_71e06f4e19launch_clamp_scalarERNS_18TensorIteratorBaseEN3c106ScalarES6_NS0_6detail11ClampLimitsEENKUlvE_clEvENKUlvE5_clEvEUlfE_St5arrayIPcLy2EELb0EEEviT0_T1_
224,256,conv5,_Z23implicit_convolve_sgemmIffiLi512ELi6ELi8ELi3ELi3ELi5ELi1ELb0ELb0ELb1EEviiiPKT_iPT0_S2_18kernel_conv_paramsyT1_ffiPKS3_S8_bbii
224,256,relu5,_ZN2at6native29vectorized_elementwise_kernelILi4EZZZNS0_49_GLOBAL__N__a62a4dcd_16_TensorCompare_cu_71e06f4e19launch_clamp_scalarERNS_18TensorIteratorBaseEN3c106ScalarES6_NS0_6detail11ClampLimitsEENKUlvE_clEvENKUlvE5_clEvEUlfE_St5arrayIPcLy2EELb0EEEviT0_T1_
224,256,conv6,_ZN5cudnn3cnn23kern_precompute_indicesILb0EEEvPiiiiii
224,256,conv6,_Z26precomputed_convolve_sgemmIfiLi512ELi6ELi7ELi4ELi3ELi5ELi1ELb0EEviiiPKT_iPS0_S2_18kernel_conv_paramsyT0_ffibbS2_S2_Pi
224,256,relu6,_ZN2at6native29vectorized_elementwise_kernelILi4EZZZNS0_49_GLOBAL__N__a62a4dcd_16_TensorCompare_cu_71e06f4e19launch_clamp_scalarERNS_18TensorIteratorBaseEN3c106ScalarES6_NS0_6detail11ClampLimitsEENKUlvE_clEvENKUlvE5_clEvEUlfE_St5arrayIPcLy2EELb0EEEviT0_T1_
224,256,global_avg_pool,_ZN2at6native13reduce_kernelILi512ELi1ENS0_8ReduceOpIfNS0_7MeanOpsIffffEEjfLi4ELi4EEEEEvT1_
224,256,fc1,_ZN7cutlass7Kernel2I41cutlass_80_simt_sgemm_64x64_8x5_tn_align1EEvNT_6ParamsE
224,256,fc1,_ZN8cublasLt19splitKreduce_kernelILi32ELi16EiffffLb0EfffLb1ELb1ELb0ELb0EEEvNS_18cublasSplitKParamsIT4_EEPKT2_PKT8_PT7_PT3_PKS2_SF_PKT9_S6_PSG_PvxPS2_PiSL_SL_SF_SF_SF_SF_SF_
224,256,relu7,_ZN2at6native29vectorized_elementwise_kernelILi4EZZZNS0_49_GLOBAL__N__a62a4dcd_16_TensorCompare_cu_71e06f4e19launch_clamp_scalarERNS_18TensorIteratorBaseEN3c106ScalarES6_NS0_6detail11ClampLimitsEENKUlvE_clEvENKUlvE5_clEvEUlfE_St5arrayIPcLy2EELb0EEEviT0_T1_
224,256,fc2,_ZN7cutlass7Kernel2I41cutlass_80_simt_sgemm_64x64_8x5_tn_align1EEvNT_6ParamsE
224,256,fc2,_ZN8cublasLt19splitKreduce_kernelILi32ELi16EiffffLb0EfffLb1ELb1ELb0ELb0EEEvNS_18cublasSplitKParamsIT4_EEPKT2_PKT8_PT7_PT3_PKS2_SF_PKT9_S6_PSG_PvxPS2_PiSL_SL_SF_SF_SF_SF_SF_
256,1,conv1,_Z23implicit_convolve_sgemmIffiLi1024ELi5ELi5ELi3ELi3ELi3ELi1ELb0ELb0ELb1EEviiiPKT_iPT0_S2_18kernel_conv_paramsyT1_ffiPKS3_S8_bbii
256,1,relu1,_ZN2at6native29vectorized_elementwise_kernelILi4EZZZNS0_49_GLOBAL__N__a62a4dcd_16_TensorCompare_cu_71e06f4e19launch_clamp_scalarERNS_18TensorIteratorBaseEN3c106ScalarES6_NS0_6detail11ClampLimitsEENKUlvE_clEvENKUlvE5_clEvEUlfE_St5arrayIPcLy2EELb0EEEviT0_T1_
256,1,maxpool,_ZN2at6native52_GLOBAL__N__71d79c19_19_DilatedMaxPool2d_cu_9872839c21max_pool_forward_nchwIfiEEvT0_PKT_xxxiiiiiiiiiiPS4_Px
256,1,conv2,_Z23implicit_convolve_sgemmIffiLi1024ELi5ELi5ELi3ELi3ELi3ELi1ELb0ELb0ELb1EEviiiPKT_iPT0_S2_18kernel_conv_paramsyT1_ffiPKS3_S8_bbii
256,1,relu2,_ZN2at6native29vectorized_elementwise_kernelILi4EZZZNS0_49_GLOBAL__N__a62a4dcd_16_TensorCompare_cu_71e06f4e19launch_clamp_scalarERNS_18TensorIteratorBaseEN3c106ScalarES6_NS0_6detail11ClampLimitsEENKUlvE_clEvENKUlvE5_clEvEUlfE_St5arrayIPcLy2EELb0EEEviT0_T1_
256,1,conv3,_Z23implicit_convolve_sgemmIffiLi1024ELi5ELi5ELi3ELi3ELi3ELi1ELb0ELb0ELb1EEviiiPKT_iPT0_S2_18kernel_conv_paramsyT1_ffiPKS3_S8_bbii
256,1,relu3,_ZN2at6native29vectorized_elementwise_kernelILi4EZZZNS0_49_GLOBAL__N__a62a4dcd_16_TensorCompare_cu_71e06f4e19launch_clamp_scalarERNS_18TensorIteratorBaseEN3c106ScalarES6_NS0_6detail11ClampLimitsEENKUlvE_clEvENKUlvE5_clEvEUlfE_St5arrayIPcLy2EELb0EEEviT0_T1_
256,1,conv4,_Z23implicit_convolve_sgemmIffiLi1024ELi5ELi5ELi3ELi3ELi3ELi1ELb0ELb0ELb1EEviiiPKT_iPT0_S2_18kernel_conv_paramsyT1_ffiPKS3_S8_bbii
256,1,relu4,_ZN2at6native29vectorized_elementwise_kernelILi4EZZZNS0_49_GLOBAL__N__a62a4dcd_16_TensorCompare_cu_71e06f4e19launch_clamp_scalarERNS_18TensorIteratorBaseEN3c106ScalarES6_NS0_6detail11ClampLimitsEENKUlvE_clEvENKUlvE5_clEvEUlfE_St5arrayIPcLy2EELb0EEEviT0_T1_
256,1,conv5,_Z23implicit_convolve_sgemmIffiLi1024ELi5ELi5ELi3ELi3ELi3ELi1ELb0ELb0ELb1EEviiiPKT_iPT0_S2_18kernel_conv_paramsyT1_ffiPKS3_S8_bbii
256,1,relu5,_ZN2at6native29vectorized_elementwise_kernelILi4EZZZNS0_49_GLOBAL__N__a62a4dcd_16_TensorCompare_cu_71e06f4e19launch_clamp_scalarERNS_18TensorIteratorBaseEN3c106ScalarES6_NS0_6detail11ClampLimitsEENKUlvE_clEvENKUlvE5_clEvEUlfE_St5arrayIPcLy2EELb0EEEviT0_T1_
256,1,conv6,_Z23implicit_convolve_sgemmIffiLi1024ELi5ELi5ELi3ELi3ELi3ELi1ELb0ELb0ELb1EEviiiPKT_iPT0_S2_18kernel_conv_paramsyT1_ffiPKS3_S8_bbii
256,1,relu6,_ZN2at6native29vectorized_elementwise_kernelILi4EZZZNS0_49_GLOBAL__N__a62a4dcd_16_TensorCompare_cu_71e06f4e19launch_clamp_scalarERNS_18TensorIteratorBaseEN3c106ScalarES6_NS0_6detail11ClampLimitsEENKUlvE_clEvENKUlvE5_clEvEUlfE_St5arrayIPcLy2EELb0EEEviT0_T1_
256,1,global_avg_pool,_ZN2at6native13reduce_kernelILi512ELi1ENS0_8ReduceOpIfNS0_7MeanOpsIffffEEjfLi4ELi4EEEEEvT1_
256,1,fc1,_ZN8internal5gemvx6kernelIiiffffLb0ELb1ELb1ELb0ELi7ELb0E18cublasGemvParamsExIi30cublasGemvTensorStridedBatchedIKfES5_S3_IfEfEEENSt9enable_ifIXntT5_EvE4typeET11_
256,1,relu7,_ZN2at6native29vectorized_elementwise_kernelILi4EZZZNS0_49_GLOBAL__N__a62a4dcd_16_TensorCompare_cu_71e06f4e19launch_clamp_scalarERNS_18TensorIteratorBaseEN3c106ScalarES6_NS0_6detail11ClampLimitsEENKUlvE_clEvENKUlvE5_clEvEUlfE_St5arrayIPcLy2EELb0EEEviT0_T1_
256,1,fc2,_ZN8internal5gemvx6kernelIiiffffLb0ELb1ELb1ELb0ELi7ELb0E18cublasGemvParamsExIi30cublasGemvTensorStridedBatchedIKfES5_S3_IfEfEEENSt9enable_ifIXntT5_EvE4typeET11_
256,2,conv1,_Z23implicit_convolve_sgemmIffiLi1024ELi5ELi5ELi3ELi3ELi3ELi1ELb0ELb0ELb1EEviiiPKT_iPT0_S2_18kernel_conv_paramsyT1_ffiPKS3_S8_bbii
256,2,relu1,_ZN2at6native29vectorized_elementwise_kernelILi4EZZZNS0_49_GLOBAL__N__a62a4dcd_16_TensorCompare_cu_71e06f4e19launch_clamp_scalarERNS_18TensorIteratorBaseEN3c106ScalarES6_NS0_6detail11ClampLimitsEENKUlvE_clEvENKUlvE5_clEvEUlfE_St5arrayIPcLy2EELb0EEEviT0_T1_
256,2,maxpool,_ZN2at6native52_GLOBAL__N__71d79c19_19_DilatedMaxPool2d_cu_9872839c21max_pool_forward_nchwIfiEEvT0_PKT_xxxiiiiiiiiiiPS4_Px
256,2,conv2,_Z23implicit_convolve_sgemmIffiLi1024ELi5ELi5ELi3ELi3ELi3ELi1ELb0ELb0ELb1EEviiiPKT_iPT0_S2_18kernel_conv_paramsyT1_ffiPKS3_S8_bbii
256,2,relu2,_ZN2at6native29vectorized_elementwise_kernelILi4EZZZNS0_49_GLOBAL__N__a62a4dcd_16_TensorCompare_cu_71e06f4e19launch_clamp_scalarERNS_18TensorIteratorBaseEN3c106ScalarES6_NS0_6detail11ClampLimitsEENKUlvE_clEvENKUlvE5_clEvEUlfE_St5arrayIPcLy2EELb0EEEviT0_T1_
256,2,conv3,_Z23implicit_convolve_sgemmIffiLi1024ELi5ELi5ELi3ELi3ELi3ELi1ELb0ELb0ELb1EEviiiPKT_iPT0_S2_18kernel_conv_paramsyT1_ffiPKS3_S8_bbii
256,2,relu3,_ZN2at6native29vectorized_elementwise_kernelILi4EZZZNS0_49_GLOBAL__N__a62a4dcd_16_TensorCompare_cu_71e06f4e19launch_clamp_scalarERNS_18TensorIteratorBaseEN3c106ScalarES6_NS0_6detail11ClampLimitsEENKUlvE_clEvENKUlvE5_clEvEUlfE_St5arrayIPcLy2EELb0EEEviT0_T1_
256,2,conv4,_Z23implicit_convolve_sgemmIffiLi1024ELi5ELi5ELi3ELi3ELi3ELi1ELb0ELb0ELb1EEviiiPKT_iPT0_S2_18kernel_conv_paramsyT1_ffiPKS3_S8_bbii
256,2,relu4,_ZN2at6native29vectorized_elementwise_kernelILi4EZZZNS0_49_GLOBAL__N__a62a4dcd_16_TensorCompare_cu_71e06f4e19launch_clamp_scalarERNS_18TensorIteratorBaseEN3c106ScalarES6_NS0_6detail11ClampLimitsEENKUlvE_clEvENKUlvE5_clEvEUlfE_St5arrayIPcLy2EELb0EEEviT0_T1_
256,2,conv5,_Z23implicit_convolve_sgemmIffiLi1024ELi5ELi5ELi3ELi3ELi3ELi1ELb0ELb0ELb1EEviiiPKT_iPT0_S2_18kernel_conv_paramsyT1_ffiPKS3_S8_bbii
256,2,relu5,_ZN2at6native29vectorized_elementwise_kernelILi4EZZZNS0_49_GLOBAL__N__a62a4dcd_16_TensorCompare_cu_71e06f4e19launch_clamp_scalarERNS_18TensorIteratorBaseEN3c106ScalarES6_NS0_6detail11ClampLimitsEENKUlvE_clEvENKUlvE5_clEvEUlfE_St5arrayIPcLy2EELb0EEEviT0_T1_
256,2,conv6,_Z23implicit_convolve_sgemmIffiLi1024ELi5ELi5ELi3ELi3ELi3ELi1ELb0ELb0ELb1EEviiiPKT_iPT0_S2_18kernel_conv_paramsyT1_ffiPKS3_S8_bbii
256,2,relu6,_ZN2at6native29vectorized_elementwise_kernelILi4EZZZNS0_49_GLOBAL__N__a62a4dcd_16_TensorCompare_cu_71e06f4e19launch_clamp_scalarERNS_18TensorIteratorBaseEN3c106ScalarES6_NS0_6detail11ClampLimitsEENKUlvE_clEvENKUlvE5_clEvEUlfE_St5arrayIPcLy2EELb0EEEviT0_T1_
256,2,global_avg_pool,_ZN2at6native13reduce_kernelILi512ELi1ENS0_8ReduceOpIfNS0_7MeanOpsIffffEEjfLi4ELi4EEEEEvT1_
256,2,fc1,_Z16gemmSN_TN_kernelIfLi128ELi16ELi2ELi4ELi2ELi2ELb1E30cublasGemvTensorStridedBatchedIKfES2_S0_IfEEv22cublasGemmSmallNParamsIT7_T8_T9_T_E
256,2,relu7,_ZN2at6native29vectorized_elementwise_kernelILi4EZZZNS0_49_GLOBAL__N__a62a4dcd_16_TensorCompare_cu_71e06f4e19launch_clamp_scalarERNS_18TensorIteratorBaseEN3c106ScalarES6_NS0_6detail11ClampLimitsEENKUlvE_clEvENKUlvE5_clEvEUlfE_St5arrayIPcLy2EELb0EEEviT0_T1_
256,2,fc2,_Z16gemmSN_TN_kernelIfLi128ELi16ELi2ELi4ELi2ELi2ELb1E30cublasGemvTensorStridedBatchedIKfES2_S0_IfEEv22cublasGemmSmallNParamsIT7_T8_T9_T_E
256,4,conv1,_Z23implicit_convolve_sgemmIffiLi1024ELi5ELi5ELi3ELi3ELi3ELi1ELb0ELb0ELb1EEviiiPKT_iPT0_S2_18kernel_conv_paramsyT1_ffiPKS3_S8_bbii
256,4,relu1,_ZN2at6native29vectorized_elementwise_kernelILi4EZZZNS0_49_GLOBAL__N__a62a4dcd_16_TensorCompare_cu_71e06f4e19launch_clamp_scalarERNS_18TensorIteratorBaseEN3c106ScalarES6_NS0_6detail11ClampLimitsEENKUlvE_clEvENKUlvE5_clEvEUlfE_St5arrayIPcLy2EELb0EEEviT0_T1_
256,4,maxpool,_ZN2at6native52_GLOBAL__N__71d79c19_19_DilatedMaxPool2d_cu_9872839c21max_pool_forward_nchwIfiEEvT0_PKT_xxxiiiiiiiiiiPS4_Px
256,4,conv2,_Z23implicit_convolve_sgemmIffiLi128ELi5ELi5ELi3ELi3ELi3ELi1ELb0ELb0ELb1EEviiiPKT_iPT0_S2_18kernel_conv_paramsyT1_ffiPKS3_S8_bbii
256,4,relu2,_ZN2at6native29vectorized_elementwise_kernelILi4EZZZNS0_49_GLOBAL__N__a62a4dcd_16_TensorCompare_cu_71e06f4e19launch_clamp_scalarERNS_18TensorIteratorBaseEN3c106ScalarES6_NS0_6detail11ClampLimitsEENKUlvE_clEvENKUlvE5_clEvEUlfE_St5arrayIPcLy2EELb0EEEviT0_T1_
256,4,conv3,_Z23implicit_convolve_sgemmIffiLi1024ELi5ELi5ELi3ELi3ELi3ELi1ELb0ELb0ELb1EEviiiPKT_iPT0_S2_18kernel_conv_paramsyT1_ffiPKS3_S8_bbii
256,4,relu3,_ZN2at6native29vectorized_elementwise_kernelILi4EZZZNS0_49_GLOBAL__N__a62a4dcd_16_TensorCompare_cu_71e06f4e19launch_clamp_scalarERNS_18TensorIteratorBaseEN3c106ScalarES6_NS0_6detail11ClampLimitsEENKUlvE_clEvENKUlvE5_clEvEUlfE_St5arrayIPcLy2EELb0EEEviT0_T1_
256,4,conv4,_Z23implicit_convolve_sgemmIffiLi1024ELi5ELi5ELi3ELi3ELi3ELi1ELb0ELb0ELb1EEviiiPKT_iPT0_S2_18kernel_conv_paramsyT1_ffiPKS3_S8_bbii
256,4,relu4,_ZN2at6native29vectorized_elementwise_kernelILi4EZZZNS0_49_GLOBAL__N__a62a4dcd_16_TensorCompare_cu_71e06f4e19launch_clamp_scalarERNS_18TensorIteratorBaseEN3c106ScalarES6_NS0_6detail11ClampLimitsEENKUlvE_clEvENKUlvE5_clEvEUlfE_St5arrayIPcLy2EELb0EEEviT0_T1_
256,4,conv5,_Z23implicit_convolve_sgemmIffiLi1024ELi5ELi5ELi3ELi3ELi3ELi1ELb0ELb0ELb1EEviiiPKT_iPT0_S2_18kernel_conv_paramsyT1_ffiPKS3_S8_bbii
256,4,relu5,_ZN2at6native29vectorized_elementwise_kernelILi4EZZZNS0_49_GLOBAL__N__a62a4dcd_16_TensorCompare_cu_71e06f4e19launch_clamp_scalarERNS_18TensorIteratorBaseEN3c106ScalarES6_NS0_6detail11ClampLimitsEENKUlvE_clEvENKUlvE5_clEvEUlfE_St5arrayIPcLy2EELb0EEEviT0_T1_
256,4,conv6,_Z23implicit_convolve_sgemmIffiLi1024ELi5ELi5ELi3ELi3ELi3ELi1ELb0ELb0ELb1EEviiiPKT_iPT0_S2_18kernel_conv_paramsyT1_ffiPKS3_S8_bbii
256,4,relu6,_ZN2at6native29vectorized_elementwise_kernelILi4EZZZNS0_49_GLOBAL__N__a62a4dcd_16_TensorCompare_cu_71e06f4e19launch_clamp_scalarERNS_18TensorIteratorBaseEN3c106ScalarES6_NS0_6detail11ClampLimitsEENKUlvE_clEvENKUlvE5_clEvEUlfE_St5arrayIPcLy2EELb0EEEviT0_T1_
256,4,global_avg_pool,_ZN2at6native13reduce_kernelILi512ELi1ENS0_8ReduceOpIfNS0_7MeanOpsIffffEEjfLi4ELi4EEEEEvT1_
256,4,fc1,_Z16gemmSN_TN_kernelIfLi128ELi16ELi2ELi4ELi4ELi4ELb1E30cublasGemvTensorStridedBatchedIKfES2_S0_IfEEv22cublasGemmSmallNParamsIT7_T8_T9_T_E
256,4,relu7,_ZN2at6native29vectorized_elementwise_kernelILi4EZZZNS0_49_GLOBAL__N__a62a4dcd_16_TensorCompare_cu_71e06f4e19launch_clamp_scalarERNS_18TensorIteratorBaseEN3c106ScalarES6_NS0_6detail11ClampLimitsEENKUlvE_clEvENKUlvE5_clEvEUlfE_St5arrayIPcLy2EELb0EEEviT0_T1_
256,4,fc2,_Z16gemmSN_TN_kernelIfLi128ELi16ELi2ELi4ELi4ELi4ELb1E30cublasGemvTensorStridedBatchedIKfES2_S0_IfEEv22cublasGemmSmallNParamsIT7_T8_T9_T_E
256,8,conv1,_Z23implicit_convolve_sgemmIffiLi1024ELi5ELi5ELi3ELi3ELi3ELi1ELb0ELb0ELb1EEviiiPKT_iPT0_S2_18kernel_conv_paramsyT1_ffiPKS3_S8_bbii
256,8,relu1,_ZN2at6native29vectorized_elementwise_kernelILi4EZZZNS0_49_GLOBAL__N__a62a4dcd_16_TensorCompare_cu_71e06f4e19launch_clamp_scalarERNS_18TensorIteratorBaseEN3c106ScalarES6_NS0_6detail11ClampLimitsEENKUlvE_clEvENKUlvE5_clEvEUlfE_St5arrayIPcLy2EELb0EEEviT0_T1_
256,8,maxpool,_ZN2at6native52_GLOBAL__N__71d79c19_19_DilatedMaxPool2d_cu_9872839c21max_pool_forward_nchwIfiEEvT0_PKT_xxxiiiiiiiiiiPS4_Px
256,8,conv2,_ZN5cudnn17winograd_nonfused26winogradForwardData9x9_5x5IffEEvNS0_18WinogradDataParamsIT_T0_EE
256,8,conv2,_ZN5cudnn17winograd_nonfused28winogradForwardFilter9x9_5x5IffEEvNS0_20WinogradFilterParamsIT_T0_EE
256,8,conv2,_Z20magma_sgemmEx_kernelIfffLb0ELb0ELi6ELi3ELi5ELi3ELi3EEviii13BatchedTensoriS0_iS0_iS0_iiiPKT_S3_S1_S1_i18cublasLtEpilogue_tiPKvx
256,8,conv2,_ZN5cudnn17winograd_nonfused28winogradForwardOutput9x9_5x5IffEEvNS0_20WinogradOutputParamsIT_T0_EE
256,8,relu2,_ZN2at6native29vectorized_elementwise_kernelILi4EZZZNS0_49_GLOBAL__N__a62a4dcd_16_TensorCompare_cu_71e06f4e19launch_clamp_scalarERNS_18TensorIteratorBaseEN3c106ScalarES6_NS0_6detail11ClampLimitsEENKUlvE_clEvENKUlvE5_clEvEUlfE_St5arrayIPcLy2EELb0EEEviT0_T1_
256,8,conv3,_Z23implicit_convolve_sgemmIffiLi128ELi5ELi5ELi3ELi3ELi3ELi1ELb0ELb0ELb1EEviiiPKT_iPT0_S2_18kernel_conv_paramsyT1_ffiPKS3_S8_bbii
256,8,relu3,_ZN2at6native29vectorized_elementwise_kernelILi4EZZZNS0_49_GLOBAL__N__a62a4dcd_16_TensorCompare_cu_71e06f4e19launch_clamp_scalarERNS_18TensorIteratorBaseEN3c106ScalarES6_NS0_6detail11ClampLimitsEENKUlvE_clEvENKUlvE5_clEvEUlfE_St5arrayIPcLy2EELb0EEEviT0_T1_
256,8,conv4,_Z23implicit_convolve_sgemmIffiLi1024ELi5ELi5ELi3ELi3ELi3ELi1ELb0ELb0ELb1EEviiiPKT_iPT0_S2_18kernel_conv_paramsyT1_ffiPKS3_S8_bbii
256,8,relu4,_ZN2at6native29vectorized_elementwise_kernelILi4EZZZNS0_49_GLOBAL__N__a62a4dcd_16_TensorCompare_cu_71e06f4e19launch_clamp_scalarERNS_18TensorIteratorBaseEN3c106ScalarES6_NS0_6detail11ClampLimitsEENKUlvE_clEvENKUlvE5_clEvEUlfE_St5arrayIPcLy2EELb0EEEviT0_T1_
256,8,conv5,_Z23implicit_convolve_sgemmIffiLi1024ELi5ELi5ELi3ELi3ELi3ELi1ELb0ELb0ELb1EEviiiPKT_iPT0_S2_18kernel_conv_paramsyT1_ffiPKS3_S8_bbii
256,8,relu5,_ZN2at6native29vectorized_elementwise_kernelILi4EZZZNS0_49_GLOBAL__N__a62a4dcd_16_TensorCompare_cu_71e06f4e19launch_clamp_scalarERNS_18TensorIteratorBaseEN3c106ScalarES6_NS0_6detail11ClampLimitsEENKUlvE_clEvENKUlvE5_clEvEUlfE_St5arrayIPcLy2EELb0EEEviT0_T1_
256,8,conv6,_Z23implicit_convolve_sgemmIffiLi1024ELi5ELi5ELi3ELi3ELi3ELi1ELb0ELb0ELb1EEviiiPKT_iPT0_S2_18kernel_conv_paramsyT1_ffiPKS3_S8_bbii
256,8,relu6,_ZN2at6native29vectorized_elementwise_kernelILi4EZZZNS0_49_GLOBAL__N__a62a4dcd_16_TensorCompare_cu_71e06f4e19launch_clamp_scalarERNS_18TensorIteratorBaseEN3c106ScalarES6_NS0_6detail11ClampLimitsEENKUlvE_clEvENKUlvE5_clEvEUlfE_St5arrayIPcLy2EELb0EEEviT0_T1_
256,8,global_avg_pool,_ZN2at6native13reduce_kernelILi512ELi1ENS0_8ReduceOpIfNS0_7MeanOpsIffffEEjfLi4ELi4EEEEEvT1_
256,8,fc1,_Z16gemmSN_TN_kernelIfLi128ELi16ELi2ELi4ELi8ELi9ELb0E30cublasGemvTensorStridedBatchedIKfES2_S0_IfEEv22cublasGemmSmallNParamsIT7_T8_T9_T_E
256,8,relu7,_ZN2at6native29vectorized_elementwise_kernelILi4EZZZNS0_49_GLOBAL__N__a62a4dcd_16_TensorCompare_cu_71e06f4e19launch_clamp_scalarERNS_18TensorIteratorBaseEN3c106ScalarES6_NS0_6detail11ClampLimitsEENKUlvE_clEvENKUlvE5_clEvEUlfE_St5arrayIPcLy2EELb0EEEviT0_T1_
256,8,fc2,_Z16gemmSN_TN_kernelIfLi128ELi16ELi2ELi4ELi8ELi9ELb0E30cublasGemvTensorStridedBatchedIKfES2_S0_IfEEv22cublasGemmSmallNParamsIT7_T8_T9_T_E
256,16,conv1,_Z23implicit_convolve_sgemmIffiLi1024ELi5ELi5ELi3ELi3ELi3ELi1ELb0ELb0ELb1EEviiiPKT_iPT0_S2_18kernel_conv_paramsyT1_ffiPKS3_S8_bbii
256,16,relu1,_ZN2at6native29vectorized_elementwise_kernelILi4EZZZNS0_49_GLOBAL__N__a62a4dcd_16_TensorCompare_cu_71e06f4e19launch_clamp_scalarERNS_18TensorIteratorBaseEN3c106ScalarES6_NS0_6detail11ClampLimitsEENKUlvE_clEvENKUlvE5_clEvEUlfE_St5arrayIPcLy2EELb0EEEviT0_T1_
256,16,maxpool,_ZN2at6native52_GLOBAL__N__71d79c19_19_DilatedMaxPool2d_cu_9872839c21max_pool_forward_nchwIfiEEvT0_PKT_xxxiiiiiiiiiiPS4_Px
256,16,conv2,_ZN5cudnn17winograd_nonfused26winogradForwardData9x9_5x5IffEEvNS0_18WinogradDataParamsIT_T0_EE
256,16,conv2,_ZN5cudnn17winograd_nonfused28winogradForwardFilter9x9_5x5IffEEvNS0_20WinogradFilterParamsIT_T0_EE
256,16,conv2,_Z20magma_sgemmEx_kernelIfffLb0ELb0ELi6ELi3ELi5ELi3ELi3EEviii13BatchedTensoriS0_iS0_iS0_iiiPKT_S3_S1_S1_i18cublasLtEpilogue_tiPKvx
256,16,conv2,_ZN5cudnn17winograd_nonfused28winogradForwardOutput9x9_5x5IffEEvNS0_20WinogradOutputParamsIT_T0_EE
256,16,relu2,_ZN2at6native29vectorized_elementwise_kernelILi4EZZZNS0_49_GLOBAL__N__a62a4dcd_16_TensorCompare_cu_71e06f4e19launch_clamp_scalarERNS_18TensorIteratorBaseEN3c106ScalarES6_NS0_6detail11ClampLimitsEENKUlvE_clEvENKUlvE5_clEvEUlfE_St5arrayIPcLy2EELb0EEEviT0_T1_
256,16,conv3,_Z23implicit_convolve_sgemmIffiLi512ELi6ELi8ELi3ELi3ELi5ELi1ELb0ELb0ELb1EEviiiPKT_iPT0_S2_18kernel_conv_paramsyT1_ffiPKS3_S8_bbii
256,16,relu3,_ZN2at6native29vectorized_elementwise_kernelILi4EZZZNS0_49_GLOBAL__N__a62a4dcd_16_TensorCompare_cu_71e06f4e19launch_clamp_scalarERNS_18TensorIteratorBaseEN3c106ScalarES6_NS0_6detail11ClampLimitsEENKUlvE_clEvENKUlvE5_clEvEUlfE_St5arrayIPcLy2EELb0EEEviT0_T1_
256,16,conv4,_Z23implicit_convolve_sgemmIffiLi1024ELi5ELi5ELi3ELi3ELi3ELi1ELb0ELb0ELb1EEviiiPKT_iPT0_S2_18kernel_conv_paramsyT1_ffiPKS3_S8_bbii
256,16,relu4,_ZN2at6native29vectorized_elementwise_kernelILi4EZZZNS0_49_GLOBAL__N__a62a4dcd_16_TensorCompare_cu_71e06f4e19launch_clamp_scalarERNS_18TensorIteratorBaseEN3c106ScalarES6_NS0_6detail11ClampLimitsEENKUlvE_clEvENKUlvE5_clEvEUlfE_St5arrayIPcLy2EELb0EEEviT0_T1_
256,16,conv5,_ZN5cudnn3cnn23kern_precompute_indicesILb0EEEvPiiiiii
256,16,conv5,_Z26precomputed_convolve_sgemmIfiLi512ELi6ELi7ELi4ELi3ELi5ELi1ELb0EEviiiPKT_iPS0_S2_18kernel_conv_paramsyT0_ffibbS2_S2_Pi
256,16,conv5,_Z23implicit_convolve_sgemmIffiLi128ELi6ELi7ELi3ELi3ELi5ELi1ELb0ELb0ELb1EEviiiPKT_iPT0_S2_18kernel_conv_paramsyT1_ffiPKS3_S8_bbii
256,16,conv5,_Z23implicit_convolve_sgemmIffiLi128ELi6ELi7ELi3ELi3ELi5ELi1ELb0ELb0ELb1EEviiiPKT_iPT0_S2_18kernel_conv_paramsyT1_ffiPKS3_S8_bbii
256,16,relu5,_ZN2at6native29vectorized_elementwise_kernelILi4EZZZNS0_49_GLOBAL__N__a62a4dcd_16_TensorCompare_cu_71e06f4e19launch_clamp_scalarERNS_18TensorIteratorBaseEN3c106ScalarES6_NS0_6detail11ClampLimitsEENKUlvE_clEvENKUlvE5_clEvEUlfE_St5arrayIPcLy2EELb0EEEviT0_T1_
256,16,conv6,_ZN5cudnn3cnn23kern_precompute_indicesILb0EEEvPiiiiii
256,16,conv6,_Z26precomputed_convolve_sgemmIfiLi512ELi6ELi7ELi4ELi3ELi5ELi1ELb0EEviiiPKT_iPS0_S2_18kernel_conv_paramsyT0_ffibbS2_S2_Pi
256,16,relu6,_ZN2at6native29vectorized_elementwise_kernelILi4EZZZNS0_49_GLOBAL__N__a62a4dcd_16_TensorCompare_cu_71e06f4e19launch_clamp_scalarERNS_18TensorIteratorBaseEN3c106ScalarES6_NS0_6detail11ClampLimitsEENKUlvE_clEvENKUlvE5_clEvEUlfE_St5arrayIPcLy2EELb0EEEviT0_T1_
256,16,global_avg_pool,_ZN2at6native13reduce_kernelILi512ELi1ENS0_8ReduceOpIfNS0_7MeanOpsIffffEEjfLi4ELi4EEEEEvT1_
256,16,fc1,_Z16gemmSN_TN_kernelIfLi128ELi16ELi2ELi4ELi8ELi9ELb0E30cublasGemvTensorStridedBatchedIKfES2_S0_IfEEv22cublasGemmSmallNParamsIT7_T8_T9_T_E
256,16,relu7,_ZN2at6native29vectorized_elementwise_kernelILi4EZZZNS0_49_GLOBAL__N__a62a4dcd_16_TensorCompare_cu_71e06f4e19launch_clamp_scalarERNS_18TensorIteratorBaseEN3c106ScalarES6_NS0_6detail11ClampLimitsEENKUlvE_clEvENKUlvE5_clEvEUlfE_St5arrayIPcLy2EELb0EEEviT0_T1_
256,16,fc2,_Z16gemmSN_TN_kernelIfLi128ELi16ELi2ELi4ELi8ELi9ELb0E30cublasGemvTensorStridedBatchedIKfES2_S0_IfEEv22cublasGemmSmallNParamsIT7_T8_T9_T_E
256,32,conv1,_Z23implicit_convolve_sgemmIffiLi1024ELi5ELi5ELi3ELi3ELi3ELi1ELb0ELb0ELb1EEviiiPKT_iPT0_S2_18kernel_conv_paramsyT1_ffiPKS3_S8_bbii
256,32,relu1,_ZN2at6native29vectorized_elementwise_kernelILi4EZZZNS0_49_GLOBAL__N__a62a4dcd_16_TensorCompare_cu_71e06f4e19launch_clamp_scalarERNS_18TensorIteratorBaseEN3c106ScalarES6_NS0_6detail11ClampLimitsEENKUlvE_clEvENKUlvE5_clEvEUlfE_St5arrayIPcLy2EELb0EEEviT0_T1_
256,32,maxpool,_ZN2at6native52_GLOBAL__N__71d79c19_19_DilatedMaxPool2d_cu_9872839c21max_pool_forward_nchwIfiEEvT0_PKT_xxxiiiiiiiiiiPS4_Px
256,32,conv2,_Z23implicit_convolve_sgemmIffiLi1024ELi5ELi5ELi3ELi3ELi3ELi1ELb0ELb0ELb1EEviiiPKT_iPT0_S2_18kernel_conv_paramsyT1_ffiPKS3_S8_bbii
256,32,relu2,_ZN2at6native29vectorized_elementwise_kernelILi4EZZZNS0_49_GLOBAL__N__a62a4dcd_16_TensorCompare_cu_71e06f4e19launch_clamp_scalarERNS_18TensorIteratorBaseEN3c106ScalarES6_NS0_6detail11ClampLimitsEENKUlvE_clEvENKUlvE5_clEvEUlfE_St5arrayIPcLy2EELb0EEEviT0_T1_
256,32,conv3,_Z23implicit_convolve_sgemmIffiLi512ELi6ELi8ELi3ELi3ELi5ELi1ELb0ELb0ELb1EEviiiPKT_iPT0_S2_18kernel_conv_paramsyT1_ffiPKS3_S8_bbii
256,32,relu3,_ZN2at6native29vectorized_elementwise_kernelILi4EZZZNS0_49_GLOBAL__N__a62a4dcd_16_TensorCompare_cu_71e06f4e19launch_clamp_scalarERNS_18TensorIteratorBaseEN3c106ScalarES6_NS0_6detail11ClampLimitsEENKUlvE_clEvENKUlvE5_clEvEUlfE_St5arrayIPcLy2EELb0EEEviT0_T1_
256,32,conv4,_Z23implicit_convolve_sgemmIffiLi1024ELi5ELi5ELi3ELi3ELi3ELi1ELb0ELb0ELb1EEviiiPKT_iPT0_S2_18kernel_conv_paramsyT1_ffiPKS3_S8_bbii
256,32,relu4,_ZN2at6native29vectorized_elementwise_kernelILi4EZZZNS0_49_GLOBAL__N__a62a4dcd_16_TensorCompare_cu_71e06f4e19launch_clamp_scalarERNS_18TensorIteratorBaseEN3c106ScalarES6_NS0_6detail11ClampLimitsEENKUlvE_clEvENKUlvE5_clEvEUlfE_St5arrayIPcLy2EELb0EEEviT0_T1_
256,32,conv5,_Z23implicit_convolve_sgemmIffiLi512ELi6ELi8ELi3ELi3ELi5ELi1ELb0ELb0ELb1EEviiiPKT_iPT0_S2_18kernel_conv_paramsyT1_ffiPKS3_S8_bbii
256,32,relu5,_ZN2at6native29vectorized_elementwise_kernelILi4EZZZNS0_49_GLOBAL__N__a62a4dcd_16_TensorCompare_cu_71e06f4e19launch_clamp_scalarERNS_18TensorIteratorBaseEN3c106ScalarES6_NS0_6detail11ClampLimitsEENKUlvE_clEvENKUlvE5_clEvEUlfE_St5arrayIPcLy2EELb0EEEviT0_T1_
256,32,conv6,_ZN5cudnn3cnn23kern_precompute_indicesILb0EEEvPiiiiii
256,32,conv6,_Z26precomputed_convolve_sgemmIfiLi512ELi6ELi7ELi4ELi3ELi5ELi1ELb0EEviiiPKT_iPS0_S2_18kernel_conv_paramsyT0_ffibbS2_S2_Pi
256,32,relu6,_ZN2at6native29vectorized_elementwise_kernelILi4EZZZNS0_49_GLOBAL__N__a62a4dcd_16_TensorCompare_cu_71e06f4e19launch_clamp_scalarERNS_18TensorIteratorBaseEN3c106ScalarES6_NS0_6detail11ClampLimitsEENKUlvE_clEvENKUlvE5_clEvEUlfE_St5arrayIPcLy2EELb0EEEviT0_T1_
256,32,global_avg_pool,_ZN2at6native13reduce_kernelILi512ELi1ENS0_8ReduceOpIfNS0_7MeanOpsIffffEEjfLi4ELi4EEEEEvT1_
256,32,fc1,_ZN7cutlass7Kernel2I41cutlass_80_simt_sgemm_64x64_8x5_tn_align1EEvNT_6ParamsE
256,32,fc1,_ZN8cublasLt19splitKreduce_kernelILi32ELi16EiffffLb0EfffLb1ELb1ELb0ELb0EEEvNS_18cublasSplitKParamsIT4_EEPKT2_PKT8_PT7_PT3_PKS2_SF_PKT9_S6_PSG_PvxPS2_PiSL_SL_SF_SF_SF_SF_SF_
256,32,relu7,_ZN2at6native29vectorized_elementwise_kernelILi4EZZZNS0_49_GLOBAL__N__a62a4dcd_16_TensorCompare_cu_71e06f4e19launch_clamp_scalarERNS_18TensorIteratorBaseEN3c106ScalarES6_NS0_6detail11ClampLimitsEENKUlvE_clEvENKUlvE5_clEvEUlfE_St5arrayIPcLy2EELb0EEEviT0_T1_
256,32,fc2,_ZN7cutlass7Kernel2I41cutlass_80_simt_sgemm_64x64_8x5_tn_align1EEvNT_6ParamsE
256,32,fc2,_ZN8cublasLt19splitKreduce_kernelILi32ELi16EiffffLb0EfffLb1ELb1ELb0ELb0EEEvNS_18cublasSplitKParamsIT4_EEPKT2_PKT8_PT7_PT3_PKS2_SF_PKT9_S6_PSG_PvxPS2_PiSL_SL_SF_SF_SF_SF_SF_
256,64,conv1,_Z23implicit_convolve_sgemmIffiLi1024ELi5ELi5ELi3ELi3ELi3ELi1ELb0ELb0ELb1EEviiiPKT_iPT0_S2_18kernel_conv_paramsyT1_ffiPKS3_S8_bbii
256,64,relu1,_ZN2at6native29vectorized_elementwise_kernelILi4EZZZNS0_49_GLOBAL__N__a62a4dcd_16_TensorCompare_cu_71e06f4e19launch_clamp_scalarERNS_18TensorIteratorBaseEN3c106ScalarES6_NS0_6detail11ClampLimitsEENKUlvE_clEvENKUlvE5_clEvEUlfE_St5arrayIPcLy2EELb0EEEviT0_T1_
256,64,maxpool,_ZN2at6native52_GLOBAL__N__71d79c19_19_DilatedMaxPool2d_cu_9872839c21max_pool_forward_nchwIfiEEvT0_PKT_xxxiiiiiiiiiiPS4_Px
256,64,conv2,_Z23implicit_convolve_sgemmIffiLi1024ELi5ELi5ELi3ELi3ELi3ELi1ELb0ELb0ELb1EEviiiPKT_iPT0_S2_18kernel_conv_paramsyT1_ffiPKS3_S8_bbii
256,64,relu2,_ZN2at6native29vectorized_elementwise_kernelILi4EZZZNS0_49_GLOBAL__N__a62a4dcd_16_TensorCompare_cu_71e06f4e19launch_clamp_scalarERNS_18TensorIteratorBaseEN3c106ScalarES6_NS0_6detail11ClampLimitsEENKUlvE_clEvENKUlvE5_clEvEUlfE_St5arrayIPcLy2EELb0EEEviT0_T1_
256,64,conv3,_Z23implicit_convolve_sgemmIffiLi512ELi6ELi8ELi3ELi3ELi5ELi1ELb0ELb0ELb1EEviiiPKT_iPT0_S2_18kernel_conv_paramsyT1_ffiPKS3_S8_bbii
256,64,relu3,_ZN2at6native29vectorized_elementwise_kernelILi4EZZZNS0_49_GLOBAL__N__a62a4dcd_16_TensorCompare_cu_71e06f4e19launch_clamp_scalarERNS_18TensorIteratorBaseEN3c106ScalarES6_NS0_6detail11ClampLimitsEENKUlvE_clEvENKUlvE5_clEvEUlfE_St5arrayIPcLy2EELb0EEEviT0_T1_
256,64,conv4,_Z23implicit_convolve_sgemmIffiLi1024ELi5ELi5ELi3ELi3ELi3ELi1ELb0ELb0ELb1EEviiiPKT_iPT0_S2_18kernel_conv_paramsyT1_ffiPKS3_S8_bbii
256,64,relu4,_ZN2at6native29vectorized_elementwise_kernelILi4EZZZNS0_49_GLOBAL__N__a62a4dcd_16_TensorCompare_cu_71e06f4e19launch_clamp_scalarERNS_18TensorIteratorBaseEN3c106ScalarES6_NS0_6detail11ClampLimitsEENKUlvE_clEvENKUlvE5_clEvEUlfE_St5arrayIPcLy2EELb0EEEviT0_T1_
256,64,conv5,_Z23implicit_convolve_sgemmIffiLi512ELi6ELi8ELi3ELi3ELi5ELi1ELb0ELb0ELb1EEviiiPKT_iPT0_S2_18kernel_conv_paramsyT1_ffiPKS3_S8_bbii
256,64,relu5,_ZN2at6native29vectorized_elementwise_kernelILi4EZZZNS0_49_GLOBAL__N__a62a4dcd_16_TensorCompare_cu_71e06f4e19launch_clamp_scalarERNS_18TensorIteratorBaseEN3c106ScalarES6_NS0_6detail11ClampLimitsEENKUlvE_clEvENKUlvE5_clEvEUlfE_St5arrayIPcLy2EELb0EEEviT0_T1_
256,64,conv6,_ZN5cudnn3cnn23kern_precompute_indicesILb0EEEvPiiiiii
256,64,conv6,_Z26precomputed_convolve_sgemmIfiLi512ELi6ELi7ELi4ELi3ELi5ELi1ELb0EEviiiPKT_iPS0_S2_18kernel_conv_paramsyT0_ffibbS2_S2_Pi
256,64,relu6,_ZN2at6native29vectorized_elementwise_kernelILi4EZZZNS0_49_GLOBAL__N__a62a4dcd_16_TensorCompare_cu_71e06f4e19launch_clamp_scalarERNS_18TensorIteratorBaseEN3c106ScalarES6_NS0_6detail11ClampLimitsEENKUlvE_clEvENKUlvE5_clEvEUlfE_St5arrayIPcLy2EELb0EEEviT0_T1_
256,64,global_avg_pool,_ZN2at6native13reduce_kernelILi512ELi1ENS0_8ReduceOpIfNS0_7MeanOpsIffffEEjfLi4ELi4EEEEEvT1_
256,64,fc1,_ZN7cutlass7Kernel2I41cutlass_80_simt_sgemm_64x64_8x5_tn_align1EEvNT_6ParamsE
256,64,fc1,_ZN8cublasLt19splitKreduce_kernelILi32ELi16EiffffLb0EfffLb1ELb1ELb0ELb0EEEvNS_18cublasSplitKParamsIT4_EEPKT2_PKT8_PT7_PT3_PKS2_SF_PKT9_S6_PSG_PvxPS2_PiSL_SL_SF_SF_SF_SF_SF_
256,64,relu7,_ZN2at6native29vectorized_elementwise_kernelILi4EZZZNS0_49_GLOBAL__N__a62a4dcd_16_TensorCompare_cu_71e06f4e19launch_clamp_scalarERNS_18TensorIteratorBaseEN3c106ScalarES6_NS0_6detail11ClampLimitsEENKUlvE_clEvENKUlvE5_clEvEUlfE_St5arrayIPcLy2EELb0EEEviT0_T1_
256,64,fc2,_ZN7cutlass7Kernel2I41cutlass_80_simt_sgemm_64x64_8x5_tn_align1EEvNT_6ParamsE
256,64,fc2,_ZN8cublasLt19splitKreduce_kernelILi32ELi16EiffffLb0EfffLb1ELb1ELb0ELb0EEEvNS_18cublasSplitKParamsIT4_EEPKT2_PKT8_PT7_PT3_PKS2_SF_PKT9_S6_PSG_PvxPS2_PiSL_SL_SF_SF_SF_SF_SF_
256,95,conv1,_Z23implicit_convolve_sgemmIffiLi1024ELi5ELi5ELi3ELi3ELi3ELi1ELb0ELb0ELb1EEviiiPKT_iPT0_S2_18kernel_conv_paramsyT1_ffiPKS3_S8_bbii
256,95,relu1,_ZN2at6native29vectorized_elementwise_kernelILi4EZZZNS0_49_GLOBAL__N__a62a4dcd_16_TensorCompare_cu_71e06f4e19launch_clamp_scalarERNS_18TensorIteratorBaseEN3c106ScalarES6_NS0_6detail11ClampLimitsEENKUlvE_clEvENKUlvE5_clEvEUlfE_St5arrayIPcLy2EELb0EEEviT0_T1_
256,95,maxpool,_ZN2at6native52_GLOBAL__N__71d79c19_19_DilatedMaxPool2d_cu_9872839c21max_pool_forward_nchwIfiEEvT0_PKT_xxxiiiiiiiiiiPS4_Px
256,95,conv2,_Z23implicit_convolve_sgemmIffiLi1024ELi5ELi5ELi3ELi3ELi3ELi1ELb0ELb0ELb1EEviiiPKT_iPT0_S2_18kernel_conv_paramsyT1_ffiPKS3_S8_bbii
256,95,relu2,_ZN2at6native29vectorized_elementwise_kernelILi4EZZZNS0_49_GLOBAL__N__a62a4dcd_16_TensorCompare_cu_71e06f4e19launch_clamp_scalarERNS_18TensorIteratorBaseEN3c106ScalarES6_NS0_6detail11ClampLimitsEENKUlvE_clEvENKUlvE5_clEvEUlfE_St5arrayIPcLy2EELb0EEEviT0_T1_
256,95,conv3,_Z23implicit_convolve_sgemmIffiLi512ELi6ELi8ELi3ELi3ELi5ELi1ELb0ELb0ELb1EEviiiPKT_iPT0_S2_18kernel_conv_paramsyT1_ffiPKS3_S8_bbii
256,95,relu3,_ZN2at6native29vectorized_elementwise_kernelILi4EZZZNS0_49_GLOBAL__N__a62a4dcd_16_TensorCompare_cu_71e06f4e19launch_clamp_scalarERNS_18TensorIteratorBaseEN3c106ScalarES6_NS0_6detail11ClampLimitsEENKUlvE_clEvENKUlvE5_clEvEUlfE_St5arrayIPcLy2EELb0EEEviT0_T1_
256,95,conv4,_ZN5cudnn3cnn23kern_precompute_indicesILb0EEEvPiiiiii
256,95,conv4,_Z26precomputed_convolve_sgemmIfiLi512ELi6ELi7ELi4ELi3ELi5ELi1ELb0EEviiiPKT_iPS0_S2_18kernel_conv_paramsyT0_ffibbS2_S2_Pi
256,95,relu4,_ZN2at6native29vectorized_elementwise_kernelILi4EZZZNS0_49_GLOBAL__N__a62a4dcd_16_TensorCompare_cu_71e06f4e19launch_clamp_scalarERNS_18TensorIteratorBaseEN3c106ScalarES6_NS0_6detail11ClampLimitsEENKUlvE_clEvENKUlvE5_clEvEUlfE_St5arrayIPcLy2EELb0EEEviT0_T1_
256,95,conv5,_Z23implicit_convolve_sgemmIffiLi512ELi6ELi8ELi3ELi3ELi5ELi1ELb0ELb0ELb1EEviiiPKT_iPT0_S2_18kernel_conv_paramsyT1_ffiPKS3_S8_bbii
256,95,relu5,_ZN2at6native29vectorized_elementwise_kernelILi4EZZZNS0_49_GLOBAL__N__a62a4dcd_16_TensorCompare_cu_71e06f4e19launch_clamp_scalarERNS_18TensorIteratorBaseEN3c106ScalarES6_NS0_6detail11ClampLimitsEENKUlvE_clEvENKUlvE5_clEvEUlfE_St5arrayIPcLy2EELb0EEEviT0_T1_
256,95,conv6,_ZN5cudnn3cnn23kern_precompute_indicesILb0EEEvPiiiiii
256,95,conv6,_Z26precomputed_convolve_sgemmIfiLi512ELi6ELi7ELi4ELi3ELi5ELi1ELb0EEviiiPKT_iPS0_S2_18kernel_conv_paramsyT0_ffibbS2_S2_Pi
256,95,relu6,_ZN2at6native29vectorized_elementwise_kernelILi4EZZZNS0_49_GLOBAL__N__a62a4dcd_16_TensorCompare_cu_71e06f4e19launch_clamp_scalarERNS_18TensorIteratorBaseEN3c106ScalarES6_NS0_6detail11ClampLimitsEENKUlvE_clEvENKUlvE5_clEvEUlfE_St5arrayIPcLy2EELb0EEEviT0_T1_
256,95,global_avg_pool,_ZN2at6native13reduce_kernelILi512ELi1ENS0_8ReduceOpIfNS0_7MeanOpsIffffEEjfLi4ELi4EEEEEvT1_
256,95,fc1,_ZN7cutlass7Kernel2I41cutlass_80_simt_sgemm_64x64_8x5_tn_align1EEvNT_6ParamsE
256,95,fc1,_ZN8cublasLt19splitKreduce_kernelILi32ELi16EiffffLb0EfffLb1ELb1ELb0ELb0EEEvNS_18cublasSplitKParamsIT4_EEPKT2_PKT8_PT7_PT3_PKS2_SF_PKT9_S6_PSG_PvxPS2_PiSL_SL_SF_SF_SF_SF_SF_
256,95,relu7,_ZN2at6native29vectorized_elementwise_kernelILi4EZZZNS0_49_GLOBAL__N__a62a4dcd_16_TensorCompare_cu_71e06f4e19launch_clamp_scalarERNS_18TensorIteratorBaseEN3c106ScalarES6_NS0_6detail11ClampLimitsEENKUlvE_clEvENKUlvE5_clEvEUlfE_St5arrayIPcLy2EELb0EEEviT0_T1_
256,95,fc2,_ZN7cutlass7Kernel2I41cutlass_80_simt_sgemm_64x64_8x5_tn_align1EEvNT_6ParamsE
256,95,fc2,_ZN8cublasLt19splitKreduce_kernelILi32ELi16EiffffLb0EfffLb1ELb1ELb0ELb0EEEvNS_18cublasSplitKParamsIT4_EEPKT2_PKT8_PT7_PT3_PKS2_SF_PKT9_S6_PSG_PvxPS2_PiSL_SL_SF_SF_SF_SF_SF_
256,98,conv1,_Z23implicit_convolve_sgemmIffiLi1024ELi5ELi5ELi3ELi3ELi3ELi1ELb0ELb0ELb1EEviiiPKT_iPT0_S2_18kernel_conv_paramsyT1_ffiPKS3_S8_bbii
256,98,relu1,_ZN2at6native29vectorized_elementwise_kernelILi4EZZZNS0_49_GLOBAL__N__a62a4dcd_16_TensorCompare_cu_71e06f4e19launch_clamp_scalarERNS_18TensorIteratorBaseEN3c106ScalarES6_NS0_6detail11ClampLimitsEENKUlvE_clEvENKUlvE5_clEvEUlfE_St5arrayIPcLy2EELb0EEEviT0_T1_
256,98,maxpool,_ZN2at6native52_GLOBAL__N__71d79c19_19_DilatedMaxPool2d_cu_9872839c21max_pool_forward_nchwIfiEEvT0_PKT_xxxiiiiiiiiiiPS4_Px
256,98,conv2,_Z23implicit_convolve_sgemmIffiLi1024ELi5ELi5ELi3ELi3ELi3ELi1ELb0ELb0ELb1EEviiiPKT_iPT0_S2_18kernel_conv_paramsyT1_ffiPKS3_S8_bbii
256,98,relu2,_ZN2at6native29vectorized_elementwise_kernelILi4EZZZNS0_49_GLOBAL__N__a62a4dcd_16_TensorCompare_cu_71e06f4e19launch_clamp_scalarERNS_18TensorIteratorBaseEN3c106ScalarES6_NS0_6detail11ClampLimitsEENKUlvE_clEvENKUlvE5_clEvEUlfE_St5arrayIPcLy2EELb0EEEviT0_T1_
256,98,conv3,_Z23implicit_convolve_sgemmIffiLi512ELi6ELi8ELi3ELi3ELi5ELi1ELb0ELb0ELb1EEviiiPKT_iPT0_S2_18kernel_conv_paramsyT1_ffiPKS3_S8_bbii
256,98,relu3,_ZN2at6native29vectorized_elementwise_kernelILi4EZZZNS0_49_GLOBAL__N__a62a4dcd_16_TensorCompare_cu_71e06f4e19launch_clamp_scalarERNS_18TensorIteratorBaseEN3c106ScalarES6_NS0_6detail11ClampLimitsEENKUlvE_clEvENKUlvE5_clEvEUlfE_St5arrayIPcLy2EELb0EEEviT0_T1_
256,98,conv4,_ZN5cudnn3cnn23kern_precompute_indicesILb0EEEvPiiiiii
256,98,conv4,_Z26precomputed_convolve_sgemmIfiLi512ELi6ELi7ELi4ELi3ELi5ELi1ELb0EEviiiPKT_iPS0_S2_18kernel_conv_paramsyT0_ffibbS2_S2_Pi
256,98,relu4,_ZN2at6native29vectorized_elementwise_kernelILi4EZZZNS0_49_GLOBAL__N__a62a4dcd_16_TensorCompare_cu_71e06f4e19launch_clamp_scalarERNS_18TensorIteratorBaseEN3c106ScalarES6_NS0_6detail11ClampLimitsEENKUlvE_clEvENKUlvE5_clEvEUlfE_St5arrayIPcLy2EELb0EEEviT0_T1_
256,98,conv5,_Z23implicit_convolve_sgemmIffiLi512ELi6ELi8ELi3ELi3ELi5ELi1ELb0ELb0ELb1EEviiiPKT_iPT0_S2_18kernel_conv_paramsyT1_ffiPKS3_S8_bbii
256,98,relu5,_ZN2at6native29vectorized_elementwise_kernelILi4EZZZNS0_49_GLOBAL__N__a62a4dcd_16_TensorCompare_cu_71e06f4e19launch_clamp_scalarERNS_18TensorIteratorBaseEN3c106ScalarES6_NS0_6detail11ClampLimitsEENKUlvE_clEvENKUlvE5_clEvEUlfE_St5arrayIPcLy2EELb0EEEviT0_T1_
256,98,conv6,_ZN5cudnn3cnn23kern_precompute_indicesILb0EEEvPiiiiii
256,98,conv6,_Z26precomputed_convolve_sgemmIfiLi512ELi6ELi7ELi4ELi3ELi5ELi1ELb0EEviiiPKT_iPS0_S2_18kernel_conv_paramsyT0_ffibbS2_S2_Pi
256,98,relu6,_ZN2at6native29vectorized_elementwise_kernelILi4EZZZNS0_49_GLOBAL__N__a62a4dcd_16_TensorCompare_cu_71e06f4e19launch_clamp_scalarERNS_18TensorIteratorBaseEN3c106ScalarES6_NS0_6detail11ClampLimitsEENKUlvE_clEvENKUlvE5_clEvEUlfE_St5arrayIPcLy2EELb0EEEviT0_T1_
256,98,global_avg_pool,_ZN2at6native13reduce_kernelILi512ELi1ENS0_8ReduceOpIfNS0_7MeanOpsIffffEEjfLi4ELi4EEEEEvT1_
256,98,fc1,_ZN7cutlass7Kernel2I41cutlass_80_simt_sgemm_64x64_8x5_tn_align1EEvNT_6ParamsE
256,98,fc1,_ZN8cublasLt19splitKreduce_kernelILi32ELi16EiffffLb0EfffLb1ELb1ELb0ELb0EEEvNS_18cublasSplitKParamsIT4_EEPKT2_PKT8_PT7_PT3_PKS2_SF_PKT9_S6_PSG_PvxPS2_PiSL_SL_SF_SF_SF_SF_SF_
256,98,relu7,_ZN2at6native29vectorized_elementwise_kernelILi4EZZZNS0_49_GLOBAL__N__a62a4dcd_16_TensorCompare_cu_71e06f4e19launch_clamp_scalarERNS_18TensorIteratorBaseEN3c106ScalarES6_NS0_6detail11ClampLimitsEENKUlvE_clEvENKUlvE5_clEvEUlfE_St5arrayIPcLy2EELb0EEEviT0_T1_
256,98,fc2,_ZN7cutlass7Kernel2I41cutlass_80_simt_sgemm_64x64_8x5_tn_align1EEvNT_6ParamsE
256,98,fc2,_ZN8cublasLt19splitKreduce_kernelILi32ELi16EiffffLb0EfffLb1ELb1ELb0ELb0EEEvNS_18cublasSplitKParamsIT4_EEPKT2_PKT8_PT7_PT3_PKS2_SF_PKT9_S6_PSG_PvxPS2_PiSL_SL_SF_SF_SF_SF_SF_
256,128,conv1,_Z23implicit_convolve_sgemmIffiLi1024ELi5ELi5ELi3ELi3ELi3ELi1ELb0ELb0ELb1EEviiiPKT_iPT0_S2_18kernel_conv_paramsyT1_ffiPKS3_S8_bbii
256,128,relu1,_ZN2at6native29vectorized_elementwise_kernelILi4EZZZNS0_49_GLOBAL__N__a62a4dcd_16_TensorCompare_cu_71e06f4e19launch_clamp_scalarERNS_18TensorIteratorBaseEN3c106ScalarES6_NS0_6detail11ClampLimitsEENKUlvE_clEvENKUlvE5_clEvEUlfE_St5arrayIPcLy2EELb0EEEviT0_T1_
256,128,maxpool,_ZN2at6native52_GLOBAL__N__71d79c19_19_DilatedMaxPool2d_cu_9872839c21max_pool_forward_nchwIfiEEvT0_PKT_xxxiiiiiiiiiiPS4_Px
256,128,conv2,_Z23implicit_convolve_sgemmIffiLi1024ELi5ELi5ELi3ELi3ELi3ELi1ELb0ELb0ELb1EEviiiPKT_iPT0_S2_18kernel_conv_paramsyT1_ffiPKS3_S8_bbii
256,128,relu2,_ZN2at6native29vectorized_elementwise_kernelILi4EZZZNS0_49_GLOBAL__N__a62a4dcd_16_TensorCompare_cu_71e06f4e19launch_clamp_scalarERNS_18TensorIteratorBaseEN3c106ScalarES6_NS0_6detail11ClampLimitsEENKUlvE_clEvENKUlvE5_clEvEUlfE_St5arrayIPcLy2EELb0EEEviT0_T1_
256,128,conv3,_Z23implicit_convolve_sgemmIffiLi512ELi6ELi8ELi3ELi3ELi5ELi1ELb0ELb0ELb1EEviiiPKT_iPT0_S2_18kernel_conv_paramsyT1_ffiPKS3_S8_bbii
256,128,relu3,_ZN2at6native29vectorized_elementwise_kernelILi4EZZZNS0_49_GLOBAL__N__a62a4dcd_16_TensorCompare_cu_71e06f4e19launch_clamp_scalarERNS_18TensorIteratorBaseEN3c106ScalarES6_NS0_6detail11ClampLimitsEENKUlvE_clEvENKUlvE5_clEvEUlfE_St5arrayIPcLy2EELb0EEEviT0_T1_
256,128,conv4,_ZN5cudnn3cnn23kern_precompute_indicesILb0EEEvPiiiiii
256,128,conv4,_Z26precomputed_convolve_sgemmIfiLi512ELi6ELi7ELi4ELi3ELi5ELi1ELb0EEviiiPKT_iPS0_S2_18kernel_conv_paramsyT0_ffibbS2_S2_Pi
256,128,relu4,_ZN2at6native29vectorized_elementwise_kernelILi4EZZZNS0_49_GLOBAL__N__a62a4dcd_16_TensorCompare_cu_71e06f4e19launch_clamp_scalarERNS_18TensorIteratorBaseEN3c106ScalarES6_NS0_6detail11ClampLimitsEENKUlvE_clEvENKUlvE5_clEvEUlfE_St5arrayIPcLy2EELb0EEEviT0_T1_
256,128,conv5,_Z23implicit_convolve_sgemmIffiLi512ELi6ELi8ELi3ELi3ELi5ELi1ELb0ELb0ELb1EEviiiPKT_iPT0_S2_18kernel_conv_paramsyT1_ffiPKS3_S8_bbii
256,128,relu5,_ZN2at6native29vectorized_elementwise_kernelILi4EZZZNS0_49_GLOBAL__N__a62a4dcd_16_TensorCompare_cu_71e06f4e19launch_clamp_scalarERNS_18TensorIteratorBaseEN3c106ScalarES6_NS0_6detail11ClampLimitsEENKUlvE_clEvENKUlvE5_clEvEUlfE_St5arrayIPcLy2EELb0EEEviT0_T1_
256,128,conv6,_ZN5cudnn3cnn23kern_precompute_indicesILb0EEEvPiiiiii
256,128,conv6,_Z26precomputed_convolve_sgemmIfiLi512ELi6ELi7ELi4ELi3ELi5ELi1ELb0EEviiiPKT_iPS0_S2_18kernel_conv_paramsyT0_ffibbS2_S2_Pi
256,128,relu6,_ZN2at6native29vectorized_elementwise_kernelILi4EZZZNS0_49_GLOBAL__N__a62a4dcd_16_TensorCompare_cu_71e06f4e19launch_clamp_scalarERNS_18TensorIteratorBaseEN3c106ScalarES6_NS0_6detail11ClampLimitsEENKUlvE_clEvENKUlvE5_clEvEUlfE_St5arrayIPcLy2EELb0EEEviT0_T1_
256,128,global_avg_pool,_ZN2at6native13reduce_kernelILi512ELi1ENS0_8ReduceOpIfNS0_7MeanOpsIffffEEjfLi4ELi4EEEEEvT1_
256,128,fc1,_ZN7cutlass7Kernel2I41cutlass_80_simt_sgemm_64x64_8x5_tn_align1EEvNT_6ParamsE
256,128,fc1,_ZN8cublasLt19splitKreduce_kernelILi32ELi16EiffffLb0EfffLb1ELb1ELb0ELb0EEEvNS_18cublasSplitKParamsIT4_EEPKT2_PKT8_PT7_PT3_PKS2_SF_PKT9_S6_PSG_PvxPS2_PiSL_SL_SF_SF_SF_SF_SF_
256,128,relu7,_ZN2at6native29vectorized_elementwise_kernelILi4EZZZNS0_49_GLOBAL__N__a62a4dcd_16_TensorCompare_cu_71e06f4e19launch_clamp_scalarERNS_18TensorIteratorBaseEN3c106ScalarES6_NS0_6detail11ClampLimitsEENKUlvE_clEvENKUlvE5_clEvEUlfE_St5arrayIPcLy2EELb0EEEviT0_T1_
256,128,fc2,_ZN7cutlass7Kernel2I41cutlass_80_simt_sgemm_64x64_8x5_tn_align1EEvNT_6ParamsE
256,128,fc2,_ZN8cublasLt19splitKreduce_kernelILi32ELi16EiffffLb0EfffLb1ELb1ELb0ELb0EEEvNS_18cublasSplitKParamsIT4_EEPKT2_PKT8_PT7_PT3_PKS2_SF_PKT9_S6_PSG_PvxPS2_PiSL_SL_SF_SF_SF_SF_SF_
256,167,conv1,_Z23implicit_convolve_sgemmIffiLi1024ELi5ELi5ELi3ELi3ELi3ELi1ELb0ELb0ELb1EEviiiPKT_iPT0_S2_18kernel_conv_paramsyT1_ffiPKS3_S8_bbii
256,167,relu1,_ZN2at6native29vectorized_elementwise_kernelILi4EZZZNS0_49_GLOBAL__N__a62a4dcd_16_TensorCompare_cu_71e06f4e19launch_clamp_scalarERNS_18TensorIteratorBaseEN3c106ScalarES6_NS0_6detail11ClampLimitsEENKUlvE_clEvENKUlvE5_clEvEUlfE_St5arrayIPcLy2EELb0EEEviT0_T1_
256,167,maxpool,_ZN2at6native52_GLOBAL__N__71d79c19_19_DilatedMaxPool2d_cu_9872839c21max_pool_forward_nchwIfiEEvT0_PKT_xxxiiiiiiiiiiPS4_Px
256,167,conv2,_Z23implicit_convolve_sgemmIffiLi1024ELi5ELi5ELi3ELi3ELi3ELi1ELb0ELb0ELb1EEviiiPKT_iPT0_S2_18kernel_conv_paramsyT1_ffiPKS3_S8_bbii
256,167,relu2,_ZN2at6native29vectorized_elementwise_kernelILi4EZZZNS0_49_GLOBAL__N__a62a4dcd_16_TensorCompare_cu_71e06f4e19launch_clamp_scalarERNS_18TensorIteratorBaseEN3c106ScalarES6_NS0_6detail11ClampLimitsEENKUlvE_clEvENKUlvE5_clEvEUlfE_St5arrayIPcLy2EELb0EEEviT0_T1_
256,167,conv3,_Z23implicit_convolve_sgemmIffiLi512ELi6ELi8ELi3ELi3ELi5ELi1ELb0ELb0ELb1EEviiiPKT_iPT0_S2_18kernel_conv_paramsyT1_ffiPKS3_S8_bbii
256,167,relu3,_ZN2at6native29vectorized_elementwise_kernelILi4EZZZNS0_49_GLOBAL__N__a62a4dcd_16_TensorCompare_cu_71e06f4e19launch_clamp_scalarERNS_18TensorIteratorBaseEN3c106ScalarES6_NS0_6detail11ClampLimitsEENKUlvE_clEvENKUlvE5_clEvEUlfE_St5arrayIPcLy2EELb0EEEviT0_T1_
256,167,conv4,_ZN5cudnn3cnn23kern_precompute_indicesILb0EEEvPiiiiii
256,167,conv4,_Z26precomputed_convolve_sgemmIfiLi512ELi6ELi7ELi4ELi3ELi5ELi1ELb0EEviiiPKT_iPS0_S2_18kernel_conv_paramsyT0_ffibbS2_S2_Pi
256,167,relu4,_ZN2at6native29vectorized_elementwise_kernelILi4EZZZNS0_49_GLOBAL__N__a62a4dcd_16_TensorCompare_cu_71e06f4e19launch_clamp_scalarERNS_18TensorIteratorBaseEN3c106ScalarES6_NS0_6detail11ClampLimitsEENKUlvE_clEvENKUlvE5_clEvEUlfE_St5arrayIPcLy2EELb0EEEviT0_T1_
256,167,conv5,_Z23implicit_convolve_sgemmIffiLi512ELi6ELi8ELi3ELi3ELi5ELi1ELb0ELb0ELb1EEviiiPKT_iPT0_S2_18kernel_conv_paramsyT1_ffiPKS3_S8_bbii
256,167,relu5,_ZN2at6native29vectorized_elementwise_kernelILi4EZZZNS0_49_GLOBAL__N__a62a4dcd_16_TensorCompare_cu_71e06f4e19launch_clamp_scalarERNS_18TensorIteratorBaseEN3c106ScalarES6_NS0_6detail11ClampLimitsEENKUlvE_clEvENKUlvE5_clEvEUlfE_St5arrayIPcLy2EELb0EEEviT0_T1_
256,167,conv6,_ZN5cudnn3cnn23kern_precompute_indicesILb0EEEvPiiiiii
256,167,conv6,_Z26precomputed_convolve_sgemmIfiLi512ELi6ELi7ELi4ELi3ELi5ELi1ELb0EEviiiPKT_iPS0_S2_18kernel_conv_paramsyT0_ffibbS2_S2_Pi
256,167,relu6,_ZN2at6native29vectorized_elementwise_kernelILi4EZZZNS0_49_GLOBAL__N__a62a4dcd_16_TensorCompare_cu_71e06f4e19launch_clamp_scalarERNS_18TensorIteratorBaseEN3c106ScalarES6_NS0_6detail11ClampLimitsEENKUlvE_clEvENKUlvE5_clEvEUlfE_St5arrayIPcLy2EELb0EEEviT0_T1_
256,167,global_avg_pool,_ZN2at6native13reduce_kernelILi512ELi1ENS0_8ReduceOpIfNS0_7MeanOpsIffffEEjfLi4ELi4EEEEEvT1_
256,167,fc1,_ZN7cutlass7Kernel2I41cutlass_80_simt_sgemm_64x64_8x5_tn_align1EEvNT_6ParamsE
256,167,fc1,_ZN8cublasLt19splitKreduce_kernelILi32ELi16EiffffLb0EfffLb1ELb1ELb0ELb0EEEvNS_18cublasSplitKParamsIT4_EEPKT2_PKT8_PT7_PT3_PKS2_SF_PKT9_S6_PSG_PvxPS2_PiSL_SL_SF_SF_SF_SF_SF_
256,167,relu7,_ZN2at6native29vectorized_elementwise_kernelILi4EZZZNS0_49_GLOBAL__N__a62a4dcd_16_TensorCompare_cu_71e06f4e19launch_clamp_scalarERNS_18TensorIteratorBaseEN3c106ScalarES6_NS0_6detail11ClampLimitsEENKUlvE_clEvENKUlvE5_clEvEUlfE_St5arrayIPcLy2EELb0EEEviT0_T1_
256,167,fc2,_ZN7cutlass7Kernel2I41cutlass_80_simt_sgemm_64x64_8x5_tn_align1EEvNT_6ParamsE
256,167,fc2,_ZN8cublasLt19splitKreduce_kernelILi32ELi16EiffffLb0EfffLb1ELb1ELb0ELb0EEEvNS_18cublasSplitKParamsIT4_EEPKT2_PKT8_PT7_PT3_PKS2_SF_PKT9_S6_PSG_PvxPS2_PiSL_SL_SF_SF_SF_SF_SF_
256,256,conv1,_Z23implicit_convolve_sgemmIffiLi1024ELi5ELi5ELi3ELi3ELi3ELi1ELb0ELb0ELb1EEviiiPKT_iPT0_S2_18kernel_conv_paramsyT1_ffiPKS3_S8_bbii
256,256,relu1,_ZN2at6native29vectorized_elementwise_kernelILi4EZZZNS0_49_GLOBAL__N__a62a4dcd_16_TensorCompare_cu_71e06f4e19launch_clamp_scalarERNS_18TensorIteratorBaseEN3c106ScalarES6_NS0_6detail11ClampLimitsEENKUlvE_clEvENKUlvE5_clEvEUlfE_St5arrayIPcLy2EELb0EEEviT0_T1_
256,256,maxpool,_ZN2at6native52_GLOBAL__N__71d79c19_19_DilatedMaxPool2d_cu_9872839c21max_pool_forward_nchwIfiEEvT0_PKT_xxxiiiiiiiiiiPS4_Px
256,256,conv2,_Z23implicit_convolve_sgemmIffiLi1024ELi5ELi5ELi3ELi3ELi3ELi1ELb0ELb0ELb1EEviiiPKT_iPT0_S2_18kernel_conv_paramsyT1_ffiPKS3_S8_bbii
256,256,relu2,_ZN2at6native29vectorized_elementwise_kernelILi4EZZZNS0_49_GLOBAL__N__a62a4dcd_16_TensorCompare_cu_71e06f4e19launch_clamp_scalarERNS_18TensorIteratorBaseEN3c106ScalarES6_NS0_6detail11ClampLimitsEENKUlvE_clEvENKUlvE5_clEvEUlfE_St5arrayIPcLy2EELb0EEEviT0_T1_
256,256,conv3,_Z23implicit_convolve_sgemmIffiLi512ELi6ELi8ELi3ELi3ELi5ELi1ELb0ELb0ELb1EEviiiPKT_iPT0_S2_18kernel_conv_paramsyT1_ffiPKS3_S8_bbii
256,256,relu3,_ZN2at6native29vectorized_elementwise_kernelILi4EZZZNS0_49_GLOBAL__N__a62a4dcd_16_TensorCompare_cu_71e06f4e19launch_clamp_scalarERNS_18TensorIteratorBaseEN3c106ScalarES6_NS0_6detail11ClampLimitsEENKUlvE_clEvENKUlvE5_clEvEUlfE_St5arrayIPcLy2EELb0EEEviT0_T1_
256,256,conv4,_ZN5cudnn3cnn23kern_precompute_indicesILb0EEEvPiiiiii
256,256,conv4,_Z26precomputed_convolve_sgemmIfiLi512ELi6ELi7ELi4ELi3ELi5ELi1ELb0EEviiiPKT_iPS0_S2_18kernel_conv_paramsyT0_ffibbS2_S2_Pi
256,256,relu4,_ZN2at6native29vectorized_elementwise_kernelILi4EZZZNS0_49_GLOBAL__N__a62a4dcd_16_TensorCompare_cu_71e06f4e19launch_clamp_scalarERNS_18TensorIteratorBaseEN3c106ScalarES6_NS0_6detail11ClampLimitsEENKUlvE_clEvENKUlvE5_clEvEUlfE_St5arrayIPcLy2EELb0EEEviT0_T1_
256,256,conv5,_Z23implicit_convolve_sgemmIffiLi512ELi6ELi8ELi3ELi3ELi5ELi1ELb0ELb0ELb1EEviiiPKT_iPT0_S2_18kernel_conv_paramsyT1_ffiPKS3_S8_bbii
256,256,relu5,_ZN2at6native29vectorized_elementwise_kernelILi4EZZZNS0_49_GLOBAL__N__a62a4dcd_16_TensorCompare_cu_71e06f4e19launch_clamp_scalarERNS_18TensorIteratorBaseEN3c106ScalarES6_NS0_6detail11ClampLimitsEENKUlvE_clEvENKUlvE5_clEvEUlfE_St5arrayIPcLy2EELb0EEEviT0_T1_
256,256,conv6,_ZN5cudnn3cnn23kern_precompute_indicesILb0EEEvPiiiiii
256,256,conv6,_Z26precomputed_convolve_sgemmIfiLi512ELi6ELi7ELi4ELi3ELi5ELi1ELb0EEviiiPKT_iPS0_S2_18kernel_conv_paramsyT0_ffibbS2_S2_Pi
256,256,relu6,_ZN2at6native29vectorized_elementwise_kernelILi4EZZZNS0_49_GLOBAL__N__a62a4dcd_16_TensorCompare_cu_71e06f4e19launch_clamp_scalarERNS_18TensorIteratorBaseEN3c106ScalarES6_NS0_6detail11ClampLimitsEENKUlvE_clEvENKUlvE5_clEvEUlfE_St5arrayIPcLy2EELb0EEEviT0_T1_
256,256,global_avg_pool,_ZN2at6native13reduce_kernelILi512ELi1ENS0_8ReduceOpIfNS0_7MeanOpsIffffEEjfLi4ELi4EEEEEvT1_
256,256,fc1,_ZN7cutlass7Kernel2I41cutlass_80_simt_sgemm_64x64_8x5_tn_align1EEvNT_6ParamsE
256,256,fc1,_ZN8cublasLt19splitKreduce_kernelILi32ELi16EiffffLb0EfffLb1ELb1ELb0ELb0EEEvNS_18cublasSplitKParamsIT4_EEPKT2_PKT8_PT7_PT3_PKS2_SF_PKT9_S6_PSG_PvxPS2_PiSL_SL_SF_SF_SF_SF_SF_
256,256,relu7,_ZN2at6native29vectorized_elementwise_kernelILi4EZZZNS0_49_GLOBAL__N__a62a4dcd_16_TensorCompare_cu_71e06f4e19launch_clamp_scalarERNS_18TensorIteratorBaseEN3c106ScalarES6_NS0_6detail11ClampLimitsEENKUlvE_clEvENKUlvE5_clEvEUlfE_St5arrayIPcLy2EELb0EEEviT0_T1_
256,256,fc2,_ZN7cutlass7Kernel2I41cutlass_80_simt_sgemm_64x64_8x5_tn_align1EEvNT_6ParamsE
256,256,fc2,_ZN8cublasLt19splitKreduce_kernelILi32ELi16EiffffLb0EfffLb1ELb1ELb0ELb0EEEvNS_18cublasSplitKParamsIT4_EEPKT2_PKT8_PT7_PT3_PKS2_SF_PKT9_S6_PSG_PvxPS2_PiSL_SL_SF_SF_SF_SF_SF_
352,1,conv1,_Z23implicit_convolve_sgemmIffiLi1024ELi5ELi5ELi3ELi3ELi3ELi1ELb0ELb0ELb1EEviiiPKT_iPT0_S2_18kernel_conv_paramsyT1_ffiPKS3_S8_bbii
352,1,relu1,_ZN2at6native29vectorized_elementwise_kernelILi4EZZZNS0_49_GLOBAL__N__a62a4dcd_16_TensorCompare_cu_71e06f4e19launch_clamp_scalarERNS_18TensorIteratorBaseEN3c106ScalarES6_NS0_6detail11ClampLimitsEENKUlvE_clEvENKUlvE5_clEvEUlfE_St5arrayIPcLy2EELb0EEEviT0_T1_
352,1,maxpool,_ZN2at6native52_GLOBAL__N__71d79c19_19_DilatedMaxPool2d_cu_9872839c21max_pool_forward_nchwIfiEEvT0_PKT_xxxiiiiiiiiiiPS4_Px
352,1,conv2,_Z23implicit_convolve_sgemmIffiLi1024ELi5ELi5ELi3ELi3ELi3ELi1ELb0ELb0ELb1EEviiiPKT_iPT0_S2_18kernel_conv_paramsyT1_ffiPKS3_S8_bbii
352,1,relu2,_ZN2at6native29vectorized_elementwise_kernelILi4EZZZNS0_49_GLOBAL__N__a62a4dcd_16_TensorCompare_cu_71e06f4e19launch_clamp_scalarERNS_18TensorIteratorBaseEN3c106ScalarES6_NS0_6detail11ClampLimitsEENKUlvE_clEvENKUlvE5_clEvEUlfE_St5arrayIPcLy2EELb0EEEviT0_T1_
352,1,conv3,_Z23implicit_convolve_sgemmIffiLi1024ELi5ELi5ELi3ELi3ELi3ELi1ELb0ELb0ELb1EEviiiPKT_iPT0_S2_18kernel_conv_paramsyT1_ffiPKS3_S8_bbii
352,1,relu3,_ZN2at6native29vectorized_elementwise_kernelILi4EZZZNS0_49_GLOBAL__N__a62a4dcd_16_TensorCompare_cu_71e06f4e19launch_clamp_scalarERNS_18TensorIteratorBaseEN3c106ScalarES6_NS0_6detail11ClampLimitsEENKUlvE_clEvENKUlvE5_clEvEUlfE_St5arrayIPcLy2EELb0EEEviT0_T1_
352,1,conv4,_Z23implicit_convolve_sgemmIffiLi1024ELi5ELi5ELi3ELi3ELi3ELi1ELb0ELb0ELb1EEviiiPKT_iPT0_S2_18kernel_conv_paramsyT1_ffiPKS3_S8_bbii
352,1,relu4,_ZN2at6native29vectorized_elementwise_kernelILi4EZZZNS0_49_GLOBAL__N__a62a4dcd_16_TensorCompare_cu_71e06f4e19launch_clamp_scalarERNS_18TensorIteratorBaseEN3c106ScalarES6_NS0_6detail11ClampLimitsEENKUlvE_clEvENKUlvE5_clEvEUlfE_St5arrayIPcLy2EELb0EEEviT0_T1_
352,1,conv5,_Z23implicit_convolve_sgemmIffiLi1024ELi5ELi5ELi3ELi3ELi3ELi1ELb0ELb0ELb1EEviiiPKT_iPT0_S2_18kernel_conv_paramsyT1_ffiPKS3_S8_bbii
352,1,relu5,_ZN2at6native29vectorized_elementwise_kernelILi4EZZZNS0_49_GLOBAL__N__a62a4dcd_16_TensorCompare_cu_71e06f4e19launch_clamp_scalarERNS_18TensorIteratorBaseEN3c106ScalarES6_NS0_6detail11ClampLimitsEENKUlvE_clEvENKUlvE5_clEvEUlfE_St5arrayIPcLy2EELb0EEEviT0_T1_
352,1,conv6,_Z23implicit_convolve_sgemmIffiLi1024ELi5ELi5ELi3ELi3ELi3ELi1ELb0ELb0ELb1EEviiiPKT_iPT0_S2_18kernel_conv_paramsyT1_ffiPKS3_S8_bbii
352,1,relu6,_ZN2at6native29vectorized_elementwise_kernelILi4EZZZNS0_49_GLOBAL__N__a62a4dcd_16_TensorCompare_cu_71e06f4e19launch_clamp_scalarERNS_18TensorIteratorBaseEN3c106ScalarES6_NS0_6detail11ClampLimitsEENKUlvE_clEvENKUlvE5_clEvEUlfE_St5arrayIPcLy2EELb0EEEviT0_T1_
352,1,global_avg_pool,_ZN2at6native13reduce_kernelILi512ELi1ENS0_8ReduceOpIfNS0_7MeanOpsIffffEEjfLi4ELi4EEEEEvT1_
352,1,fc1,_ZN8internal5gemvx6kernelIiiffffLb0ELb1ELb1ELb0ELi7ELb0E18cublasGemvParamsExIi30cublasGemvTensorStridedBatchedIKfES5_S3_IfEfEEENSt9enable_ifIXntT5_EvE4typeET11_
352,1,relu7,_ZN2at6native29vectorized_elementwise_kernelILi4EZZZNS0_49_GLOBAL__N__a62a4dcd_16_TensorCompare_cu_71e06f4e19launch_clamp_scalarERNS_18TensorIteratorBaseEN3c106ScalarES6_NS0_6detail11ClampLimitsEENKUlvE_clEvENKUlvE5_clEvEUlfE_St5arrayIPcLy2EELb0EEEviT0_T1_
352,1,fc2,_ZN8internal5gemvx6kernelIiiffffLb0ELb1ELb1ELb0ELi7ELb0E18cublasGemvParamsExIi30cublasGemvTensorStridedBatchedIKfES5_S3_IfEfEEENSt9enable_ifIXntT5_EvE4typeET11_
352,2,conv1,_Z23implicit_convolve_sgemmIffiLi1024ELi5ELi5ELi3ELi3ELi3ELi1ELb0ELb0ELb1EEviiiPKT_iPT0_S2_18kernel_conv_paramsyT1_ffiPKS3_S8_bbii
352,2,relu1,_ZN2at6native29vectorized_elementwise_kernelILi4EZZZNS0_49_GLOBAL__N__a62a4dcd_16_TensorCompare_cu_71e06f4e19launch_clamp_scalarERNS_18TensorIteratorBaseEN3c106ScalarES6_NS0_6detail11ClampLimitsEENKUlvE_clEvENKUlvE5_clEvEUlfE_St5arrayIPcLy2EELb0EEEviT0_T1_
352,2,maxpool,_ZN2at6native52_GLOBAL__N__71d79c19_19_DilatedMaxPool2d_cu_9872839c21max_pool_forward_nchwIfiEEvT0_PKT_xxxiiiiiiiiiiPS4_Px
352,2,conv2,_Z23implicit_convolve_sgemmIffiLi128ELi5ELi5ELi3ELi3ELi3ELi1ELb0ELb0ELb1EEviiiPKT_iPT0_S2_18kernel_conv_paramsyT1_ffiPKS3_S8_bbii
352,2,relu2,_ZN2at6native29vectorized_elementwise_kernelILi4EZZZNS0_49_GLOBAL__N__a62a4dcd_16_TensorCompare_cu_71e06f4e19launch_clamp_scalarERNS_18TensorIteratorBaseEN3c106ScalarES6_NS0_6detail11ClampLimitsEENKUlvE_clEvENKUlvE5_clEvEUlfE_St5arrayIPcLy2EELb0EEEviT0_T1_
352,2,conv3,_Z23implicit_convolve_sgemmIffiLi1024ELi5ELi5ELi3ELi3ELi3ELi1ELb0ELb0ELb1EEviiiPKT_iPT0_S2_18kernel_conv_paramsyT1_ffiPKS3_S8_bbii
352,2,relu3,_ZN2at6native29vectorized_elementwise_kernelILi4EZZZNS0_49_GLOBAL__N__a62a4dcd_16_TensorCompare_cu_71e06f4e19launch_clamp_scalarERNS_18TensorIteratorBaseEN3c106ScalarES6_NS0_6detail11ClampLimitsEENKUlvE_clEvENKUlvE5_clEvEUlfE_St5arrayIPcLy2EELb0EEEviT0_T1_
352,2,conv4,_Z23implicit_convolve_sgemmIffiLi1024ELi5ELi5ELi3ELi3ELi3ELi1ELb0ELb0ELb1EEviiiPKT_iPT0_S2_18kernel_conv_paramsyT1_ffiPKS3_S8_bbii
352,2,relu4,_ZN2at6native29vectorized_elementwise_kernelILi4EZZZNS0_49_GLOBAL__N__a62a4dcd_16_TensorCompare_cu_71e06f4e19launch_clamp_scalarERNS_18TensorIteratorBaseEN3c106ScalarES6_NS0_6detail11ClampLimitsEENKUlvE_clEvENKUlvE5_clEvEUlfE_St5arrayIPcLy2EELb0EEEviT0_T1_
352,2,conv5,_Z23implicit_convolve_sgemmIffiLi1024ELi5ELi5ELi3ELi3ELi3ELi1ELb0ELb0ELb1EEviiiPKT_iPT0_S2_18kernel_conv_paramsyT1_ffiPKS3_S8_bbii
352,2,relu5,_ZN2at6native29vectorized_elementwise_kernelILi4EZZZNS0_49_GLOBAL__N__a62a4dcd_16_TensorCompare_cu_71e06f4e19launch_clamp_scalarERNS_18TensorIteratorBaseEN3c106ScalarES6_NS0_6detail11ClampLimitsEENKUlvE_clEvENKUlvE5_clEvEUlfE_St5arrayIPcLy2EELb0EEEviT0_T1_
352,2,conv6,_Z23implicit_convolve_sgemmIffiLi1024ELi5ELi5ELi3ELi3ELi3ELi1ELb0ELb0ELb1EEviiiPKT_iPT0_S2_18kernel_conv_paramsyT1_ffiPKS3_S8_bbii
352,2,relu6,_ZN2at6native29vectorized_elementwise_kernelILi4EZZZNS0_49_GLOBAL__N__a62a4dcd_16_TensorCompare_cu_71e06f4e19launch_clamp_scalarERNS_18TensorIteratorBaseEN3c106ScalarES6_NS0_6detail11ClampLimitsEENKUlvE_clEvENKUlvE5_clEvEUlfE_St5arrayIPcLy2EELb0EEEviT0_T1_
352,2,global_avg_pool,_ZN2at6native13reduce_kernelILi512ELi1ENS0_8ReduceOpIfNS0_7MeanOpsIffffEEjfLi4ELi4EEEEEvT1_
352,2,fc1,_Z16gemmSN_TN_kernelIfLi128ELi16ELi2ELi4ELi2ELi2ELb1E30cublasGemvTensorStridedBatchedIKfES2_S0_IfEEv22cublasGemmSmallNParamsIT7_T8_T9_T_E
352,2,relu7,_ZN2at6native29vectorized_elementwise_kernelILi4EZZZNS0_49_GLOBAL__N__a62a4dcd_16_TensorCompare_cu_71e06f4e19launch_clamp_scalarERNS_18TensorIteratorBaseEN3c106ScalarES6_NS0_6detail11ClampLimitsEENKUlvE_clEvENKUlvE5_clEvEUlfE_St5arrayIPcLy2EELb0EEEviT0_T1_
352,2,fc2,_Z16gemmSN_TN_kernelIfLi128ELi16ELi2ELi4ELi2ELi2ELb1E30cublasGemvTensorStridedBatchedIKfES2_S0_IfEEv22cublasGemmSmallNParamsIT7_T8_T9_T_E
352,4,conv1,_Z23implicit_convolve_sgemmIffiLi1024ELi5ELi5ELi3ELi3ELi3ELi1ELb0ELb0ELb1EEviiiPKT_iPT0_S2_18kernel_conv_paramsyT1_ffiPKS3_S8_bbii
352,4,relu1,_ZN2at6native29vectorized_elementwise_kernelILi4EZZZNS0_49_GLOBAL__N__a62a4dcd_16_TensorCompare_cu_71e06f4e19launch_clamp_scalarERNS_18TensorIteratorBaseEN3c106ScalarES6_NS0_6detail11ClampLimitsEENKUlvE_clEvENKUlvE5_clEvEUlfE_St5arrayIPcLy2EELb0EEEviT0_T1_
352,4,maxpool,_ZN2at6native52_GLOBAL__N__71d79c19_19_DilatedMaxPool2d_cu_9872839c21max_pool_forward_nchwIfiEEvT0_PKT_xxxiiiiiiiiiiPS4_Px
352,4,conv2,_ZN5cudnn17winograd_nonfused26winogradForwardData9x9_5x5IffEEvNS0_18WinogradDataParamsIT_T0_EE
352,4,conv2,_ZN5cudnn17winograd_nonfused28winogradForwardFilter9x9_5x5IffEEvNS0_20WinogradFilterParamsIT_T0_EE
352,4,conv2,_Z20magma_sgemmEx_kernelIfffLb0ELb0ELi6ELi3ELi5ELi3ELi3EEviii13BatchedTensoriS0_iS0_iS0_iiiPKT_S3_S1_S1_i18cublasLtEpilogue_tiPKvx
352,4,conv2,_ZN5cudnn17winograd_nonfused28winogradForwardOutput9x9_5x5IffEEvNS0_20WinogradOutputParamsIT_T0_EE
352,4,relu2,_ZN2at6native29vectorized_elementwise_kernelILi4EZZZNS0_49_GLOBAL__N__a62a4dcd_16_TensorCompare_cu_71e06f4e19launch_clamp_scalarERNS_18TensorIteratorBaseEN3c106ScalarES6_NS0_6detail11ClampLimitsEENKUlvE_clEvENKUlvE5_clEvEUlfE_St5arrayIPcLy2EELb0EEEviT0_T1_
352,4,conv3,_Z23implicit_convolve_sgemmIffiLi128ELi5ELi5ELi3ELi3ELi3ELi1ELb0ELb0ELb1EEviiiPKT_iPT0_S2_18kernel_conv_paramsyT1_ffiPKS3_S8_bbii
352,4,relu3,_ZN2at6native29vectorized_elementwise_kernelILi4EZZZNS0_49_GLOBAL__N__a62a4dcd_16_TensorCompare_cu_71e06f4e19launch_clamp_scalarERNS_18TensorIteratorBaseEN3c106ScalarES6_NS0_6detail11ClampLimitsEENKUlvE_clEvENKUlvE5_clEvEUlfE_St5arrayIPcLy2EELb0EEEviT0_T1_
352,4,conv4,_Z23implicit_convolve_sgemmIffiLi1024ELi5ELi5ELi3ELi3ELi3ELi1ELb0ELb0ELb1EEviiiPKT_iPT0_S2_18kernel_conv_paramsyT1_ffiPKS3_S8_bbii
352,4,relu4,_ZN2at6native29vectorized_elementwise_kernelILi4EZZZNS0_49_GLOBAL__N__a62a4dcd_16_TensorCompare_cu_71e06f4e19launch_clamp_scalarERNS_18TensorIteratorBaseEN3c106ScalarES6_NS0_6detail11ClampLimitsEENKUlvE_clEvENKUlvE5_clEvEUlfE_St5arrayIPcLy2EELb0EEEviT0_T1_
352,4,conv5,_Z23implicit_convolve_sgemmIffiLi1024ELi5ELi5ELi3ELi3ELi3ELi1ELb0ELb0ELb1EEviiiPKT_iPT0_S2_18kernel_conv_paramsyT1_ffiPKS3_S8_bbii
352,4,relu5,_ZN2at6native29vectorized_elementwise_kernelILi4EZZZNS0_49_GLOBAL__N__a62a4dcd_16_TensorCompare_cu_71e06f4e19launch_clamp_scalarERNS_18TensorIteratorBaseEN3c106ScalarES6_NS0_6detail11ClampLimitsEENKUlvE_clEvENKUlvE5_clEvEUlfE_St5arrayIPcLy2EELb0EEEviT0_T1_
352,4,conv6,_Z23implicit_convolve_sgemmIffiLi1024ELi5ELi5ELi3ELi3ELi3ELi1ELb0ELb0ELb1EEviiiPKT_iPT0_S2_18kernel_conv_paramsyT1_ffiPKS3_S8_bbii
352,4,relu6,_ZN2at6native29vectorized_elementwise_kernelILi4EZZZNS0_49_GLOBAL__N__a62a4dcd_16_TensorCompare_cu_71e06f4e19launch_clamp_scalarERNS_18TensorIteratorBaseEN3c106ScalarES6_NS0_6detail11ClampLimitsEENKUlvE_clEvENKUlvE5_clEvEUlfE_St5arrayIPcLy2EELb0EEEviT0_T1_
352,4,global_avg_pool,_ZN2at6native13reduce_kernelILi512ELi1ENS0_8ReduceOpIfNS0_7MeanOpsIffffEEjfLi4ELi4EEEEEvT1_
352,4,fc1,_Z16gemmSN_TN_kernelIfLi128ELi16ELi2ELi4ELi4ELi4ELb1E30cublasGemvTensorStridedBatchedIKfES2_S0_IfEEv22cublasGemmSmallNParamsIT7_T8_T9_T_E
352,4,relu7,_ZN2at6native29vectorized_elementwise_kernelILi4EZZZNS0_49_GLOBAL__N__a62a4dcd_16_TensorCompare_cu_71e06f4e19launch_clamp_scalarERNS_18TensorIteratorBaseEN3c106ScalarES6_NS0_6detail11ClampLimitsEENKUlvE_clEvENKUlvE5_clEvEUlfE_St5arrayIPcLy2EELb0EEEviT0_T1_
352,4,fc2,_Z16gemmSN_TN_kernelIfLi128ELi16ELi2ELi4ELi4ELi4ELb1E30cublasGemvTensorStridedBatchedIKfES2_S0_IfEEv22cublasGemmSmallNParamsIT7_T8_T9_T_E
352,8,conv1,_Z23implicit_convolve_sgemmIffiLi1024ELi5ELi5ELi3ELi3ELi3ELi1ELb0ELb0ELb1EEviiiPKT_iPT0_S2_18kernel_conv_paramsyT1_ffiPKS3_S8_bbii
352,8,relu1,_ZN2at6native29vectorized_elementwise_kernelILi4EZZZNS0_49_GLOBAL__N__a62a4dcd_16_TensorCompare_cu_71e06f4e19launch_clamp_scalarERNS_18TensorIteratorBaseEN3c106ScalarES6_NS0_6detail11ClampLimitsEENKUlvE_clEvENKUlvE5_clEvEUlfE_St5arrayIPcLy2EELb0EEEviT0_T1_
352,8,maxpool,_ZN2at6native52_GLOBAL__N__71d79c19_19_DilatedMaxPool2d_cu_9872839c21max_pool_forward_nchwIfiEEvT0_PKT_xxxiiiiiiiiiiPS4_Px
352,8,conv2,_ZN5cudnn17winograd_nonfused26winogradForwardData9x9_5x5IffEEvNS0_18WinogradDataParamsIT_T0_EE
352,8,conv2,_ZN5cudnn17winograd_nonfused28winogradForwardFilter9x9_5x5IffEEvNS0_20WinogradFilterParamsIT_T0_EE
352,8,conv2,_Z20magma_sgemmEx_kernelIfffLb0ELb0ELi6ELi3ELi5ELi3ELi3EEviii13BatchedTensoriS0_iS0_iS0_iiiPKT_S3_S1_S1_i18cublasLtEpilogue_tiPKvx
352,8,conv2,_ZN5cudnn17winograd_nonfused28winogradForwardOutput9x9_5x5IffEEvNS0_20WinogradOutputParamsIT_T0_EE
352,8,relu2,_ZN2at6native29vectorized_elementwise_kernelILi4EZZZNS0_49_GLOBAL__N__a62a4dcd_16_TensorCompare_cu_71e06f4e19launch_clamp_scalarERNS_18TensorIteratorBaseEN3c106ScalarES6_NS0_6detail11ClampLimitsEENKUlvE_clEvENKUlvE5_clEvEUlfE_St5arrayIPcLy2EELb0EEEviT0_T1_
352,8,conv3,_Z23implicit_convolve_sgemmIffiLi512ELi6ELi8ELi3ELi3ELi5ELi1ELb0ELb0ELb1EEviiiPKT_iPT0_S2_18kernel_conv_paramsyT1_ffiPKS3_S8_bbii
352,8,relu3,_ZN2at6native29vectorized_elementwise_kernelILi4EZZZNS0_49_GLOBAL__N__a62a4dcd_16_TensorCompare_cu_71e06f4e19launch_clamp_scalarERNS_18TensorIteratorBaseEN3c106ScalarES6_NS0_6detail11ClampLimitsEENKUlvE_clEvENKUlvE5_clEvEUlfE_St5arrayIPcLy2EELb0EEEviT0_T1_
352,8,conv4,_Z23implicit_convolve_sgemmIffiLi1024ELi5ELi5ELi3ELi3ELi3ELi1ELb0ELb0ELb1EEviiiPKT_iPT0_S2_18kernel_conv_paramsyT1_ffiPKS3_S8_bbii
352,8,relu4,_ZN2at6native29vectorized_elementwise_kernelILi4EZZZNS0_49_GLOBAL__N__a62a4dcd_16_TensorCompare_cu_71e06f4e19launch_clamp_scalarERNS_18TensorIteratorBaseEN3c106ScalarES6_NS0_6detail11ClampLimitsEENKUlvE_clEvENKUlvE5_clEvEUlfE_St5arrayIPcLy2EELb0EEEviT0_T1_
352,8,conv5,_ZN5cudnn3cnn23kern_precompute_indicesILb0EEEvPiiiiii
352,8,conv5,_Z26precomputed_convolve_sgemmIfiLi512ELi6ELi7ELi4ELi3ELi5ELi1ELb0EEviiiPKT_iPS0_S2_18kernel_conv_paramsyT0_ffibbS2_S2_Pi
352,8,conv5,_Z23implicit_convolve_sgemmIffiLi128ELi6ELi7ELi3ELi3ELi5ELi1ELb0ELb0ELb1EEviiiPKT_iPT0_S2_18kernel_conv_paramsyT1_ffiPKS3_S8_bbii
352,8,conv5,_Z23implicit_convolve_sgemmIffiLi128ELi6ELi7ELi3ELi3ELi5ELi1ELb0ELb0ELb1EEviiiPKT_iPT0_S2_18kernel_conv_paramsyT1_ffiPKS3_S8_bbii
352,8,relu5,_ZN2at6native29vectorized_elementwise_kernelILi4EZZZNS0_49_GLOBAL__N__a62a4dcd_16_TensorCompare_cu_71e06f4e19launch_clamp_scalarERNS_18TensorIteratorBaseEN3c106ScalarES6_NS0_6detail11ClampLimitsEENKUlvE_clEvENKUlvE5_clEvEUlfE_St5arrayIPcLy2EELb0EEEviT0_T1_
352,8,conv6,_Z23implicit_convolve_sgemmIffiLi1024ELi5ELi5ELi3ELi3ELi3ELi1ELb0ELb0ELb1EEviiiPKT_iPT0_S2_18kernel_conv_paramsyT1_ffiPKS3_S8_bbii
352,8,relu6,_ZN2at6native29vectorized_elementwise_kernelILi4EZZZNS0_49_GLOBAL__N__a62a4dcd_16_TensorCompare_cu_71e06f4e19launch_clamp_scalarERNS_18TensorIteratorBaseEN3c106ScalarES6_NS0_6detail11ClampLimitsEENKUlvE_clEvENKUlvE5_clEvEUlfE_St5arrayIPcLy2EELb0EEEviT0_T1_
352,8,global_avg_pool,_ZN2at6native13reduce_kernelILi512ELi1ENS0_8ReduceOpIfNS0_7MeanOpsIffffEEjfLi4ELi4EEEEEvT1_
352,8,fc1,_Z16gemmSN_TN_kernelIfLi128ELi16ELi2ELi4ELi8ELi9ELb0E30cublasGemvTensorStridedBatchedIKfES2_S0_IfEEv22cublasGemmSmallNParamsIT7_T8_T9_T_E
352,8,relu7,_ZN2at6native29vectorized_elementwise_kernelILi4EZZZNS0_49_GLOBAL__N__a62a4dcd_16_TensorCompare_cu_71e06f4e19launch_clamp_scalarERNS_18TensorIteratorBaseEN3c106ScalarES6_NS0_6detail11ClampLimitsEENKUlvE_clEvENKUlvE5_clEvEUlfE_St5arrayIPcLy2EELb0EEEviT0_T1_
352,8,fc2,_Z16gemmSN_TN_kernelIfLi128ELi16ELi2ELi4ELi8ELi9ELb0E30cublasGemvTensorStridedBatchedIKfES2_S0_IfEEv22cublasGemmSmallNParamsIT7_T8_T9_T_E
352,16,conv1,_Z23implicit_convolve_sgemmIffiLi1024ELi5ELi5ELi3ELi3ELi3ELi1ELb0ELb0ELb1EEviiiPKT_iPT0_S2_18kernel_conv_paramsyT1_ffiPKS3_S8_bbii
352,16,relu1,_ZN2at6native29vectorized_elementwise_kernelILi4EZZZNS0_49_GLOBAL__N__a62a4dcd_16_TensorCompare_cu_71e06f4e19launch_clamp_scalarERNS_18TensorIteratorBaseEN3c106ScalarES6_NS0_6detail11ClampLimitsEENKUlvE_clEvENKUlvE5_clEvEUlfE_St5arrayIPcLy2EELb0EEEviT0_T1_
352,16,maxpool,_ZN2at6native52_GLOBAL__N__71d79c19_19_DilatedMaxPool2d_cu_9872839c21max_pool_forward_nchwIfiEEvT0_PKT_xxxiiiiiiiiiiPS4_Px
352,16,conv2,_ZN5cudnn17winograd_nonfused26winogradForwardData9x9_5x5IffEEvNS0_18WinogradDataParamsIT_T0_EE
352,16,conv2,_ZN5cudnn17winograd_nonfused28winogradForwardFilter9x9_5x5IffEEvNS0_20WinogradFilterParamsIT_T0_EE
352,16,conv2,_Z20magma_sgemmEx_kernelIfffLb0ELb0ELi6ELi3ELi5ELi3ELi3EEviii13BatchedTensoriS0_iS0_iS0_iiiPKT_S3_S1_S1_i18cublasLtEpilogue_tiPKvx
352,16,conv2,_ZN5cudnn17winograd_nonfused28winogradForwardOutput9x9_5x5IffEEvNS0_20WinogradOutputParamsIT_T0_EE
352,16,relu2,_ZN2at6native29vectorized_elementwise_kernelILi4EZZZNS0_49_GLOBAL__N__a62a4dcd_16_TensorCompare_cu_71e06f4e19launch_clamp_scalarERNS_18TensorIteratorBaseEN3c106ScalarES6_NS0_6detail11ClampLimitsEENKUlvE_clEvENKUlvE5_clEvEUlfE_St5arrayIPcLy2EELb0EEEviT0_T1_
352,16,conv3,_Z23implicit_convolve_sgemmIffiLi512ELi6ELi8ELi3ELi3ELi5ELi1ELb0ELb0ELb1EEviiiPKT_iPT0_S2_18kernel_conv_paramsyT1_ffiPKS3_S8_bbii
352,16,relu3,_ZN2at6native29vectorized_elementwise_kernelILi4EZZZNS0_49_GLOBAL__N__a62a4dcd_16_TensorCompare_cu_71e06f4e19launch_clamp_scalarERNS_18TensorIteratorBaseEN3c106ScalarES6_NS0_6detail11ClampLimitsEENKUlvE_clEvENKUlvE5_clEvEUlfE_St5arrayIPcLy2EELb0EEEviT0_T1_
352,16,conv4,_Z23implicit_convolve_sgemmIffiLi1024ELi5ELi5ELi3ELi3ELi3ELi1ELb0ELb0ELb1EEviiiPKT_iPT0_S2_18kernel_conv_paramsyT1_ffiPKS3_S8_bbii
352,16,relu4,_ZN2at6native29vectorized_elementwise_kernelILi4EZZZNS0_49_GLOBAL__N__a62a4dcd_16_TensorCompare_cu_71e06f4e19launch_clamp_scalarERNS_18TensorIteratorBaseEN3c106ScalarES6_NS0_6detail11ClampLimitsEENKUlvE_clEvENKUlvE5_clEvEUlfE_St5arrayIPcLy2EELb0EEEviT0_T1_
352,16,conv5,_Z23implicit_convolve_sgemmIffiLi512ELi6ELi8ELi3ELi3ELi5ELi1ELb0ELb0ELb1EEviiiPKT_iPT0_S2_18kernel_conv_paramsyT1_ffiPKS3_S8_bbii
352,16,relu5,_ZN2at6native29vectorized_elementwise_kernelILi4EZZZNS0_49_GLOBAL__N__a62a4dcd_16_TensorCompare_cu_71e06f4e19launch_clamp_scalarERNS_18TensorIteratorBaseEN3c106ScalarES6_NS0_6detail11ClampLimitsEENKUlvE_clEvENKUlvE5_clEvEUlfE_St5arrayIPcLy2EELb0EEEviT0_T1_
352,16,conv6,_ZN5cudnn3cnn23kern_precompute_indicesILb0EEEvPiiiiii
352,16,conv6,_Z26precomputed_convolve_sgemmIfiLi512ELi6ELi7ELi4ELi3ELi5ELi1ELb0EEviiiPKT_iPS0_S2_18kernel_conv_paramsyT0_ffibbS2_S2_Pi
352,16,relu6,_ZN2at6native29vectorized_elementwise_kernelILi4EZZZNS0_49_GLOBAL__N__a62a4dcd_16_TensorCompare_cu_71e06f4e19launch_clamp_scalarERNS_18TensorIteratorBaseEN3c106ScalarES6_NS0_6detail11ClampLimitsEENKUlvE_clEvENKUlvE5_clEvEUlfE_St5arrayIPcLy2EELb0EEEviT0_T1_
352,16,global_avg_pool,_ZN2at6native13reduce_kernelILi512ELi1ENS0_8ReduceOpIfNS0_7MeanOpsIffffEEjfLi4ELi4EEEEEvT1_
352,16,fc1,_Z16gemmSN_TN_kernelIfLi128ELi16ELi2ELi4ELi8ELi9ELb0E30cublasGemvTensorStridedBatchedIKfES2_S0_IfEEv22cublasGemmSmallNParamsIT7_T8_T9_T_E
352,16,relu7,_ZN2at6native29vectorized_elementwise_kernelILi4EZZZNS0_49_GLOBAL__N__a62a4dcd_16_TensorCompare_cu_71e06f4e19launch_clamp_scalarERNS_18TensorIteratorBaseEN3c106ScalarES6_NS0_6detail11ClampLimitsEENKUlvE_clEvENKUlvE5_clEvEUlfE_St5arrayIPcLy2EELb0EEEviT0_T1_
352,16,fc2,_Z16gemmSN_TN_kernelIfLi128ELi16ELi2ELi4ELi8ELi9ELb0E30cublasGemvTensorStridedBatchedIKfES2_S0_IfEEv22cublasGemmSmallNParamsIT7_T8_T9_T_E
352,32,conv1,_Z23implicit_convolve_sgemmIffiLi1024ELi5ELi5ELi3ELi3ELi3ELi1ELb0ELb0ELb1EEviiiPKT_iPT0_S2_18kernel_conv_paramsyT1_ffiPKS3_S8_bbii
352,32,relu1,_ZN2at6native29vectorized_elementwise_kernelILi4EZZZNS0_49_GLOBAL__N__a62a4dcd_16_TensorCompare_cu_71e06f4e19launch_clamp_scalarERNS_18TensorIteratorBaseEN3c106ScalarES6_NS0_6detail11ClampLimitsEENKUlvE_clEvENKUlvE5_clEvEUlfE_St5arrayIPcLy2EELb0EEEviT0_T1_
352,32,maxpool,_ZN2at6native52_GLOBAL__N__71d79c19_19_DilatedMaxPool2d_cu_9872839c21max_pool_forward_nchwIfiEEvT0_PKT_xxxiiiiiiiiiiPS4_Px
352,32,conv2,_Z23implicit_convolve_sgemmIffiLi1024ELi5ELi5ELi3ELi3ELi3ELi1ELb0ELb0ELb1EEviiiPKT_iPT0_S2_18kernel_conv_paramsyT1_ffiPKS3_S8_bbii
352,32,relu2,_ZN2at6native29vectorized_elementwise_kernelILi4EZZZNS0_49_GLOBAL__N__a62a4dcd_16_TensorCompare_cu_71e06f4e19launch_clamp_scalarERNS_18TensorIteratorBaseEN3c106ScalarES6_NS0_6detail11ClampLimitsEENKUlvE_clEvENKUlvE5_clEvEUlfE_St5arrayIPcLy2EELb0EEEviT0_T1_
352,32,conv3,_Z23implicit_convolve_sgemmIffiLi512ELi6ELi8ELi3ELi3ELi5ELi1ELb0ELb0ELb1EEviiiPKT_iPT0_S2_18kernel_conv_paramsyT1_ffiPKS3_S8_bbii
352,32,relu3,_ZN2at6native29vectorized_elementwise_kernelILi4EZZZNS0_49_GLOBAL__N__a62a4dcd_16_TensorCompare_cu_71e06f4e19launch_clamp_scalarERNS_18TensorIteratorBaseEN3c106ScalarES6_NS0_6detail11ClampLimitsEENKUlvE_clEvENKUlvE5_clEvEUlfE_St5arrayIPcLy2EELb0EEEviT0_T1_
352,32,conv4,_Z23implicit_convolve_sgemmIffiLi1024ELi5ELi5ELi3ELi3ELi3ELi1ELb0ELb0ELb1EEviiiPKT_iPT0_S2_18kernel_conv_paramsyT1_ffiPKS3_S8_bbii
352,32,relu4,_ZN2at6native29vectorized_elementwise_kernelILi4EZZZNS0_49_GLOBAL__N__a62a4dcd_16_TensorCompare_cu_71e06f4e19launch_clamp_scalarERNS_18TensorIteratorBaseEN3c106ScalarES6_NS0_6detail11ClampLimitsEENKUlvE_clEvENKUlvE5_clEvEUlfE_St5arrayIPcLy2EELb0EEEviT0_T1_
352,32,conv5,_Z23implicit_convolve_sgemmIffiLi512ELi6ELi8ELi3ELi3ELi5ELi1ELb0ELb0ELb1EEviiiPKT_iPT0_S2_18kernel_conv_paramsyT1_ffiPKS3_S8_bbii
352,32,relu5,_ZN2at6native29vectorized_elementwise_kernelILi4EZZZNS0_49_GLOBAL__N__a62a4dcd_16_TensorCompare_cu_71e06f4e19launch_clamp_scalarERNS_18TensorIteratorBaseEN3c106ScalarES6_NS0_6detail11ClampLimitsEENKUlvE_clEvENKUlvE5_clEvEUlfE_St5arrayIPcLy2EELb0EEEviT0_T1_
352,32,conv6,_ZN5cudnn3cnn23kern_precompute_indicesILb0EEEvPiiiiii
352,32,conv6,_Z26precomputed_convolve_sgemmIfiLi512ELi6ELi7ELi4ELi3ELi5ELi1ELb0EEviiiPKT_iPS0_S2_18kernel_conv_paramsyT0_ffibbS2_S2_Pi
352,32,relu6,_ZN2at6native29vectorized_elementwise_kernelILi4EZZZNS0_49_GLOBAL__N__a62a4dcd_16_TensorCompare_cu_71e06f4e19launch_clamp_scalarERNS_18TensorIteratorBaseEN3c106ScalarES6_NS0_6detail11ClampLimitsEENKUlvE_clEvENKUlvE5_clEvEUlfE_St5arrayIPcLy2EELb0EEEviT0_T1_
352,32,global_avg_pool,_ZN2at6native13reduce_kernelILi512ELi1ENS0_8ReduceOpIfNS0_7MeanOpsIffffEEjfLi4ELi4EEEEEvT1_
352,32,fc1,_ZN7cutlass7Kernel2I41cutlass_80_simt_sgemm_64x64_8x5_tn_align1EEvNT_6ParamsE
352,32,fc1,_ZN8cublasLt19splitKreduce_kernelILi32ELi16EiffffLb0EfffLb1ELb1ELb0ELb0EEEvNS_18cublasSplitKParamsIT4_EEPKT2_PKT8_PT7_PT3_PKS2_SF_PKT9_S6_PSG_PvxPS2_PiSL_SL_SF_SF_SF_SF_SF_
352,32,relu7,_ZN2at6native29vectorized_elementwise_kernelILi4EZZZNS0_49_GLOBAL__N__a62a4dcd_16_TensorCompare_cu_71e06f4e19launch_clamp_scalarERNS_18TensorIteratorBaseEN3c106ScalarES6_NS0_6detail11ClampLimitsEENKUlvE_clEvENKUlvE5_clEvEUlfE_St5arrayIPcLy2EELb0EEEviT0_T1_
352,32,fc2,_ZN7cutlass7Kernel2I41cutlass_80_simt_sgemm_64x64_8x5_tn_align1EEvNT_6ParamsE
352,32,fc2,_ZN8cublasLt19splitKreduce_kernelILi32ELi16EiffffLb0EfffLb1ELb1ELb0ELb0EEEvNS_18cublasSplitKParamsIT4_EEPKT2_PKT8_PT7_PT3_PKS2_SF_PKT9_S6_PSG_PvxPS2_PiSL_SL_SF_SF_SF_SF_SF_
352,64,conv1,_Z23implicit_convolve_sgemmIffiLi1024ELi5ELi5ELi3ELi3ELi3ELi1ELb0ELb0ELb1EEviiiPKT_iPT0_S2_18kernel_conv_paramsyT1_ffiPKS3_S8_bbii
352,64,relu1,_ZN2at6native29vectorized_elementwise_kernelILi4EZZZNS0_49_GLOBAL__N__a62a4dcd_16_TensorCompare_cu_71e06f4e19launch_clamp_scalarERNS_18TensorIteratorBaseEN3c106ScalarES6_NS0_6detail11ClampLimitsEENKUlvE_clEvENKUlvE5_clEvEUlfE_St5arrayIPcLy2EELb0EEEviT0_T1_
352,64,maxpool,_ZN2at6native52_GLOBAL__N__71d79c19_19_DilatedMaxPool2d_cu_9872839c21max_pool_forward_nchwIfiEEvT0_PKT_xxxiiiiiiiiiiPS4_Px
352,64,conv2,_Z23implicit_convolve_sgemmIffiLi1024ELi5ELi5ELi3ELi3ELi3ELi1ELb0ELb0ELb1EEviiiPKT_iPT0_S2_18kernel_conv_paramsyT1_ffiPKS3_S8_bbii
352,64,relu2,_ZN2at6native29vectorized_elementwise_kernelILi4EZZZNS0_49_GLOBAL__N__a62a4dcd_16_TensorCompare_cu_71e06f4e19launch_clamp_scalarERNS_18TensorIteratorBaseEN3c106ScalarES6_NS0_6detail11ClampLimitsEENKUlvE_clEvENKUlvE5_clEvEUlfE_St5arrayIPcLy2EELb0EEEviT0_T1_
352,64,conv3,_Z23implicit_convolve_sgemmIffiLi512ELi6ELi8ELi3ELi3ELi5ELi1ELb0ELb0ELb1EEviiiPKT_iPT0_S2_18kernel_conv_paramsyT1_ffiPKS3_S8_bbii
352,64,relu3,_ZN2at6native29vectorized_elementwise_kernelILi4EZZZNS0_49_GLOBAL__N__a62a4dcd_16_TensorCompare_cu_71e06f4e19launch_clamp_scalarERNS_18TensorIteratorBaseEN3c106ScalarES6_NS0_6detail11ClampLimitsEENKUlvE_clEvENKUlvE5_clEvEUlfE_St5arrayIPcLy2EELb0EEEviT0_T1_
352,64,conv4,_Z23implicit_convolve_sgemmIffiLi1024ELi5ELi5ELi3ELi3ELi3ELi1ELb0ELb0ELb1EEviiiPKT_iPT0_S2_18kernel_conv_paramsyT1_ffiPKS3_S8_bbii
352,64,relu4,_ZN2at6native29vectorized_elementwise_kernelILi4EZZZNS0_49_GLOBAL__N__a62a4dcd_16_TensorCompare_cu_71e06f4e19launch_clamp_scalarERNS_18TensorIteratorBaseEN3c106ScalarES6_NS0_6detail11ClampLimitsEENKUlvE_clEvENKUlvE5_clEvEUlfE_St5arrayIPcLy2EELb0EEEviT0_T1_
352,64,conv5,_Z23implicit_convolve_sgemmIffiLi512ELi6ELi8ELi3ELi3ELi5ELi1ELb0ELb0ELb1EEviiiPKT_iPT0_S2_18kernel_conv_paramsyT1_ffiPKS3_S8_bbii
352,64,relu5,_ZN2at6native29vectorized_elementwise_kernelILi4EZZZNS0_49_GLOBAL__N__a62a4dcd_16_TensorCompare_cu_71e06f4e19launch_clamp_scalarERNS_18TensorIteratorBaseEN3c106ScalarES6_NS0_6detail11ClampLimitsEENKUlvE_clEvENKUlvE5_clEvEUlfE_St5arrayIPcLy2EELb0EEEviT0_T1_
352,64,conv6,_ZN5cudnn3cnn23kern_precompute_indicesILb0EEEvPiiiiii
352,64,conv6,_Z26precomputed_convolve_sgemmIfiLi512ELi6ELi7ELi4ELi3ELi5ELi1ELb0EEviiiPKT_iPS0_S2_18kernel_conv_paramsyT0_ffibbS2_S2_Pi
352,64,relu6,_ZN2at6native29vectorized_elementwise_kernelILi4EZZZNS0_49_GLOBAL__N__a62a4dcd_16_TensorCompare_cu_71e06f4e19launch_clamp_scalarERNS_18TensorIteratorBaseEN3c106ScalarES6_NS0_6detail11ClampLimitsEENKUlvE_clEvENKUlvE5_clEvEUlfE_St5arrayIPcLy2EELb0EEEviT0_T1_
352,64,global_avg_pool,_ZN2at6native13reduce_kernelILi512ELi1ENS0_8ReduceOpIfNS0_7MeanOpsIffffEEjfLi4ELi4EEEEEvT1_
352,64,fc1,_ZN7cutlass7Kernel2I41cutlass_80_simt_sgemm_64x64_8x5_tn_align1EEvNT_6ParamsE
352,64,fc1,_ZN8cublasLt19splitKreduce_kernelILi32ELi16EiffffLb0EfffLb1ELb1ELb0ELb0EEEvNS_18cublasSplitKParamsIT4_EEPKT2_PKT8_PT7_PT3_PKS2_SF_PKT9_S6_PSG_PvxPS2_PiSL_SL_SF_SF_SF_SF_SF_
352,64,relu7,_ZN2at6native29vectorized_elementwise_kernelILi4EZZZNS0_49_GLOBAL__N__a62a4dcd_16_TensorCompare_cu_71e06f4e19launch_clamp_scalarERNS_18TensorIteratorBaseEN3c106ScalarES6_NS0_6detail11ClampLimitsEENKUlvE_clEvENKUlvE5_clEvEUlfE_St5arrayIPcLy2EELb0EEEviT0_T1_
352,64,fc2,_ZN7cutlass7Kernel2I41cutlass_80_simt_sgemm_64x64_8x5_tn_align1EEvNT_6ParamsE
352,64,fc2,_ZN8cublasLt19splitKreduce_kernelILi32ELi16EiffffLb0EfffLb1ELb1ELb0ELb0EEEvNS_18cublasSplitKParamsIT4_EEPKT2_PKT8_PT7_PT3_PKS2_SF_PKT9_S6_PSG_PvxPS2_PiSL_SL_SF_SF_SF_SF_SF_
352,95,conv1,_Z23implicit_convolve_sgemmIffiLi1024ELi5ELi5ELi3ELi3ELi3ELi1ELb0ELb0ELb1EEviiiPKT_iPT0_S2_18kernel_conv_paramsyT1_ffiPKS3_S8_bbii
352,95,relu1,_ZN2at6native29vectorized_elementwise_kernelILi4EZZZNS0_49_GLOBAL__N__a62a4dcd_16_TensorCompare_cu_71e06f4e19launch_clamp_scalarERNS_18TensorIteratorBaseEN3c106ScalarES6_NS0_6detail11ClampLimitsEENKUlvE_clEvENKUlvE5_clEvEUlfE_St5arrayIPcLy2EELb0EEEviT0_T1_
352,95,maxpool,_ZN2at6native52_GLOBAL__N__71d79c19_19_DilatedMaxPool2d_cu_9872839c21max_pool_forward_nchwIfiEEvT0_PKT_xxxiiiiiiiiiiPS4_Px
352,95,conv2,_Z23implicit_convolve_sgemmIffiLi1024ELi5ELi5ELi3ELi3ELi3ELi1ELb0ELb0ELb1EEviiiPKT_iPT0_S2_18kernel_conv_paramsyT1_ffiPKS3_S8_bbii
352,95,relu2,_ZN2at6native29vectorized_elementwise_kernelILi4EZZZNS0_49_GLOBAL__N__a62a4dcd_16_TensorCompare_cu_71e06f4e19launch_clamp_scalarERNS_18TensorIteratorBaseEN3c106ScalarES6_NS0_6detail11ClampLimitsEENKUlvE_clEvENKUlvE5_clEvEUlfE_St5arrayIPcLy2EELb0EEEviT0_T1_
352,95,conv3,_Z23implicit_convolve_sgemmIffiLi512ELi6ELi8ELi3ELi3ELi5ELi1ELb0ELb0ELb1EEviiiPKT_iPT0_S2_18kernel_conv_paramsyT1_ffiPKS3_S8_bbii
352,95,relu3,_ZN2at6native29vectorized_elementwise_kernelILi4EZZZNS0_49_GLOBAL__N__a62a4dcd_16_TensorCompare_cu_71e06f4e19launch_clamp_scalarERNS_18TensorIteratorBaseEN3c106ScalarES6_NS0_6detail11ClampLimitsEENKUlvE_clEvENKUlvE5_clEvEUlfE_St5arrayIPcLy2EELb0EEEviT0_T1_
352,95,conv4,_ZN5cudnn3cnn23kern_precompute_indicesILb0EEEvPiiiiii
352,95,conv4,_Z26precomputed_convolve_sgemmIfiLi512ELi6ELi7ELi4ELi3ELi5ELi1ELb0EEviiiPKT_iPS0_S2_18kernel_conv_paramsyT0_ffibbS2_S2_Pi
352,95,relu4,_ZN2at6native29vectorized_elementwise_kernelILi4EZZZNS0_49_GLOBAL__N__a62a4dcd_16_TensorCompare_cu_71e06f4e19launch_clamp_scalarERNS_18TensorIteratorBaseEN3c106ScalarES6_NS0_6detail11ClampLimitsEENKUlvE_clEvENKUlvE5_clEvEUlfE_St5arrayIPcLy2EELb0EEEviT0_T1_
352,95,conv5,_Z23implicit_convolve_sgemmIffiLi512ELi6ELi8ELi3ELi3ELi5ELi1ELb0ELb0ELb1EEviiiPKT_iPT0_S2_18kernel_conv_paramsyT1_ffiPKS3_S8_bbii
352,95,relu5,_ZN2at6native29vectorized_elementwise_kernelILi4EZZZNS0_49_GLOBAL__N__a62a4dcd_16_TensorCompare_cu_71e06f4e19launch_clamp_scalarERNS_18TensorIteratorBaseEN3c106ScalarES6_NS0_6detail11ClampLimitsEENKUlvE_clEvENKUlvE5_clEvEUlfE_St5arrayIPcLy2EELb0EEEviT0_T1_
352,95,conv6,_ZN5cudnn3cnn23kern_precompute_indicesILb0EEEvPiiiiii
352,95,conv6,_Z26precomputed_convolve_sgemmIfiLi512ELi6ELi7ELi4ELi3ELi5ELi1ELb0EEviiiPKT_iPS0_S2_18kernel_conv_paramsyT0_ffibbS2_S2_Pi
352,95,relu6,_ZN2at6native29vectorized_elementwise_kernelILi4EZZZNS0_49_GLOBAL__N__a62a4dcd_16_TensorCompare_cu_71e06f4e19launch_clamp_scalarERNS_18TensorIteratorBaseEN3c106ScalarES6_NS0_6detail11ClampLimitsEENKUlvE_clEvENKUlvE5_clEvEUlfE_St5arrayIPcLy2EELb0EEEviT0_T1_
352,95,global_avg_pool,_ZN2at6native13reduce_kernelILi512ELi1ENS0_8ReduceOpIfNS0_7MeanOpsIffffEEjfLi4ELi4EEEEEvT1_
352,95,fc1,_ZN7cutlass7Kernel2I41cutlass_80_simt_sgemm_64x64_8x5_tn_align1EEvNT_6ParamsE
352,95,fc1,_ZN8cublasLt19splitKreduce_kernelILi32ELi16EiffffLb0EfffLb1ELb1ELb0ELb0EEEvNS_18cublasSplitKParamsIT4_EEPKT2_PKT8_PT7_PT3_PKS2_SF_PKT9_S6_PSG_PvxPS2_PiSL_SL_SF_SF_SF_SF_SF_
352,95,relu7,_ZN2at6native29vectorized_elementwise_kernelILi4EZZZNS0_49_GLOBAL__N__a62a4dcd_16_TensorCompare_cu_71e06f4e19launch_clamp_scalarERNS_18TensorIteratorBaseEN3c106ScalarES6_NS0_6detail11ClampLimitsEENKUlvE_clEvENKUlvE5_clEvEUlfE_St5arrayIPcLy2EELb0EEEviT0_T1_
352,95,fc2,_ZN7cutlass7Kernel2I41cutlass_80_simt_sgemm_64x64_8x5_tn_align1EEvNT_6ParamsE
352,95,fc2,_ZN8cublasLt19splitKreduce_kernelILi32ELi16EiffffLb0EfffLb1ELb1ELb0ELb0EEEvNS_18cublasSplitKParamsIT4_EEPKT2_PKT8_PT7_PT3_PKS2_SF_PKT9_S6_PSG_PvxPS2_PiSL_SL_SF_SF_SF_SF_SF_
352,98,conv1,_Z23implicit_convolve_sgemmIffiLi1024ELi5ELi5ELi3ELi3ELi3ELi1ELb0ELb0ELb1EEviiiPKT_iPT0_S2_18kernel_conv_paramsyT1_ffiPKS3_S8_bbii
352,98,relu1,_ZN2at6native29vectorized_elementwise_kernelILi4EZZZNS0_49_GLOBAL__N__a62a4dcd_16_TensorCompare_cu_71e06f4e19launch_clamp_scalarERNS_18TensorIteratorBaseEN3c106ScalarES6_NS0_6detail11ClampLimitsEENKUlvE_clEvENKUlvE5_clEvEUlfE_St5arrayIPcLy2EELb0EEEviT0_T1_
352,98,maxpool,_ZN2at6native52_GLOBAL__N__71d79c19_19_DilatedMaxPool2d_cu_9872839c21max_pool_forward_nchwIfiEEvT0_PKT_xxxiiiiiiiiiiPS4_Px
352,98,conv2,_Z23implicit_convolve_sgemmIffiLi1024ELi5ELi5ELi3ELi3ELi3ELi1ELb0ELb0ELb1EEviiiPKT_iPT0_S2_18kernel_conv_paramsyT1_ffiPKS3_S8_bbii
352,98,relu2,_ZN2at6native29vectorized_elementwise_kernelILi4EZZZNS0_49_GLOBAL__N__a62a4dcd_16_TensorCompare_cu_71e06f4e19launch_clamp_scalarERNS_18TensorIteratorBaseEN3c106ScalarES6_NS0_6detail11ClampLimitsEENKUlvE_clEvENKUlvE5_clEvEUlfE_St5arrayIPcLy2EELb0EEEviT0_T1_
352,98,conv3,_Z23implicit_convolve_sgemmIffiLi512ELi6ELi8ELi3ELi3ELi5ELi1ELb0ELb0ELb1EEviiiPKT_iPT0_S2_18kernel_conv_paramsyT1_ffiPKS3_S8_bbii
352,98,relu3,_ZN2at6native29vectorized_elementwise_kernelILi4EZZZNS0_49_GLOBAL__N__a62a4dcd_16_TensorCompare_cu_71e06f4e19launch_clamp_scalarERNS_18TensorIteratorBaseEN3c106ScalarES6_NS0_6detail11ClampLimitsEENKUlvE_clEvENKUlvE5_clEvEUlfE_St5arrayIPcLy2EELb0EEEviT0_T1_
352,98,conv4,_ZN5cudnn3cnn23kern_precompute_indicesILb0EEEvPiiiiii
352,98,conv4,_Z26precomputed_convolve_sgemmIfiLi512ELi6ELi7ELi4ELi3ELi5ELi1ELb0EEviiiPKT_iPS0_S2_18kernel_conv_paramsyT0_ffibbS2_S2_Pi
352,98,relu4,_ZN2at6native29vectorized_elementwise_kernelILi4EZZZNS0_49_GLOBAL__N__a62a4dcd_16_TensorCompare_cu_71e06f4e19launch_clamp_scalarERNS_18TensorIteratorBaseEN3c106ScalarES6_NS0_6detail11ClampLimitsEENKUlvE_clEvENKUlvE5_clEvEUlfE_St5arrayIPcLy2EELb0EEEviT0_T1_
352,98,conv5,_Z23implicit_convolve_sgemmIffiLi512ELi6ELi8ELi3ELi3ELi5ELi1ELb0ELb0ELb1EEviiiPKT_iPT0_S2_18kernel_conv_paramsyT1_ffiPKS3_S8_bbii
352,98,relu5,_ZN2at6native29vectorized_elementwise_kernelILi4EZZZNS0_49_GLOBAL__N__a62a4dcd_16_TensorCompare_cu_71e06f4e19launch_clamp_scalarERNS_18TensorIteratorBaseEN3c106ScalarES6_NS0_6detail11ClampLimitsEENKUlvE_clEvENKUlvE5_clEvEUlfE_St5arrayIPcLy2EELb0EEEviT0_T1_
352,98,conv6,_ZN5cudnn3cnn23kern_precompute_indicesILb0EEEvPiiiiii
352,98,conv6,_Z26precomputed_convolve_sgemmIfiLi512ELi6ELi7ELi4ELi3ELi5ELi1ELb0EEviiiPKT_iPS0_S2_18kernel_conv_paramsyT0_ffibbS2_S2_Pi
352,98,relu6,_ZN2at6native29vectorized_elementwise_kernelILi4EZZZNS0_49_GLOBAL__N__a62a4dcd_16_TensorCompare_cu_71e06f4e19launch_clamp_scalarERNS_18TensorIteratorBaseEN3c106ScalarES6_NS0_6detail11ClampLimitsEENKUlvE_clEvENKUlvE5_clEvEUlfE_St5arrayIPcLy2EELb0EEEviT0_T1_
352,98,global_avg_pool,_ZN2at6native13reduce_kernelILi512ELi1ENS0_8ReduceOpIfNS0_7MeanOpsIffffEEjfLi4ELi4EEEEEvT1_
352,98,fc1,_ZN7cutlass7Kernel2I41cutlass_80_simt_sgemm_64x64_8x5_tn_align1EEvNT_6ParamsE
352,98,fc1,_ZN8cublasLt19splitKreduce_kernelILi32ELi16EiffffLb0EfffLb1ELb1ELb0ELb0EEEvNS_18cublasSplitKParamsIT4_EEPKT2_PKT8_PT7_PT3_PKS2_SF_PKT9_S6_PSG_PvxPS2_PiSL_SL_SF_SF_SF_SF_SF_
352,98,relu7,_ZN2at6native29vectorized_elementwise_kernelILi4EZZZNS0_49_GLOBAL__N__a62a4dcd_16_TensorCompare_cu_71e06f4e19launch_clamp_scalarERNS_18TensorIteratorBaseEN3c106ScalarES6_NS0_6detail11ClampLimitsEENKUlvE_clEvENKUlvE5_clEvEUlfE_St5arrayIPcLy2EELb0EEEviT0_T1_
352,98,fc2,_ZN7cutlass7Kernel2I41cutlass_80_simt_sgemm_64x64_8x5_tn_align1EEvNT_6ParamsE
352,98,fc2,_ZN8cublasLt19splitKreduce_kernelILi32ELi16EiffffLb0EfffLb1ELb1ELb0ELb0EEEvNS_18cublasSplitKParamsIT4_EEPKT2_PKT8_PT7_PT3_PKS2_SF_PKT9_S6_PSG_PvxPS2_PiSL_SL_SF_SF_SF_SF_SF_
352,128,conv1,_Z23implicit_convolve_sgemmIffiLi1024ELi5ELi5ELi3ELi3ELi3ELi1ELb0ELb0ELb1EEviiiPKT_iPT0_S2_18kernel_conv_paramsyT1_ffiPKS3_S8_bbii
352,128,relu1,_ZN2at6native29vectorized_elementwise_kernelILi4EZZZNS0_49_GLOBAL__N__a62a4dcd_16_TensorCompare_cu_71e06f4e19launch_clamp_scalarERNS_18TensorIteratorBaseEN3c106ScalarES6_NS0_6detail11ClampLimitsEENKUlvE_clEvENKUlvE5_clEvEUlfE_St5arrayIPcLy2EELb0EEEviT0_T1_
352,128,maxpool,_ZN2at6native52_GLOBAL__N__71d79c19_19_DilatedMaxPool2d_cu_9872839c21max_pool_forward_nchwIfiEEvT0_PKT_xxxiiiiiiiiiiPS4_Px
352,128,conv2,_Z23implicit_convolve_sgemmIffiLi1024ELi5ELi5ELi3ELi3ELi3ELi1ELb0ELb0ELb1EEviiiPKT_iPT0_S2_18kernel_conv_paramsyT1_ffiPKS3_S8_bbii
352,128,relu2,_ZN2at6native29vectorized_elementwise_kernelILi4EZZZNS0_49_GLOBAL__N__a62a4dcd_16_TensorCompare_cu_71e06f4e19launch_clamp_scalarERNS_18TensorIteratorBaseEN3c106ScalarES6_NS0_6detail11ClampLimitsEENKUlvE_clEvENKUlvE5_clEvEUlfE_St5arrayIPcLy2EELb0EEEviT0_T1_
352,128,conv3,_Z23implicit_convolve_sgemmIffiLi512ELi6ELi8ELi3ELi3ELi5ELi1ELb0ELb0ELb1EEviiiPKT_iPT0_S2_18kernel_conv_paramsyT1_ffiPKS3_S8_bbii
352,128,relu3,_ZN2at6native29vectorized_elementwise_kernelILi4EZZZNS0_49_GLOBAL__N__a62a4dcd_16_TensorCompare_cu_71e06f4e19launch_clamp_scalarERNS_18TensorIteratorBaseEN3c106ScalarES6_NS0_6detail11ClampLimitsEENKUlvE_clEvENKUlvE5_clEvEUlfE_St5arrayIPcLy2EELb0EEEviT0_T1_
352,128,conv4,_ZN5cudnn3cnn23kern_precompute_indicesILb0EEEvPiiiiii
352,128,conv4,_Z26precomputed_convolve_sgemmIfiLi512ELi6ELi7ELi4ELi3ELi5ELi1ELb0EEviiiPKT_iPS0_S2_18kernel_conv_paramsyT0_ffibbS2_S2_Pi
352,128,relu4,_ZN2at6native29vectorized_elementwise_kernelILi4EZZZNS0_49_GLOBAL__N__a62a4dcd_16_TensorCompare_cu_71e06f4e19launch_clamp_scalarERNS_18TensorIteratorBaseEN3c106ScalarES6_NS0_6detail11ClampLimitsEENKUlvE_clEvENKUlvE5_clEvEUlfE_St5arrayIPcLy2EELb0EEEviT0_T1_
352,128,conv5,_Z23implicit_convolve_sgemmIffiLi512ELi6ELi8ELi3ELi3ELi5ELi1ELb0ELb0ELb1EEviiiPKT_iPT0_S2_18kernel_conv_paramsyT1_ffiPKS3_S8_bbii
352,128,relu5,_ZN2at6native29vectorized_elementwise_kernelILi4EZZZNS0_49_GLOBAL__N__a62a4dcd_16_TensorCompare_cu_71e06f4e19launch_clamp_scalarERNS_18TensorIteratorBaseEN3c106ScalarES6_NS0_6detail11ClampLimitsEENKUlvE_clEvENKUlvE5_clEvEUlfE_St5arrayIPcLy2EELb0EEEviT0_T1_
352,128,conv6,_ZN5cudnn3cnn23kern_precompute_indicesILb0EEEvPiiiiii
352,128,conv6,_Z26precomputed_convolve_sgemmIfiLi512ELi6ELi7ELi4ELi3ELi5ELi1ELb0EEviiiPKT_iPS0_S2_18kernel_conv_paramsyT0_ffibbS2_S2_Pi
352,128,relu6,_ZN2at6native29vectorized_elementwise_kernelILi4EZZZNS0_49_GLOBAL__N__a62a4dcd_16_TensorCompare_cu_71e06f4e19launch_clamp_scalarERNS_18TensorIteratorBaseEN3c106ScalarES6_NS0_6detail11ClampLimitsEENKUlvE_clEvENKUlvE5_clEvEUlfE_St5arrayIPcLy2EELb0EEEviT0_T1_
352,128,global_avg_pool,_ZN2at6native13reduce_kernelILi512ELi1ENS0_8ReduceOpIfNS0_7MeanOpsIffffEEjfLi4ELi4EEEEEvT1_
352,128,fc1,_ZN7cutlass7Kernel2I41cutlass_80_simt_sgemm_64x64_8x5_tn_align1EEvNT_6ParamsE
352,128,fc1,_ZN8cublasLt19splitKreduce_kernelILi32ELi16EiffffLb0EfffLb1ELb1ELb0ELb0EEEvNS_18cublasSplitKParamsIT4_EEPKT2_PKT8_PT7_PT3_PKS2_SF_PKT9_S6_PSG_PvxPS2_PiSL_SL_SF_SF_SF_SF_SF_
352,128,relu7,_ZN2at6native29vectorized_elementwise_kernelILi4EZZZNS0_49_GLOBAL__N__a62a4dcd_16_TensorCompare_cu_71e06f4e19launch_clamp_scalarERNS_18TensorIteratorBaseEN3c106ScalarES6_NS0_6detail11ClampLimitsEENKUlvE_clEvENKUlvE5_clEvEUlfE_St5arrayIPcLy2EELb0EEEviT0_T1_
352,128,fc2,_ZN7cutlass7Kernel2I41cutlass_80_simt_sgemm_64x64_8x5_tn_align1EEvNT_6ParamsE
352,128,fc2,_ZN8cublasLt19splitKreduce_kernelILi32ELi16EiffffLb0EfffLb1ELb1ELb0ELb0EEEvNS_18cublasSplitKParamsIT4_EEPKT2_PKT8_PT7_PT3_PKS2_SF_PKT9_S6_PSG_PvxPS2_PiSL_SL_SF_SF_SF_SF_SF_
352,167,conv1,_Z23implicit_convolve_sgemmIffiLi1024ELi5ELi5ELi3ELi3ELi3ELi1ELb0ELb0ELb1EEviiiPKT_iPT0_S2_18kernel_conv_paramsyT1_ffiPKS3_S8_bbii
352,167,relu1,_ZN2at6native29vectorized_elementwise_kernelILi4EZZZNS0_49_GLOBAL__N__a62a4dcd_16_TensorCompare_cu_71e06f4e19launch_clamp_scalarERNS_18TensorIteratorBaseEN3c106ScalarES6_NS0_6detail11ClampLimitsEENKUlvE_clEvENKUlvE5_clEvEUlfE_St5arrayIPcLy2EELb0EEEviT0_T1_
352,167,maxpool,_ZN2at6native52_GLOBAL__N__71d79c19_19_DilatedMaxPool2d_cu_9872839c21max_pool_forward_nchwIfiEEvT0_PKT_xxxiiiiiiiiiiPS4_Px
352,167,conv2,_Z23implicit_convolve_sgemmIffiLi1024ELi5ELi5ELi3ELi3ELi3ELi1ELb0ELb0ELb1EEviiiPKT_iPT0_S2_18kernel_conv_paramsyT1_ffiPKS3_S8_bbii
352,167,relu2,_ZN2at6native29vectorized_elementwise_kernelILi4EZZZNS0_49_GLOBAL__N__a62a4dcd_16_TensorCompare_cu_71e06f4e19launch_clamp_scalarERNS_18TensorIteratorBaseEN3c106ScalarES6_NS0_6detail11ClampLimitsEENKUlvE_clEvENKUlvE5_clEvEUlfE_St5arrayIPcLy2EELb0EEEviT0_T1_
352,167,conv3,_Z23implicit_convolve_sgemmIffiLi512ELi6ELi8ELi3ELi3ELi5ELi1ELb0ELb0ELb1EEviiiPKT_iPT0_S2_18kernel_conv_paramsyT1_ffiPKS3_S8_bbii
352,167,relu3,_ZN2at6native29vectorized_elementwise_kernelILi4EZZZNS0_49_GLOBAL__N__a62a4dcd_16_TensorCompare_cu_71e06f4e19launch_clamp_scalarERNS_18TensorIteratorBaseEN3c106ScalarES6_NS0_6detail11ClampLimitsEENKUlvE_clEvENKUlvE5_clEvEUlfE_St5arrayIPcLy2EELb0EEEviT0_T1_
352,167,conv4,_ZN5cudnn3cnn23kern_precompute_indicesILb0EEEvPiiiiii
352,167,conv4,_Z26precomputed_convolve_sgemmIfiLi512ELi6ELi7ELi4ELi3ELi5ELi1ELb0EEviiiPKT_iPS0_S2_18kernel_conv_paramsyT0_ffibbS2_S2_Pi
352,167,relu4,_ZN2at6native29vectorized_elementwise_kernelILi4EZZZNS0_49_GLOBAL__N__a62a4dcd_16_TensorCompare_cu_71e06f4e19launch_clamp_scalarERNS_18TensorIteratorBaseEN3c106ScalarES6_NS0_6detail11ClampLimitsEENKUlvE_clEvENKUlvE5_clEvEUlfE_St5arrayIPcLy2EELb0EEEviT0_T1_
352,167,conv5,_Z23implicit_convolve_sgemmIffiLi512ELi6ELi8ELi3ELi3ELi5ELi1ELb0ELb0ELb1EEviiiPKT_iPT0_S2_18kernel_conv_paramsyT1_ffiPKS3_S8_bbii
352,167,relu5,_ZN2at6native29vectorized_elementwise_kernelILi4EZZZNS0_49_GLOBAL__N__a62a4dcd_16_TensorCompare_cu_71e06f4e19launch_clamp_scalarERNS_18TensorIteratorBaseEN3c106ScalarES6_NS0_6detail11ClampLimitsEENKUlvE_clEvENKUlvE5_clEvEUlfE_St5arrayIPcLy2EELb0EEEviT0_T1_
352,167,conv6,_ZN5cudnn3cnn23kern_precompute_indicesILb0EEEvPiiiiii
352,167,conv6,_Z26precomputed_convolve_sgemmIfiLi512ELi6ELi7ELi4ELi3ELi5ELi1ELb0EEviiiPKT_iPS0_S2_18kernel_conv_paramsyT0_ffibbS2_S2_Pi
352,167,relu6,_ZN2at6native29vectorized_elementwise_kernelILi4EZZZNS0_49_GLOBAL__N__a62a4dcd_16_TensorCompare_cu_71e06f4e19launch_clamp_scalarERNS_18TensorIteratorBaseEN3c106ScalarES6_NS0_6detail11ClampLimitsEENKUlvE_clEvENKUlvE5_clEvEUlfE_St5arrayIPcLy2EELb0EEEviT0_T1_
352,167,global_avg_pool,_ZN2at6native13reduce_kernelILi512ELi1ENS0_8ReduceOpIfNS0_7MeanOpsIffffEEjfLi4ELi4EEEEEvT1_
352,167,fc1,_ZN7cutlass7Kernel2I41cutlass_80_simt_sgemm_64x64_8x5_tn_align1EEvNT_6ParamsE
352,167,fc1,_ZN8cublasLt19splitKreduce_kernelILi32ELi16EiffffLb0EfffLb1ELb1ELb0ELb0EEEvNS_18cublasSplitKParamsIT4_EEPKT2_PKT8_PT7_PT3_PKS2_SF_PKT9_S6_PSG_PvxPS2_PiSL_SL_SF_SF_SF_SF_SF_
352,167,relu7,_ZN2at6native29vectorized_elementwise_kernelILi4EZZZNS0_49_GLOBAL__N__a62a4dcd_16_TensorCompare_cu_71e06f4e19launch_clamp_scalarERNS_18TensorIteratorBaseEN3c106ScalarES6_NS0_6detail11ClampLimitsEENKUlvE_clEvENKUlvE5_clEvEUlfE_St5arrayIPcLy2EELb0EEEviT0_T1_
352,167,fc2,_ZN7cutlass7Kernel2I41cutlass_80_simt_sgemm_64x64_8x5_tn_align1EEvNT_6ParamsE
352,167,fc2,_ZN8cublasLt19splitKreduce_kernelILi32ELi16EiffffLb0EfffLb1ELb1ELb0ELb0EEEvNS_18cublasSplitKParamsIT4_EEPKT2_PKT8_PT7_PT3_PKS2_SF_PKT9_S6_PSG_PvxPS2_PiSL_SL_SF_SF_SF_SF_SF_
352,256,conv1,_Z23implicit_convolve_sgemmIffiLi1024ELi5ELi5ELi3ELi3ELi3ELi1ELb0ELb0ELb1EEviiiPKT_iPT0_S2_18kernel_conv_paramsyT1_ffiPKS3_S8_bbii
352,256,relu1,_ZN2at6native29vectorized_elementwise_kernelILi4EZZZNS0_49_GLOBAL__N__a62a4dcd_16_TensorCompare_cu_71e06f4e19launch_clamp_scalarERNS_18TensorIteratorBaseEN3c106ScalarES6_NS0_6detail11ClampLimitsEENKUlvE_clEvENKUlvE5_clEvEUlfE_St5arrayIPcLy2EELb0EEEviT0_T1_
352,256,maxpool,_ZN2at6native52_GLOBAL__N__71d79c19_19_DilatedMaxPool2d_cu_9872839c21max_pool_forward_nchwIfiEEvT0_PKT_xxxiiiiiiiiiiPS4_Px
352,256,conv2,_Z23implicit_convolve_sgemmIffiLi128ELi5ELi5ELi3ELi3ELi3ELi1ELb0ELb0ELb1EEviiiPKT_iPT0_S2_18kernel_conv_paramsyT1_ffiPKS3_S8_bbii
352,256,relu2,_ZN2at6native29vectorized_elementwise_kernelILi4EZZZNS0_49_GLOBAL__N__a62a4dcd_16_TensorCompare_cu_71e06f4e19launch_clamp_scalarERNS_18TensorIteratorBaseEN3c106ScalarES6_NS0_6detail11ClampLimitsEENKUlvE_clEvENKUlvE5_clEvEUlfE_St5arrayIPcLy2EELb0EEEviT0_T1_
352,256,conv3,_Z23implicit_convolve_sgemmIffiLi512ELi6ELi8ELi3ELi3ELi5ELi1ELb0ELb0ELb1EEviiiPKT_iPT0_S2_18kernel_conv_paramsyT1_ffiPKS3_S8_bbii
352,256,relu3,_ZN2at6native29vectorized_elementwise_kernelILi4EZZZNS0_49_GLOBAL__N__a62a4dcd_16_TensorCompare_cu_71e06f4e19launch_clamp_scalarERNS_18TensorIteratorBaseEN3c106ScalarES6_NS0_6detail11ClampLimitsEENKUlvE_clEvENKUlvE5_clEvEUlfE_St5arrayIPcLy2EELb0EEEviT0_T1_
352,256,conv4,_ZN5cudnn3cnn23kern_precompute_indicesILb0EEEvPiiiiii
352,256,conv4,_Z26precomputed_convolve_sgemmIfiLi512ELi6ELi7ELi4ELi3ELi5ELi1ELb0EEviiiPKT_iPS0_S2_18kernel_conv_paramsyT0_ffibbS2_S2_Pi
352,256,relu4,_ZN2at6native29vectorized_elementwise_kernelILi4EZZZNS0_49_GLOBAL__N__a62a4dcd_16_TensorCompare_cu_71e06f4e19launch_clamp_scalarERNS_18TensorIteratorBaseEN3c106ScalarES6_NS0_6detail11ClampLimitsEENKUlvE_clEvENKUlvE5_clEvEUlfE_St5arrayIPcLy2EELb0EEEviT0_T1_
352,256,conv5,_Z23implicit_convolve_sgemmIffiLi512ELi6ELi8ELi3ELi3ELi5ELi1ELb0ELb0ELb1EEviiiPKT_iPT0_S2_18kernel_conv_paramsyT1_ffiPKS3_S8_bbii
352,256,relu5,_ZN2at6native29vectorized_elementwise_kernelILi4EZZZNS0_49_GLOBAL__N__a62a4dcd_16_TensorCompare_cu_71e06f4e19launch_clamp_scalarERNS_18TensorIteratorBaseEN3c106ScalarES6_NS0_6detail11ClampLimitsEENKUlvE_clEvENKUlvE5_clEvEUlfE_St5arrayIPcLy2EELb0EEEviT0_T1_
352,256,conv6,_ZN5cudnn3cnn23kern_precompute_indicesILb0EEEvPiiiiii
352,256,conv6,_Z26precomputed_convolve_sgemmIfiLi512ELi6ELi7ELi4ELi3ELi5ELi1ELb0EEviiiPKT_iPS0_S2_18kernel_conv_paramsyT0_ffibbS2_S2_Pi
352,256,relu6,_ZN2at6native29vectorized_elementwise_kernelILi4EZZZNS0_49_GLOBAL__N__a62a4dcd_16_TensorCompare_cu_71e06f4e19launch_clamp_scalarERNS_18TensorIteratorBaseEN3c106ScalarES6_NS0_6detail11ClampLimitsEENKUlvE_clEvENKUlvE5_clEvEUlfE_St5arrayIPcLy2EELb0EEEviT0_T1_
352,256,global_avg_pool,_ZN2at6native13reduce_kernelILi512ELi1ENS0_8ReduceOpIfNS0_7MeanOpsIffffEEjfLi4ELi4EEEEEvT1_
352,256,fc1,_ZN7cutlass7Kernel2I41cutlass_80_simt_sgemm_64x64_8x5_tn_align1EEvNT_6ParamsE
352,256,fc1,_ZN8cublasLt19splitKreduce_kernelILi32ELi16EiffffLb0EfffLb1ELb1ELb0ELb0EEEvNS_18cublasSplitKParamsIT4_EEPKT2_PKT8_PT7_PT3_PKS2_SF_PKT9_S6_PSG_PvxPS2_PiSL_SL_SF_SF_SF_SF_SF_
352,256,relu7,_ZN2at6native29vectorized_elementwise_kernelILi4EZZZNS0_49_GLOBAL__N__a62a4dcd_16_TensorCompare_cu_71e06f4e19launch_clamp_scalarERNS_18TensorIteratorBaseEN3c106ScalarES6_NS0_6detail11ClampLimitsEENKUlvE_clEvENKUlvE5_clEvEUlfE_St5arrayIPcLy2EELb0EEEviT0_T1_
352,256,fc2,_ZN7cutlass7Kernel2I41cutlass_80_simt_sgemm_64x64_8x5_tn_align1EEvNT_6ParamsE
352,256,fc2,_ZN8cublasLt19splitKreduce_kernelILi32ELi16EiffffLb0EfffLb1ELb1ELb0ELb0EEEvNS_18cublasSplitKParamsIT4_EEPKT2_PKT8_PT7_PT3_PKS2_SF_PKT9_S6_PSG_PvxPS2_PiSL_SL_SF_SF_SF_SF_SF_
384,1,conv1,_Z23implicit_convolve_sgemmIffiLi1024ELi5ELi5ELi3ELi3ELi3ELi1ELb0ELb0ELb1EEviiiPKT_iPT0_S2_18kernel_conv_paramsyT1_ffiPKS3_S8_bbii
384,1,relu1,_ZN2at6native29vectorized_elementwise_kernelILi4EZZZNS0_49_GLOBAL__N__a62a4dcd_16_TensorCompare_cu_71e06f4e19launch_clamp_scalarERNS_18TensorIteratorBaseEN3c106ScalarES6_NS0_6detail11ClampLimitsEENKUlvE_clEvENKUlvE5_clEvEUlfE_St5arrayIPcLy2EELb0EEEviT0_T1_
384,1,maxpool,_ZN2at6native52_GLOBAL__N__71d79c19_19_DilatedMaxPool2d_cu_9872839c21max_pool_forward_nchwIfiEEvT0_PKT_xxxiiiiiiiiiiPS4_Px
384,1,conv2,_Z23implicit_convolve_sgemmIffiLi128ELi5ELi5ELi3ELi3ELi3ELi1ELb0ELb0ELb1EEviiiPKT_iPT0_S2_18kernel_conv_paramsyT1_ffiPKS3_S8_bbii
384,1,relu2,_ZN2at6native29vectorized_elementwise_kernelILi4EZZZNS0_49_GLOBAL__N__a62a4dcd_16_TensorCompare_cu_71e06f4e19launch_clamp_scalarERNS_18TensorIteratorBaseEN3c106ScalarES6_NS0_6detail11ClampLimitsEENKUlvE_clEvENKUlvE5_clEvEUlfE_St5arrayIPcLy2EELb0EEEviT0_T1_
384,1,conv3,_Z23implicit_convolve_sgemmIffiLi1024ELi5ELi5ELi3ELi3ELi3ELi1ELb0ELb0ELb1EEviiiPKT_iPT0_S2_18kernel_conv_paramsyT1_ffiPKS3_S8_bbii
384,1,relu3,_ZN2at6native29vectorized_elementwise_kernelILi4EZZZNS0_49_GLOBAL__N__a62a4dcd_16_TensorCompare_cu_71e06f4e19launch_clamp_scalarERNS_18TensorIteratorBaseEN3c106ScalarES6_NS0_6detail11ClampLimitsEENKUlvE_clEvENKUlvE5_clEvEUlfE_St5arrayIPcLy2EELb0EEEviT0_T1_
384,1,conv4,_Z23implicit_convolve_sgemmIffiLi1024ELi5ELi5ELi3ELi3ELi3ELi1ELb0ELb0ELb1EEviiiPKT_iPT0_S2_18kernel_conv_paramsyT1_ffiPKS3_S8_bbii
384,1,relu4,_ZN2at6native29vectorized_elementwise_kernelILi4EZZZNS0_49_GLOBAL__N__a62a4dcd_16_TensorCompare_cu_71e06f4e19launch_clamp_scalarERNS_18TensorIteratorBaseEN3c106ScalarES6_NS0_6detail11ClampLimitsEENKUlvE_clEvENKUlvE5_clEvEUlfE_St5arrayIPcLy2EELb0EEEviT0_T1_
384,1,conv5,_Z23implicit_convolve_sgemmIffiLi1024ELi5ELi5ELi3ELi3ELi3ELi1ELb0ELb0ELb1EEviiiPKT_iPT0_S2_18kernel_conv_paramsyT1_ffiPKS3_S8_bbii
384,1,relu5,_ZN2at6native29vectorized_elementwise_kernelILi4EZZZNS0_49_GLOBAL__N__a62a4dcd_16_TensorCompare_cu_71e06f4e19launch_clamp_scalarERNS_18TensorIteratorBaseEN3c106ScalarES6_NS0_6detail11ClampLimitsEENKUlvE_clEvENKUlvE5_clEvEUlfE_St5arrayIPcLy2EELb0EEEviT0_T1_
384,1,conv6,_Z23implicit_convolve_sgemmIffiLi1024ELi5ELi5ELi3ELi3ELi3ELi1ELb0ELb0ELb1EEviiiPKT_iPT0_S2_18kernel_conv_paramsyT1_ffiPKS3_S8_bbii
384,1,relu6,_ZN2at6native29vectorized_elementwise_kernelILi4EZZZNS0_49_GLOBAL__N__a62a4dcd_16_TensorCompare_cu_71e06f4e19launch_clamp_scalarERNS_18TensorIteratorBaseEN3c106ScalarES6_NS0_6detail11ClampLimitsEENKUlvE_clEvENKUlvE5_clEvEUlfE_St5arrayIPcLy2EELb0EEEviT0_T1_
384,1,global_avg_pool,_ZN2at6native13reduce_kernelILi512ELi1ENS0_8ReduceOpIfNS0_7MeanOpsIffffEEjfLi4ELi4EEEEEvT1_
384,1,fc1,_ZN8internal5gemvx6kernelIiiffffLb0ELb1ELb1ELb0ELi7ELb0E18cublasGemvParamsExIi30cublasGemvTensorStridedBatchedIKfES5_S3_IfEfEEENSt9enable_ifIXntT5_EvE4typeET11_
384,1,relu7,_ZN2at6native29vectorized_elementwise_kernelILi4EZZZNS0_49_GLOBAL__N__a62a4dcd_16_TensorCompare_cu_71e06f4e19launch_clamp_scalarERNS_18TensorIteratorBaseEN3c106ScalarES6_NS0_6detail11ClampLimitsEENKUlvE_clEvENKUlvE5_clEvEUlfE_St5arrayIPcLy2EELb0EEEviT0_T1_
384,1,fc2,_ZN8internal5gemvx6kernelIiiffffLb0ELb1ELb1ELb0ELi7ELb0E18cublasGemvParamsExIi30cublasGemvTensorStridedBatchedIKfES5_S3_IfEfEEENSt9enable_ifIXntT5_EvE4typeET11_
384,2,conv1,_Z23implicit_convolve_sgemmIffiLi1024ELi5ELi5ELi3ELi3ELi3ELi1ELb0ELb0ELb1EEviiiPKT_iPT0_S2_18kernel_conv_paramsyT1_ffiPKS3_S8_bbii
384,2,relu1,_ZN2at6native29vectorized_elementwise_kernelILi4EZZZNS0_49_GLOBAL__N__a62a4dcd_16_TensorCompare_cu_71e06f4e19launch_clamp_scalarERNS_18TensorIteratorBaseEN3c106ScalarES6_NS0_6detail11ClampLimitsEENKUlvE_clEvENKUlvE5_clEvEUlfE_St5arrayIPcLy2EELb0EEEviT0_T1_
384,2,maxpool,_ZN2at6native52_GLOBAL__N__71d79c19_19_DilatedMaxPool2d_cu_9872839c21max_pool_forward_nchwIfiEEvT0_PKT_xxxiiiiiiiiiiPS4_Px
384,2,conv2,_Z23implicit_convolve_sgemmIffiLi128ELi5ELi5ELi3ELi3ELi3ELi1ELb0ELb0ELb1EEviiiPKT_iPT0_S2_18kernel_conv_paramsyT1_ffiPKS3_S8_bbii
384,2,relu2,_ZN2at6native29vectorized_elementwise_kernelILi4EZZZNS0_49_GLOBAL__N__a62a4dcd_16_TensorCompare_cu_71e06f4e19launch_clamp_scalarERNS_18TensorIteratorBaseEN3c106ScalarES6_NS0_6detail11ClampLimitsEENKUlvE_clEvENKUlvE5_clEvEUlfE_St5arrayIPcLy2EELb0EEEviT0_T1_
384,2,conv3,_Z23implicit_convolve_sgemmIffiLi1024ELi5ELi5ELi3ELi3ELi3ELi1ELb0ELb0ELb1EEviiiPKT_iPT0_S2_18kernel_conv_paramsyT1_ffiPKS3_S8_bbii
384,2,relu3,_ZN2at6native29vectorized_elementwise_kernelILi4EZZZNS0_49_GLOBAL__N__a62a4dcd_16_TensorCompare_cu_71e06f4e19launch_clamp_scalarERNS_18TensorIteratorBaseEN3c106ScalarES6_NS0_6detail11ClampLimitsEENKUlvE_clEvENKUlvE5_clEvEUlfE_St5arrayIPcLy2EELb0EEEviT0_T1_
384,2,conv4,_Z23implicit_convolve_sgemmIffiLi1024ELi5ELi5ELi3ELi3ELi3ELi1ELb0ELb0ELb1EEviiiPKT_iPT0_S2_18kernel_conv_paramsyT1_ffiPKS3_S8_bbii
384,2,relu4,_ZN2at6native29vectorized_elementwise_kernelILi4EZZZNS0_49_GLOBAL__N__a62a4dcd_16_TensorCompare_cu_71e06f4e19launch_clamp_scalarERNS_18TensorIteratorBaseEN3c106ScalarES6_NS0_6detail11ClampLimitsEENKUlvE_clEvENKUlvE5_clEvEUlfE_St5arrayIPcLy2EELb0EEEviT0_T1_
384,2,conv5,_Z23implicit_convolve_sgemmIffiLi1024ELi5ELi5ELi3ELi3ELi3ELi1ELb0ELb0ELb1EEviiiPKT_iPT0_S2_18kernel_conv_paramsyT1_ffiPKS3_S8_bbii
384,2,relu5,_ZN2at6native29vectorized_elementwise_kernelILi4EZZZNS0_49_GLOBAL__N__a62a4dcd_16_TensorCompare_cu_71e06f4e19launch_clamp_scalarERNS_18TensorIteratorBaseEN3c106ScalarES6_NS0_6detail11ClampLimitsEENKUlvE_clEvENKUlvE5_clEvEUlfE_St5arrayIPcLy2EELb0EEEviT0_T1_
384,2,conv6,_Z23implicit_convolve_sgemmIffiLi1024ELi5ELi5ELi3ELi3ELi3ELi1ELb0ELb0ELb1EEviiiPKT_iPT0_S2_18kernel_conv_paramsyT1_ffiPKS3_S8_bbii
384,2,relu6,_ZN2at6native29vectorized_elementwise_kernelILi4EZZZNS0_49_GLOBAL__N__a62a4dcd_16_TensorCompare_cu_71e06f4e19launch_clamp_scalarERNS_18TensorIteratorBaseEN3c106ScalarES6_NS0_6detail11ClampLimitsEENKUlvE_clEvENKUlvE5_clEvEUlfE_St5arrayIPcLy2EELb0EEEviT0_T1_
384,2,global_avg_pool,_ZN2at6native13reduce_kernelILi512ELi1ENS0_8ReduceOpIfNS0_7MeanOpsIffffEEjfLi4ELi4EEEEEvT1_
384,2,fc1,_Z16gemmSN_TN_kernelIfLi128ELi16ELi2ELi4ELi2ELi2ELb1E30cublasGemvTensorStridedBatchedIKfES2_S0_IfEEv22cublasGemmSmallNParamsIT7_T8_T9_T_E
384,2,relu7,_ZN2at6native29vectorized_elementwise_kernelILi4EZZZNS0_49_GLOBAL__N__a62a4dcd_16_TensorCompare_cu_71e06f4e19launch_clamp_scalarERNS_18TensorIteratorBaseEN3c106ScalarES6_NS0_6detail11ClampLimitsEENKUlvE_clEvENKUlvE5_clEvEUlfE_St5arrayIPcLy2EELb0EEEviT0_T1_
384,2,fc2,_Z16gemmSN_TN_kernelIfLi128ELi16ELi2ELi4ELi2ELi2ELb1E30cublasGemvTensorStridedBatchedIKfES2_S0_IfEEv22cublasGemmSmallNParamsIT7_T8_T9_T_E
384,4,conv1,_Z23implicit_convolve_sgemmIffiLi1024ELi5ELi5ELi3ELi3ELi3ELi1ELb0ELb0ELb1EEviiiPKT_iPT0_S2_18kernel_conv_paramsyT1_ffiPKS3_S8_bbii
384,4,relu1,_ZN2at6native29vectorized_elementwise_kernelILi4EZZZNS0_49_GLOBAL__N__a62a4dcd_16_TensorCompare_cu_71e06f4e19launch_clamp_scalarERNS_18TensorIteratorBaseEN3c106ScalarES6_NS0_6detail11ClampLimitsEENKUlvE_clEvENKUlvE5_clEvEUlfE_St5arrayIPcLy2EELb0EEEviT0_T1_
384,4,maxpool,_ZN2at6native52_GLOBAL__N__71d79c19_19_DilatedMaxPool2d_cu_9872839c21max_pool_forward_nchwIfiEEvT0_PKT_xxxiiiiiiiiiiPS4_Px
384,4,conv2,_ZN5cudnn17winograd_nonfused26winogradForwardData9x9_5x5IffEEvNS0_18WinogradDataParamsIT_T0_EE
384,4,conv2,_ZN5cudnn17winograd_nonfused28winogradForwardFilter9x9_5x5IffEEvNS0_20WinogradFilterParamsIT_T0_EE
384,4,conv2,_Z20magma_sgemmEx_kernelIfffLb0ELb0ELi6ELi3ELi5ELi3ELi3EEviii13BatchedTensoriS0_iS0_iS0_iiiPKT_S3_S1_S1_i18cublasLtEpilogue_tiPKvx
384,4,conv2,_ZN5cudnn17winograd_nonfused28winogradForwardOutput9x9_5x5IffEEvNS0_20WinogradOutputParamsIT_T0_EE
384,4,relu2,_ZN2at6native29vectorized_elementwise_kernelILi4EZZZNS0_49_GLOBAL__N__a62a4dcd_16_TensorCompare_cu_71e06f4e19launch_clamp_scalarERNS_18TensorIteratorBaseEN3c106ScalarES6_NS0_6detail11ClampLimitsEENKUlvE_clEvENKUlvE5_clEvEUlfE_St5arrayIPcLy2EELb0EEEviT0_T1_
384,4,conv3,_Z23implicit_convolve_sgemmIffiLi128ELi5ELi5ELi3ELi3ELi3ELi1ELb0ELb0ELb1EEviiiPKT_iPT0_S2_18kernel_conv_paramsyT1_ffiPKS3_S8_bbii
384,4,relu3,_ZN2at6native29vectorized_elementwise_kernelILi4EZZZNS0_49_GLOBAL__N__a62a4dcd_16_TensorCompare_cu_71e06f4e19launch_clamp_scalarERNS_18TensorIteratorBaseEN3c106ScalarES6_NS0_6detail11ClampLimitsEENKUlvE_clEvENKUlvE5_clEvEUlfE_St5arrayIPcLy2EELb0EEEviT0_T1_
384,4,conv4,_Z23implicit_convolve_sgemmIffiLi1024ELi5ELi5ELi3ELi3ELi3ELi1ELb0ELb0ELb1EEviiiPKT_iPT0_S2_18kernel_conv_paramsyT1_ffiPKS3_S8_bbii
384,4,relu4,_ZN2at6native29vectorized_elementwise_kernelILi4EZZZNS0_49_GLOBAL__N__a62a4dcd_16_TensorCompare_cu_71e06f4e19launch_clamp_scalarERNS_18TensorIteratorBaseEN3c106ScalarES6_NS0_6detail11ClampLimitsEENKUlvE_clEvENKUlvE5_clEvEUlfE_St5arrayIPcLy2EELb0EEEviT0_T1_
384,4,conv5,_Z23implicit_convolve_sgemmIffiLi1024ELi5ELi5ELi3ELi3ELi3ELi1ELb0ELb0ELb1EEviiiPKT_iPT0_S2_18kernel_conv_paramsyT1_ffiPKS3_S8_bbii
384,4,relu5,_ZN2at6native29vectorized_elementwise_kernelILi4EZZZNS0_49_GLOBAL__N__a62a4dcd_16_TensorCompare_cu_71e06f4e19launch_clamp_scalarERNS_18TensorIteratorBaseEN3c106ScalarES6_NS0_6detail11ClampLimitsEENKUlvE_clEvENKUlvE5_clEvEUlfE_St5arrayIPcLy2EELb0EEEviT0_T1_
384,4,conv6,_Z23implicit_convolve_sgemmIffiLi1024ELi5ELi5ELi3ELi3ELi3ELi1ELb0ELb0ELb1EEviiiPKT_iPT0_S2_18kernel_conv_paramsyT1_ffiPKS3_S8_bbii
384,4,relu6,_ZN2at6native29vectorized_elementwise_kernelILi4EZZZNS0_49_GLOBAL__N__a62a4dcd_16_TensorCompare_cu_71e06f4e19launch_clamp_scalarERNS_18TensorIteratorBaseEN3c106ScalarES6_NS0_6detail11ClampLimitsEENKUlvE_clEvENKUlvE5_clEvEUlfE_St5arrayIPcLy2EELb0EEEviT0_T1_
384,4,global_avg_pool,_ZN2at6native13reduce_kernelILi512ELi1ENS0_8ReduceOpIfNS0_7MeanOpsIffffEEjfLi4ELi4EEEEEvT1_
384,4,fc1,_Z16gemmSN_TN_kernelIfLi128ELi16ELi2ELi4ELi4ELi4ELb1E30cublasGemvTensorStridedBatchedIKfES2_S0_IfEEv22cublasGemmSmallNParamsIT7_T8_T9_T_E
384,4,relu7,_ZN2at6native29vectorized_elementwise_kernelILi4EZZZNS0_49_GLOBAL__N__a62a4dcd_16_TensorCompare_cu_71e06f4e19launch_clamp_scalarERNS_18TensorIteratorBaseEN3c106ScalarES6_NS0_6detail11ClampLimitsEENKUlvE_clEvENKUlvE5_clEvEUlfE_St5arrayIPcLy2EELb0EEEviT0_T1_
384,4,fc2,_Z16gemmSN_TN_kernelIfLi128ELi16ELi2ELi4ELi4ELi4ELb1E30cublasGemvTensorStridedBatchedIKfES2_S0_IfEEv22cublasGemmSmallNParamsIT7_T8_T9_T_E
384,8,conv1,_Z23implicit_convolve_sgemmIffiLi1024ELi5ELi5ELi3ELi3ELi3ELi1ELb0ELb0ELb1EEviiiPKT_iPT0_S2_18kernel_conv_paramsyT1_ffiPKS3_S8_bbii
384,8,relu1,_ZN2at6native29vectorized_elementwise_kernelILi4EZZZNS0_49_GLOBAL__N__a62a4dcd_16_TensorCompare_cu_71e06f4e19launch_clamp_scalarERNS_18TensorIteratorBaseEN3c106ScalarES6_NS0_6detail11ClampLimitsEENKUlvE_clEvENKUlvE5_clEvEUlfE_St5arrayIPcLy2EELb0EEEviT0_T1_
384,8,maxpool,_ZN2at6native52_GLOBAL__N__71d79c19_19_DilatedMaxPool2d_cu_9872839c21max_pool_forward_nchwIfiEEvT0_PKT_xxxiiiiiiiiiiPS4_Px
384,8,conv2,_ZN5cudnn17winograd_nonfused26winogradForwardData9x9_5x5IffEEvNS0_18WinogradDataParamsIT_T0_EE
384,8,conv2,_ZN5cudnn17winograd_nonfused28winogradForwardFilter9x9_5x5IffEEvNS0_20WinogradFilterParamsIT_T0_EE
384,8,conv2,_Z20magma_sgemmEx_kernelIfffLb0ELb0ELi6ELi3ELi5ELi3ELi3EEviii13BatchedTensoriS0_iS0_iS0_iiiPKT_S3_S1_S1_i18cublasLtEpilogue_tiPKvx
384,8,conv2,_ZN5cudnn17winograd_nonfused28winogradForwardOutput9x9_5x5IffEEvNS0_20WinogradOutputParamsIT_T0_EE
384,8,relu2,_ZN2at6native29vectorized_elementwise_kernelILi4EZZZNS0_49_GLOBAL__N__a62a4dcd_16_TensorCompare_cu_71e06f4e19launch_clamp_scalarERNS_18TensorIteratorBaseEN3c106ScalarES6_NS0_6detail11ClampLimitsEENKUlvE_clEvENKUlvE5_clEvEUlfE_St5arrayIPcLy2EELb0EEEviT0_T1_
384,8,conv3,_Z23implicit_convolve_sgemmIffiLi512ELi6ELi8ELi3ELi3ELi5ELi1ELb0ELb0ELb1EEviiiPKT_iPT0_S2_18kernel_conv_paramsyT1_ffiPKS3_S8_bbii
384,8,relu3,_ZN2at6native29vectorized_elementwise_kernelILi4EZZZNS0_49_GLOBAL__N__a62a4dcd_16_TensorCompare_cu_71e06f4e19launch_clamp_scalarERNS_18TensorIteratorBaseEN3c106ScalarES6_NS0_6detail11ClampLimitsEENKUlvE_clEvENKUlvE5_clEvEUlfE_St5arrayIPcLy2EELb0EEEviT0_T1_
384,8,conv4,_Z23implicit_convolve_sgemmIffiLi1024ELi5ELi5ELi3ELi3ELi3ELi1ELb0ELb0ELb1EEviiiPKT_iPT0_S2_18kernel_conv_paramsyT1_ffiPKS3_S8_bbii
384,8,relu4,_ZN2at6native29vectorized_elementwise_kernelILi4EZZZNS0_49_GLOBAL__N__a62a4dcd_16_TensorCompare_cu_71e06f4e19launch_clamp_scalarERNS_18TensorIteratorBaseEN3c106ScalarES6_NS0_6detail11ClampLimitsEENKUlvE_clEvENKUlvE5_clEvEUlfE_St5arrayIPcLy2EELb0EEEviT0_T1_
384,8,conv5,_ZN5cudnn3cnn23kern_precompute_indicesILb0EEEvPiiiiii
384,8,conv5,_Z26precomputed_convolve_sgemmIfiLi512ELi6ELi7ELi4ELi3ELi5ELi1ELb0EEviiiPKT_iPS0_S2_18kernel_conv_paramsyT0_ffibbS2_S2_Pi
384,8,conv5,_Z23implicit_convolve_sgemmIffiLi128ELi6ELi7ELi3ELi3ELi5ELi1ELb0ELb0ELb1EEviiiPKT_iPT0_S2_18kernel_conv_paramsyT1_ffiPKS3_S8_bbii
384,8,conv5,_Z23implicit_convolve_sgemmIffiLi128ELi6ELi7ELi3ELi3ELi5ELi1ELb0ELb0ELb1EEviiiPKT_iPT0_S2_18kernel_conv_paramsyT1_ffiPKS3_S8_bbii
384,8,relu5,_ZN2at6native29vectorized_elementwise_kernelILi4EZZZNS0_49_GLOBAL__N__a62a4dcd_16_TensorCompare_cu_71e06f4e19launch_clamp_scalarERNS_18TensorIteratorBaseEN3c106ScalarES6_NS0_6detail11ClampLimitsEENKUlvE_clEvENKUlvE5_clEvEUlfE_St5arrayIPcLy2EELb0EEEviT0_T1_
384,8,conv6,_ZN5cudnn3cnn23kern_precompute_indicesILb0EEEvPiiiiii
384,8,conv6,_Z26precomputed_convolve_sgemmIfiLi512ELi6ELi7ELi4ELi3ELi5ELi1ELb0EEviiiPKT_iPS0_S2_18kernel_conv_paramsyT0_ffibbS2_S2_Pi
384,8,relu6,_ZN2at6native29vectorized_elementwise_kernelILi4EZZZNS0_49_GLOBAL__N__a62a4dcd_16_TensorCompare_cu_71e06f4e19launch_clamp_scalarERNS_18TensorIteratorBaseEN3c106ScalarES6_NS0_6detail11ClampLimitsEENKUlvE_clEvENKUlvE5_clEvEUlfE_St5arrayIPcLy2EELb0EEEviT0_T1_
384,8,global_avg_pool,_ZN2at6native13reduce_kernelILi512ELi1ENS0_8ReduceOpIfNS0_7MeanOpsIffffEEjfLi4ELi4EEEEEvT1_
384,8,fc1,_Z16gemmSN_TN_kernelIfLi128ELi16ELi2ELi4ELi8ELi9ELb0E30cublasGemvTensorStridedBatchedIKfES2_S0_IfEEv22cublasGemmSmallNParamsIT7_T8_T9_T_E
384,8,relu7,_ZN2at6native29vectorized_elementwise_kernelILi4EZZZNS0_49_GLOBAL__N__a62a4dcd_16_TensorCompare_cu_71e06f4e19launch_clamp_scalarERNS_18TensorIteratorBaseEN3c106ScalarES6_NS0_6detail11ClampLimitsEENKUlvE_clEvENKUlvE5_clEvEUlfE_St5arrayIPcLy2EELb0EEEviT0_T1_
384,8,fc2,_Z16gemmSN_TN_kernelIfLi128ELi16ELi2ELi4ELi8ELi9ELb0E30cublasGemvTensorStridedBatchedIKfES2_S0_IfEEv22cublasGemmSmallNParamsIT7_T8_T9_T_E
384,16,conv1,_Z23implicit_convolve_sgemmIffiLi1024ELi5ELi5ELi3ELi3ELi3ELi1ELb0ELb0ELb1EEviiiPKT_iPT0_S2_18kernel_conv_paramsyT1_ffiPKS3_S8_bbii
384,16,relu1,_ZN2at6native29vectorized_elementwise_kernelILi4EZZZNS0_49_GLOBAL__N__a62a4dcd_16_TensorCompare_cu_71e06f4e19launch_clamp_scalarERNS_18TensorIteratorBaseEN3c106ScalarES6_NS0_6detail11ClampLimitsEENKUlvE_clEvENKUlvE5_clEvEUlfE_St5arrayIPcLy2EELb0EEEviT0_T1_
384,16,maxpool,_ZN2at6native52_GLOBAL__N__71d79c19_19_DilatedMaxPool2d_cu_9872839c21max_pool_forward_nchwIfiEEvT0_PKT_xxxiiiiiiiiiiPS4_Px
384,16,conv2,_ZN5cudnn17winograd_nonfused26winogradForwardData9x9_5x5IffEEvNS0_18WinogradDataParamsIT_T0_EE
384,16,conv2,_ZN5cudnn17winograd_nonfused28winogradForwardFilter9x9_5x5IffEEvNS0_20WinogradFilterParamsIT_T0_EE
384,16,conv2,_Z20magma_sgemmEx_kernelIfffLb0ELb0ELi6ELi3ELi5ELi3ELi3EEviii13BatchedTensoriS0_iS0_iS0_iiiPKT_S3_S1_S1_i18cublasLtEpilogue_tiPKvx
384,16,conv2,_ZN5cudnn17winograd_nonfused28winogradForwardOutput9x9_5x5IffEEvNS0_20WinogradOutputParamsIT_T0_EE
384,16,relu2,_ZN2at6native29vectorized_elementwise_kernelILi4EZZZNS0_49_GLOBAL__N__a62a4dcd_16_TensorCompare_cu_71e06f4e19launch_clamp_scalarERNS_18TensorIteratorBaseEN3c106ScalarES6_NS0_6detail11ClampLimitsEENKUlvE_clEvENKUlvE5_clEvEUlfE_St5arrayIPcLy2EELb0EEEviT0_T1_
384,16,conv3,_Z23implicit_convolve_sgemmIffiLi512ELi6ELi8ELi3ELi3ELi5ELi1ELb0ELb0ELb1EEviiiPKT_iPT0_S2_18kernel_conv_paramsyT1_ffiPKS3_S8_bbii
384,16,relu3,_ZN2at6native29vectorized_elementwise_kernelILi4EZZZNS0_49_GLOBAL__N__a62a4dcd_16_TensorCompare_cu_71e06f4e19launch_clamp_scalarERNS_18TensorIteratorBaseEN3c106ScalarES6_NS0_6detail11ClampLimitsEENKUlvE_clEvENKUlvE5_clEvEUlfE_St5arrayIPcLy2EELb0EEEviT0_T1_
384,16,conv4,_Z23implicit_convolve_sgemmIffiLi1024ELi5ELi5ELi3ELi3ELi3ELi1ELb0ELb0ELb1EEviiiPKT_iPT0_S2_18kernel_conv_paramsyT1_ffiPKS3_S8_bbii
384,16,relu4,_ZN2at6native29vectorized_elementwise_kernelILi4EZZZNS0_49_GLOBAL__N__a62a4dcd_16_TensorCompare_cu_71e06f4e19launch_clamp_scalarERNS_18TensorIteratorBaseEN3c106ScalarES6_NS0_6detail11ClampLimitsEENKUlvE_clEvENKUlvE5_clEvEUlfE_St5arrayIPcLy2EELb0EEEviT0_T1_
384,16,conv5,_Z23implicit_convolve_sgemmIffiLi512ELi6ELi8ELi3ELi3ELi5ELi1ELb0ELb0ELb1EEviiiPKT_iPT0_S2_18kernel_conv_paramsyT1_ffiPKS3_S8_bbii
384,16,relu5,_ZN2at6native29vectorized_elementwise_kernelILi4EZZZNS0_49_GLOBAL__N__a62a4dcd_16_TensorCompare_cu_71e06f4e19launch_clamp_scalarERNS_18TensorIteratorBaseEN3c106ScalarES6_NS0_6detail11ClampLimitsEENKUlvE_clEvENKUlvE5_clEvEUlfE_St5arrayIPcLy2EELb0EEEviT0_T1_
384,16,conv6,_ZN5cudnn3cnn23kern_precompute_indicesILb0EEEvPiiiiii
384,16,conv6,_Z26precomputed_convolve_sgemmIfiLi512ELi6ELi7ELi4ELi3ELi5ELi1ELb0EEviiiPKT_iPS0_S2_18kernel_conv_paramsyT0_ffibbS2_S2_Pi
384,16,relu6,_ZN2at6native29vectorized_elementwise_kernelILi4EZZZNS0_49_GLOBAL__N__a62a4dcd_16_TensorCompare_cu_71e06f4e19launch_clamp_scalarERNS_18TensorIteratorBaseEN3c106ScalarES6_NS0_6detail11ClampLimitsEENKUlvE_clEvENKUlvE5_clEvEUlfE_St5arrayIPcLy2EELb0EEEviT0_T1_
384,16,global_avg_pool,_ZN2at6native13reduce_kernelILi512ELi1ENS0_8ReduceOpIfNS0_7MeanOpsIffffEEjfLi4ELi4EEEEEvT1_
384,16,fc1,_Z16gemmSN_TN_kernelIfLi128ELi16ELi2ELi4ELi8ELi9ELb0E30cublasGemvTensorStridedBatchedIKfES2_S0_IfEEv22cublasGemmSmallNParamsIT7_T8_T9_T_E
384,16,relu7,_ZN2at6native29vectorized_elementwise_kernelILi4EZZZNS0_49_GLOBAL__N__a62a4dcd_16_TensorCompare_cu_71e06f4e19launch_clamp_scalarERNS_18TensorIteratorBaseEN3c106ScalarES6_NS0_6detail11ClampLimitsEENKUlvE_clEvENKUlvE5_clEvEUlfE_St5arrayIPcLy2EELb0EEEviT0_T1_
384,16,fc2,_Z16gemmSN_TN_kernelIfLi128ELi16ELi2ELi4ELi8ELi9ELb0E30cublasGemvTensorStridedBatchedIKfES2_S0_IfEEv22cublasGemmSmallNParamsIT7_T8_T9_T_E
384,32,conv1,_Z23implicit_convolve_sgemmIffiLi1024ELi5ELi5ELi3ELi3ELi3ELi1ELb0ELb0ELb1EEviiiPKT_iPT0_S2_18kernel_conv_paramsyT1_ffiPKS3_S8_bbii
384,32,relu1,_ZN2at6native29vectorized_elementwise_kernelILi4EZZZNS0_49_GLOBAL__N__a62a4dcd_16_TensorCompare_cu_71e06f4e19launch_clamp_scalarERNS_18TensorIteratorBaseEN3c106ScalarES6_NS0_6detail11ClampLimitsEENKUlvE_clEvENKUlvE5_clEvEUlfE_St5arrayIPcLy2EELb0EEEviT0_T1_
384,32,maxpool,_ZN2at6native52_GLOBAL__N__71d79c19_19_DilatedMaxPool2d_cu_9872839c21max_pool_forward_nchwIfiEEvT0_PKT_xxxiiiiiiiiiiPS4_Px
384,32,conv2,_Z23implicit_convolve_sgemmIffiLi1024ELi5ELi5ELi3ELi3ELi3ELi1ELb0ELb0ELb1EEviiiPKT_iPT0_S2_18kernel_conv_paramsyT1_ffiPKS3_S8_bbii
384,32,relu2,_ZN2at6native29vectorized_elementwise_kernelILi4EZZZNS0_49_GLOBAL__N__a62a4dcd_16_TensorCompare_cu_71e06f4e19launch_clamp_scalarERNS_18TensorIteratorBaseEN3c106ScalarES6_NS0_6detail11ClampLimitsEENKUlvE_clEvENKUlvE5_clEvEUlfE_St5arrayIPcLy2EELb0EEEviT0_T1_
384,32,conv3,_Z23implicit_convolve_sgemmIffiLi512ELi6ELi8ELi3ELi3ELi5ELi1ELb0ELb0ELb1EEviiiPKT_iPT0_S2_18kernel_conv_paramsyT1_ffiPKS3_S8_bbii
384,32,relu3,_ZN2at6native29vectorized_elementwise_kernelILi4EZZZNS0_49_GLOBAL__N__a62a4dcd_16_TensorCompare_cu_71e06f4e19launch_clamp_scalarERNS_18TensorIteratorBaseEN3c106ScalarES6_NS0_6detail11ClampLimitsEENKUlvE_clEvENKUlvE5_clEvEUlfE_St5arrayIPcLy2EELb0EEEviT0_T1_
384,32,conv4,_Z23implicit_convolve_sgemmIffiLi1024ELi5ELi5ELi3ELi3ELi3ELi1ELb0ELb0ELb1EEviiiPKT_iPT0_S2_18kernel_conv_paramsyT1_ffiPKS3_S8_bbii
384,32,relu4,_ZN2at6native29vectorized_elementwise_kernelILi4EZZZNS0_49_GLOBAL__N__a62a4dcd_16_TensorCompare_cu_71e06f4e19launch_clamp_scalarERNS_18TensorIteratorBaseEN3c106ScalarES6_NS0_6detail11ClampLimitsEENKUlvE_clEvENKUlvE5_clEvEUlfE_St5arrayIPcLy2EELb0EEEviT0_T1_
384,32,conv5,_Z23implicit_convolve_sgemmIffiLi512ELi6ELi8ELi3ELi3ELi5ELi1ELb0ELb0ELb1EEviiiPKT_iPT0_S2_18kernel_conv_paramsyT1_ffiPKS3_S8_bbii
384,32,relu5,_ZN2at6native29vectorized_elementwise_kernelILi4EZZZNS0_49_GLOBAL__N__a62a4dcd_16_TensorCompare_cu_71e06f4e19launch_clamp_scalarERNS_18TensorIteratorBaseEN3c106ScalarES6_NS0_6detail11ClampLimitsEENKUlvE_clEvENKUlvE5_clEvEUlfE_St5arrayIPcLy2EELb0EEEviT0_T1_
384,32,conv6,_ZN5cudnn3cnn23kern_precompute_indicesILb0EEEvPiiiiii
384,32,conv6,_Z26precomputed_convolve_sgemmIfiLi512ELi6ELi7ELi4ELi3ELi5ELi1ELb0EEviiiPKT_iPS0_S2_18kernel_conv_paramsyT0_ffibbS2_S2_Pi
384,32,relu6,_ZN2at6native29vectorized_elementwise_kernelILi4EZZZNS0_49_GLOBAL__N__a62a4dcd_16_TensorCompare_cu_71e06f4e19launch_clamp_scalarERNS_18TensorIteratorBaseEN3c106ScalarES6_NS0_6detail11ClampLimitsEENKUlvE_clEvENKUlvE5_clEvEUlfE_St5arrayIPcLy2EELb0EEEviT0_T1_
384,32,global_avg_pool,_ZN2at6native13reduce_kernelILi512ELi1ENS0_8ReduceOpIfNS0_7MeanOpsIffffEEjfLi4ELi4EEEEEvT1_
384,32,fc1,_ZN7cutlass7Kernel2I41cutlass_80_simt_sgemm_64x64_8x5_tn_align1EEvNT_6ParamsE
384,32,fc1,_ZN8cublasLt19splitKreduce_kernelILi32ELi16EiffffLb0EfffLb1ELb1ELb0ELb0EEEvNS_18cublasSplitKParamsIT4_EEPKT2_PKT8_PT7_PT3_PKS2_SF_PKT9_S6_PSG_PvxPS2_PiSL_SL_SF_SF_SF_SF_SF_
384,32,relu7,_ZN2at6native29vectorized_elementwise_kernelILi4EZZZNS0_49_GLOBAL__N__a62a4dcd_16_TensorCompare_cu_71e06f4e19launch_clamp_scalarERNS_18TensorIteratorBaseEN3c106ScalarES6_NS0_6detail11ClampLimitsEENKUlvE_clEvENKUlvE5_clEvEUlfE_St5arrayIPcLy2EELb0EEEviT0_T1_
384,32,fc2,_ZN7cutlass7Kernel2I41cutlass_80_simt_sgemm_64x64_8x5_tn_align1EEvNT_6ParamsE
384,32,fc2,_ZN8cublasLt19splitKreduce_kernelILi32ELi16EiffffLb0EfffLb1ELb1ELb0ELb0EEEvNS_18cublasSplitKParamsIT4_EEPKT2_PKT8_PT7_PT3_PKS2_SF_PKT9_S6_PSG_PvxPS2_PiSL_SL_SF_SF_SF_SF_SF_
384,64,conv1,_Z23implicit_convolve_sgemmIffiLi1024ELi5ELi5ELi3ELi3ELi3ELi1ELb0ELb0ELb1EEviiiPKT_iPT0_S2_18kernel_conv_paramsyT1_ffiPKS3_S8_bbii
384,64,relu1,_ZN2at6native29vectorized_elementwise_kernelILi4EZZZNS0_49_GLOBAL__N__a62a4dcd_16_TensorCompare_cu_71e06f4e19launch_clamp_scalarERNS_18TensorIteratorBaseEN3c106ScalarES6_NS0_6detail11ClampLimitsEENKUlvE_clEvENKUlvE5_clEvEUlfE_St5arrayIPcLy2EELb0EEEviT0_T1_
384,64,maxpool,_ZN2at6native52_GLOBAL__N__71d79c19_19_DilatedMaxPool2d_cu_9872839c21max_pool_forward_nchwIfiEEvT0_PKT_xxxiiiiiiiiiiPS4_Px
384,64,conv2,_Z23implicit_convolve_sgemmIffiLi1024ELi5ELi5ELi3ELi3ELi3ELi1ELb0ELb0ELb1EEviiiPKT_iPT0_S2_18kernel_conv_paramsyT1_ffiPKS3_S8_bbii
384,64,relu2,_ZN2at6native29vectorized_elementwise_kernelILi4EZZZNS0_49_GLOBAL__N__a62a4dcd_16_TensorCompare_cu_71e06f4e19launch_clamp_scalarERNS_18TensorIteratorBaseEN3c106ScalarES6_NS0_6detail11ClampLimitsEENKUlvE_clEvENKUlvE5_clEvEUlfE_St5arrayIPcLy2EELb0EEEviT0_T1_
384,64,conv3,_Z23implicit_convolve_sgemmIffiLi512ELi6ELi8ELi3ELi3ELi5ELi1ELb0ELb0ELb1EEviiiPKT_iPT0_S2_18kernel_conv_paramsyT1_ffiPKS3_S8_bbii
384,64,relu3,_ZN2at6native29vectorized_elementwise_kernelILi4EZZZNS0_49_GLOBAL__N__a62a4dcd_16_TensorCompare_cu_71e06f4e19launch_clamp_scalarERNS_18TensorIteratorBaseEN3c106ScalarES6_NS0_6detail11ClampLimitsEENKUlvE_clEvENKUlvE5_clEvEUlfE_St5arrayIPcLy2EELb0EEEviT0_T1_
384,64,conv4,_Z23implicit_convolve_sgemmIffiLi1024ELi5ELi5ELi3ELi3ELi3ELi1ELb0ELb0ELb1EEviiiPKT_iPT0_S2_18kernel_conv_paramsyT1_ffiPKS3_S8_bbii
384,64,relu4,_ZN2at6native29vectorized_elementwise_kernelILi4EZZZNS0_49_GLOBAL__N__a62a4dcd_16_TensorCompare_cu_71e06f4e19launch_clamp_scalarERNS_18TensorIteratorBaseEN3c106ScalarES6_NS0_6detail11ClampLimitsEENKUlvE_clEvENKUlvE5_clEvEUlfE_St5arrayIPcLy2EELb0EEEviT0_T1_
384,64,conv5,_Z23implicit_convolve_sgemmIffiLi512ELi6ELi8ELi3ELi3ELi5ELi1ELb0ELb0ELb1EEviiiPKT_iPT0_S2_18kernel_conv_paramsyT1_ffiPKS3_S8_bbii
384,64,relu5,_ZN2at6native29vectorized_elementwise_kernelILi4EZZZNS0_49_GLOBAL__N__a62a4dcd_16_TensorCompare_cu_71e06f4e19launch_clamp_scalarERNS_18TensorIteratorBaseEN3c106ScalarES6_NS0_6detail11ClampLimitsEENKUlvE_clEvENKUlvE5_clEvEUlfE_St5arrayIPcLy2EELb0EEEviT0_T1_
384,64,conv6,_ZN5cudnn3cnn23kern_precompute_indicesILb0EEEvPiiiiii
384,64,conv6,_Z26precomputed_convolve_sgemmIfiLi512ELi6ELi7ELi4ELi3ELi5ELi1ELb0EEviiiPKT_iPS0_S2_18kernel_conv_paramsyT0_ffibbS2_S2_Pi
384,64,relu6,_ZN2at6native29vectorized_elementwise_kernelILi4EZZZNS0_49_GLOBAL__N__a62a4dcd_16_TensorCompare_cu_71e06f4e19launch_clamp_scalarERNS_18TensorIteratorBaseEN3c106ScalarES6_NS0_6detail11ClampLimitsEENKUlvE_clEvENKUlvE5_clEvEUlfE_St5arrayIPcLy2EELb0EEEviT0_T1_
384,64,global_avg_pool,_ZN2at6native13reduce_kernelILi512ELi1ENS0_8ReduceOpIfNS0_7MeanOpsIffffEEjfLi4ELi4EEEEEvT1_
384,64,fc1,_ZN7cutlass7Kernel2I41cutlass_80_simt_sgemm_64x64_8x5_tn_align1EEvNT_6ParamsE
384,64,fc1,_ZN8cublasLt19splitKreduce_kernelILi32ELi16EiffffLb0EfffLb1ELb1ELb0ELb0EEEvNS_18cublasSplitKParamsIT4_EEPKT2_PKT8_PT7_PT3_PKS2_SF_PKT9_S6_PSG_PvxPS2_PiSL_SL_SF_SF_SF_SF_SF_
384,64,relu7,_ZN2at6native29vectorized_elementwise_kernelILi4EZZZNS0_49_GLOBAL__N__a62a4dcd_16_TensorCompare_cu_71e06f4e19launch_clamp_scalarERNS_18TensorIteratorBaseEN3c106ScalarES6_NS0_6detail11ClampLimitsEENKUlvE_clEvENKUlvE5_clEvEUlfE_St5arrayIPcLy2EELb0EEEviT0_T1_
384,64,fc2,_ZN7cutlass7Kernel2I41cutlass_80_simt_sgemm_64x64_8x5_tn_align1EEvNT_6ParamsE
384,64,fc2,_ZN8cublasLt19splitKreduce_kernelILi32ELi16EiffffLb0EfffLb1ELb1ELb0ELb0EEEvNS_18cublasSplitKParamsIT4_EEPKT2_PKT8_PT7_PT3_PKS2_SF_PKT9_S6_PSG_PvxPS2_PiSL_SL_SF_SF_SF_SF_SF_
384,95,conv1,_Z23implicit_convolve_sgemmIffiLi1024ELi5ELi5ELi3ELi3ELi3ELi1ELb0ELb0ELb1EEviiiPKT_iPT0_S2_18kernel_conv_paramsyT1_ffiPKS3_S8_bbii
384,95,relu1,_ZN2at6native29vectorized_elementwise_kernelILi4EZZZNS0_49_GLOBAL__N__a62a4dcd_16_TensorCompare_cu_71e06f4e19launch_clamp_scalarERNS_18TensorIteratorBaseEN3c106ScalarES6_NS0_6detail11ClampLimitsEENKUlvE_clEvENKUlvE5_clEvEUlfE_St5arrayIPcLy2EELb0EEEviT0_T1_
384,95,maxpool,_ZN2at6native52_GLOBAL__N__71d79c19_19_DilatedMaxPool2d_cu_9872839c21max_pool_forward_nchwIfiEEvT0_PKT_xxxiiiiiiiiiiPS4_Px
384,95,conv2,_Z23implicit_convolve_sgemmIffiLi1024ELi5ELi5ELi3ELi3ELi3ELi1ELb0ELb0ELb1EEviiiPKT_iPT0_S2_18kernel_conv_paramsyT1_ffiPKS3_S8_bbii
384,95,relu2,_ZN2at6native29vectorized_elementwise_kernelILi4EZZZNS0_49_GLOBAL__N__a62a4dcd_16_TensorCompare_cu_71e06f4e19launch_clamp_scalarERNS_18TensorIteratorBaseEN3c106ScalarES6_NS0_6detail11ClampLimitsEENKUlvE_clEvENKUlvE5_clEvEUlfE_St5arrayIPcLy2EELb0EEEviT0_T1_
384,95,conv3,_Z23implicit_convolve_sgemmIffiLi512ELi6ELi8ELi3ELi3ELi5ELi1ELb0ELb0ELb1EEviiiPKT_iPT0_S2_18kernel_conv_paramsyT1_ffiPKS3_S8_bbii
384,95,relu3,_ZN2at6native29vectorized_elementwise_kernelILi4EZZZNS0_49_GLOBAL__N__a62a4dcd_16_TensorCompare_cu_71e06f4e19launch_clamp_scalarERNS_18TensorIteratorBaseEN3c106ScalarES6_NS0_6detail11ClampLimitsEENKUlvE_clEvENKUlvE5_clEvEUlfE_St5arrayIPcLy2EELb0EEEviT0_T1_
384,95,conv4,_ZN5cudnn3cnn23kern_precompute_indicesILb0EEEvPiiiiii
384,95,conv4,_Z26precomputed_convolve_sgemmIfiLi512ELi6ELi7ELi4ELi3ELi5ELi1ELb0EEviiiPKT_iPS0_S2_18kernel_conv_paramsyT0_ffibbS2_S2_Pi
384,95,relu4,_ZN2at6native29vectorized_elementwise_kernelILi4EZZZNS0_49_GLOBAL__N__a62a4dcd_16_TensorCompare_cu_71e06f4e19launch_clamp_scalarERNS_18TensorIteratorBaseEN3c106ScalarES6_NS0_6detail11ClampLimitsEENKUlvE_clEvENKUlvE5_clEvEUlfE_St5arrayIPcLy2EELb0EEEviT0_T1_
384,95,conv5,_Z23implicit_convolve_sgemmIffiLi512ELi6ELi8ELi3ELi3ELi5ELi1ELb0ELb0ELb1EEviiiPKT_iPT0_S2_18kernel_conv_paramsyT1_ffiPKS3_S8_bbii
384,95,relu5,_ZN2at6native29vectorized_elementwise_kernelILi4EZZZNS0_49_GLOBAL__N__a62a4dcd_16_TensorCompare_cu_71e06f4e19launch_clamp_scalarERNS_18TensorIteratorBaseEN3c106ScalarES6_NS0_6detail11ClampLimitsEENKUlvE_clEvENKUlvE5_clEvEUlfE_St5arrayIPcLy2EELb0EEEviT0_T1_
384,95,conv6,_ZN5cudnn3cnn23kern_precompute_indicesILb0EEEvPiiiiii
384,95,conv6,_Z26precomputed_convolve_sgemmIfiLi512ELi6ELi7ELi4ELi3ELi5ELi1ELb0EEviiiPKT_iPS0_S2_18kernel_conv_paramsyT0_ffibbS2_S2_Pi
384,95,relu6,_ZN2at6native29vectorized_elementwise_kernelILi4EZZZNS0_49_GLOBAL__N__a62a4dcd_16_TensorCompare_cu_71e06f4e19launch_clamp_scalarERNS_18TensorIteratorBaseEN3c106ScalarES6_NS0_6detail11ClampLimitsEENKUlvE_clEvENKUlvE5_clEvEUlfE_St5arrayIPcLy2EELb0EEEviT0_T1_
384,95,global_avg_pool,_ZN2at6native13reduce_kernelILi512ELi1ENS0_8ReduceOpIfNS0_7MeanOpsIffffEEjfLi4ELi4EEEEEvT1_
384,95,fc1,_ZN7cutlass7Kernel2I41cutlass_80_simt_sgemm_64x64_8x5_tn_align1EEvNT_6ParamsE
384,95,fc1,_ZN8cublasLt19splitKreduce_kernelILi32ELi16EiffffLb0EfffLb1ELb1ELb0ELb0EEEvNS_18cublasSplitKParamsIT4_EEPKT2_PKT8_PT7_PT3_PKS2_SF_PKT9_S6_PSG_PvxPS2_PiSL_SL_SF_SF_SF_SF_SF_
384,95,relu7,_ZN2at6native29vectorized_elementwise_kernelILi4EZZZNS0_49_GLOBAL__N__a62a4dcd_16_TensorCompare_cu_71e06f4e19launch_clamp_scalarERNS_18TensorIteratorBaseEN3c106ScalarES6_NS0_6detail11ClampLimitsEENKUlvE_clEvENKUlvE5_clEvEUlfE_St5arrayIPcLy2EELb0EEEviT0_T1_
384,95,fc2,_ZN7cutlass7Kernel2I41cutlass_80_simt_sgemm_64x64_8x5_tn_align1EEvNT_6ParamsE
384,95,fc2,_ZN8cublasLt19splitKreduce_kernelILi32ELi16EiffffLb0EfffLb1ELb1ELb0ELb0EEEvNS_18cublasSplitKParamsIT4_EEPKT2_PKT8_PT7_PT3_PKS2_SF_PKT9_S6_PSG_PvxPS2_PiSL_SL_SF_SF_SF_SF_SF_
384,98,conv1,_Z23implicit_convolve_sgemmIffiLi1024ELi5ELi5ELi3ELi3ELi3ELi1ELb0ELb0ELb1EEviiiPKT_iPT0_S2_18kernel_conv_paramsyT1_ffiPKS3_S8_bbii
384,98,relu1,_ZN2at6native29vectorized_elementwise_kernelILi4EZZZNS0_49_GLOBAL__N__a62a4dcd_16_TensorCompare_cu_71e06f4e19launch_clamp_scalarERNS_18TensorIteratorBaseEN3c106ScalarES6_NS0_6detail11ClampLimitsEENKUlvE_clEvENKUlvE5_clEvEUlfE_St5arrayIPcLy2EELb0EEEviT0_T1_
384,98,maxpool,_ZN2at6native52_GLOBAL__N__71d79c19_19_DilatedMaxPool2d_cu_9872839c21max_pool_forward_nchwIfiEEvT0_PKT_xxxiiiiiiiiiiPS4_Px
384,98,conv2,_Z23implicit_convolve_sgemmIffiLi1024ELi5ELi5ELi3ELi3ELi3ELi1ELb0ELb0ELb1EEviiiPKT_iPT0_S2_18kernel_conv_paramsyT1_ffiPKS3_S8_bbii
384,98,relu2,_ZN2at6native29vectorized_elementwise_kernelILi4EZZZNS0_49_GLOBAL__N__a62a4dcd_16_TensorCompare_cu_71e06f4e19launch_clamp_scalarERNS_18TensorIteratorBaseEN3c106ScalarES6_NS0_6detail11ClampLimitsEENKUlvE_clEvENKUlvE5_clEvEUlfE_St5arrayIPcLy2EELb0EEEviT0_T1_
384,98,conv3,_Z23implicit_convolve_sgemmIffiLi512ELi6ELi8ELi3ELi3ELi5ELi1ELb0ELb0ELb1EEviiiPKT_iPT0_S2_18kernel_conv_paramsyT1_ffiPKS3_S8_bbii
384,98,relu3,_ZN2at6native29vectorized_elementwise_kernelILi4EZZZNS0_49_GLOBAL__N__a62a4dcd_16_TensorCompare_cu_71e06f4e19launch_clamp_scalarERNS_18TensorIteratorBaseEN3c106ScalarES6_NS0_6detail11ClampLimitsEENKUlvE_clEvENKUlvE5_clEvEUlfE_St5arrayIPcLy2EELb0EEEviT0_T1_
384,98,conv4,_ZN5cudnn3cnn23kern_precompute_indicesILb0EEEvPiiiiii
384,98,conv4,_Z26precomputed_convolve_sgemmIfiLi512ELi6ELi7ELi4ELi3ELi5ELi1ELb0EEviiiPKT_iPS0_S2_18kernel_conv_paramsyT0_ffibbS2_S2_Pi
384,98,relu4,_ZN2at6native29vectorized_elementwise_kernelILi4EZZZNS0_49_GLOBAL__N__a62a4dcd_16_TensorCompare_cu_71e06f4e19launch_clamp_scalarERNS_18TensorIteratorBaseEN3c106ScalarES6_NS0_6detail11ClampLimitsEENKUlvE_clEvENKUlvE5_clEvEUlfE_St5arrayIPcLy2EELb0EEEviT0_T1_
384,98,conv5,_Z23implicit_convolve_sgemmIffiLi512ELi6ELi8ELi3ELi3ELi5ELi1ELb0ELb0ELb1EEviiiPKT_iPT0_S2_18kernel_conv_paramsyT1_ffiPKS3_S8_bbii
384,98,relu5,_ZN2at6native29vectorized_elementwise_kernelILi4EZZZNS0_49_GLOBAL__N__a62a4dcd_16_TensorCompare_cu_71e06f4e19launch_clamp_scalarERNS_18TensorIteratorBaseEN3c106ScalarES6_NS0_6detail11ClampLimitsEENKUlvE_clEvENKUlvE5_clEvEUlfE_St5arrayIPcLy2EELb0EEEviT0_T1_
384,98,conv6,_ZN5cudnn3cnn23kern_precompute_indicesILb0EEEvPiiiiii
384,98,conv6,_Z26precomputed_convolve_sgemmIfiLi512ELi6ELi7ELi4ELi3ELi5ELi1ELb0EEviiiPKT_iPS0_S2_18kernel_conv_paramsyT0_ffibbS2_S2_Pi
384,98,relu6,_ZN2at6native29vectorized_elementwise_kernelILi4EZZZNS0_49_GLOBAL__N__a62a4dcd_16_TensorCompare_cu_71e06f4e19launch_clamp_scalarERNS_18TensorIteratorBaseEN3c106ScalarES6_NS0_6detail11ClampLimitsEENKUlvE_clEvENKUlvE5_clEvEUlfE_St5arrayIPcLy2EELb0EEEviT0_T1_
384,98,global_avg_pool,_ZN2at6native13reduce_kernelILi512ELi1ENS0_8ReduceOpIfNS0_7MeanOpsIffffEEjfLi4ELi4EEEEEvT1_
384,98,fc1,_ZN7cutlass7Kernel2I41cutlass_80_simt_sgemm_64x64_8x5_tn_align1EEvNT_6ParamsE
384,98,fc1,_ZN8cublasLt19splitKreduce_kernelILi32ELi16EiffffLb0EfffLb1ELb1ELb0ELb0EEEvNS_18cublasSplitKParamsIT4_EEPKT2_PKT8_PT7_PT3_PKS2_SF_PKT9_S6_PSG_PvxPS2_PiSL_SL_SF_SF_SF_SF_SF_
384,98,relu7,_ZN2at6native29vectorized_elementwise_kernelILi4EZZZNS0_49_GLOBAL__N__a62a4dcd_16_TensorCompare_cu_71e06f4e19launch_clamp_scalarERNS_18TensorIteratorBaseEN3c106ScalarES6_NS0_6detail11ClampLimitsEENKUlvE_clEvENKUlvE5_clEvEUlfE_St5arrayIPcLy2EELb0EEEviT0_T1_
384,98,fc2,_ZN7cutlass7Kernel2I41cutlass_80_simt_sgemm_64x64_8x5_tn_align1EEvNT_6ParamsE
384,98,fc2,_ZN8cublasLt19splitKreduce_kernelILi32ELi16EiffffLb0EfffLb1ELb1ELb0ELb0EEEvNS_18cublasSplitKParamsIT4_EEPKT2_PKT8_PT7_PT3_PKS2_SF_PKT9_S6_PSG_PvxPS2_PiSL_SL_SF_SF_SF_SF_SF_
384,128,conv1,_Z23implicit_convolve_sgemmIffiLi1024ELi5ELi5ELi3ELi3ELi3ELi1ELb0ELb0ELb1EEviiiPKT_iPT0_S2_18kernel_conv_paramsyT1_ffiPKS3_S8_bbii
384,128,relu1,_ZN2at6native29vectorized_elementwise_kernelILi4EZZZNS0_49_GLOBAL__N__a62a4dcd_16_TensorCompare_cu_71e06f4e19launch_clamp_scalarERNS_18TensorIteratorBaseEN3c106ScalarES6_NS0_6detail11ClampLimitsEENKUlvE_clEvENKUlvE5_clEvEUlfE_St5arrayIPcLy2EELb0EEEviT0_T1_
384,128,maxpool,_ZN2at6native52_GLOBAL__N__71d79c19_19_DilatedMaxPool2d_cu_9872839c21max_pool_forward_nchwIfiEEvT0_PKT_xxxiiiiiiiiiiPS4_Px
384,128,conv2,_Z23implicit_convolve_sgemmIffiLi1024ELi5ELi5ELi3ELi3ELi3ELi1ELb0ELb0ELb1EEviiiPKT_iPT0_S2_18kernel_conv_paramsyT1_ffiPKS3_S8_bbii
384,128,relu2,_ZN2at6native29vectorized_elementwise_kernelILi4EZZZNS0_49_GLOBAL__N__a62a4dcd_16_TensorCompare_cu_71e06f4e19launch_clamp_scalarERNS_18TensorIteratorBaseEN3c106ScalarES6_NS0_6detail11ClampLimitsEENKUlvE_clEvENKUlvE5_clEvEUlfE_St5arrayIPcLy2EELb0EEEviT0_T1_
384,128,conv3,_Z23implicit_convolve_sgemmIffiLi512ELi6ELi8ELi3ELi3ELi5ELi1ELb0ELb0ELb1EEviiiPKT_iPT0_S2_18kernel_conv_paramsyT1_ffiPKS3_S8_bbii
384,128,relu3,_ZN2at6native29vectorized_elementwise_kernelILi4EZZZNS0_49_GLOBAL__N__a62a4dcd_16_TensorCompare_cu_71e06f4e19launch_clamp_scalarERNS_18TensorIteratorBaseEN3c106ScalarES6_NS0_6detail11ClampLimitsEENKUlvE_clEvENKUlvE5_clEvEUlfE_St5arrayIPcLy2EELb0EEEviT0_T1_
384,128,conv4,_ZN5cudnn3cnn23kern_precompute_indicesILb0EEEvPiiiiii
384,128,conv4,_Z26precomputed_convolve_sgemmIfiLi512ELi6ELi7ELi4ELi3ELi5ELi1ELb0EEviiiPKT_iPS0_S2_18kernel_conv_paramsyT0_ffibbS2_S2_Pi
384,128,relu4,_ZN2at6native29vectorized_elementwise_kernelILi4EZZZNS0_49_GLOBAL__N__a62a4dcd_16_TensorCompare_cu_71e06f4e19launch_clamp_scalarERNS_18TensorIteratorBaseEN3c106ScalarES6_NS0_6detail11ClampLimitsEENKUlvE_clEvENKUlvE5_clEvEUlfE_St5arrayIPcLy2EELb0EEEviT0_T1_
384,128,conv5,_Z23implicit_convolve_sgemmIffiLi512ELi6ELi8ELi3ELi3ELi5ELi1ELb0ELb0ELb1EEviiiPKT_iPT0_S2_18kernel_conv_paramsyT1_ffiPKS3_S8_bbii
384,128,relu5,_ZN2at6native29vectorized_elementwise_kernelILi4EZZZNS0_49_GLOBAL__N__a62a4dcd_16_TensorCompare_cu_71e06f4e19launch_clamp_scalarERNS_18TensorIteratorBaseEN3c106ScalarES6_NS0_6detail11ClampLimitsEENKUlvE_clEvENKUlvE5_clEvEUlfE_St5arrayIPcLy2EELb0EEEviT0_T1_
384,128,conv6,_ZN5cudnn3cnn23kern_precompute_indicesILb0EEEvPiiiiii
384,128,conv6,_Z26precomputed_convolve_sgemmIfiLi512ELi6ELi7ELi4ELi3ELi5ELi1ELb0EEviiiPKT_iPS0_S2_18kernel_conv_paramsyT0_ffibbS2_S2_Pi
384,128,relu6,_ZN2at6native29vectorized_elementwise_kernelILi4EZZZNS0_49_GLOBAL__N__a62a4dcd_16_TensorCompare_cu_71e06f4e19launch_clamp_scalarERNS_18TensorIteratorBaseEN3c106ScalarES6_NS0_6detail11ClampLimitsEENKUlvE_clEvENKUlvE5_clEvEUlfE_St5arrayIPcLy2EELb0EEEviT0_T1_
384,128,global_avg_pool,_ZN2at6native13reduce_kernelILi512ELi1ENS0_8ReduceOpIfNS0_7MeanOpsIffffEEjfLi4ELi4EEEEEvT1_
384,128,fc1,_ZN7cutlass7Kernel2I41cutlass_80_simt_sgemm_64x64_8x5_tn_align1EEvNT_6ParamsE
384,128,fc1,_ZN8cublasLt19splitKreduce_kernelILi32ELi16EiffffLb0EfffLb1ELb1ELb0ELb0EEEvNS_18cublasSplitKParamsIT4_EEPKT2_PKT8_PT7_PT3_PKS2_SF_PKT9_S6_PSG_PvxPS2_PiSL_SL_SF_SF_SF_SF_SF_
384,128,relu7,_ZN2at6native29vectorized_elementwise_kernelILi4EZZZNS0_49_GLOBAL__N__a62a4dcd_16_TensorCompare_cu_71e06f4e19launch_clamp_scalarERNS_18TensorIteratorBaseEN3c106ScalarES6_NS0_6detail11ClampLimitsEENKUlvE_clEvENKUlvE5_clEvEUlfE_St5arrayIPcLy2EELb0EEEviT0_T1_
384,128,fc2,_ZN7cutlass7Kernel2I41cutlass_80_simt_sgemm_64x64_8x5_tn_align1EEvNT_6ParamsE
384,128,fc2,_ZN8cublasLt19splitKreduce_kernelILi32ELi16EiffffLb0EfffLb1ELb1ELb0ELb0EEEvNS_18cublasSplitKParamsIT4_EEPKT2_PKT8_PT7_PT3_PKS2_SF_PKT9_S6_PSG_PvxPS2_PiSL_SL_SF_SF_SF_SF_SF_
384,167,conv1,_Z23implicit_convolve_sgemmIffiLi1024ELi5ELi5ELi3ELi3ELi3ELi1ELb0ELb0ELb1EEviiiPKT_iPT0_S2_18kernel_conv_paramsyT1_ffiPKS3_S8_bbii
384,167,relu1,_ZN2at6native29vectorized_elementwise_kernelILi4EZZZNS0_49_GLOBAL__N__a62a4dcd_16_TensorCompare_cu_71e06f4e19launch_clamp_scalarERNS_18TensorIteratorBaseEN3c106ScalarES6_NS0_6detail11ClampLimitsEENKUlvE_clEvENKUlvE5_clEvEUlfE_St5arrayIPcLy2EELb0EEEviT0_T1_
384,167,maxpool,_ZN2at6native52_GLOBAL__N__71d79c19_19_DilatedMaxPool2d_cu_9872839c21max_pool_forward_nchwIfiEEvT0_PKT_xxxiiiiiiiiiiPS4_Px
384,167,conv2,_Z23implicit_convolve_sgemmIffiLi1024ELi5ELi5ELi3ELi3ELi3ELi1ELb0ELb0ELb1EEviiiPKT_iPT0_S2_18kernel_conv_paramsyT1_ffiPKS3_S8_bbii
384,167,relu2,_ZN2at6native29vectorized_elementwise_kernelILi4EZZZNS0_49_GLOBAL__N__a62a4dcd_16_TensorCompare_cu_71e06f4e19launch_clamp_scalarERNS_18TensorIteratorBaseEN3c106ScalarES6_NS0_6detail11ClampLimitsEENKUlvE_clEvENKUlvE5_clEvEUlfE_St5arrayIPcLy2EELb0EEEviT0_T1_
384,167,conv3,_Z23implicit_convolve_sgemmIffiLi512ELi6ELi8ELi3ELi3ELi5ELi1ELb0ELb0ELb1EEviiiPKT_iPT0_S2_18kernel_conv_paramsyT1_ffiPKS3_S8_bbii
384,167,relu3,_ZN2at6native29vectorized_elementwise_kernelILi4EZZZNS0_49_GLOBAL__N__a62a4dcd_16_TensorCompare_cu_71e06f4e19launch_clamp_scalarERNS_18TensorIteratorBaseEN3c106ScalarES6_NS0_6detail11ClampLimitsEENKUlvE_clEvENKUlvE5_clEvEUlfE_St5arrayIPcLy2EELb0EEEviT0_T1_
384,167,conv4,_ZN5cudnn3cnn23kern_precompute_indicesILb0EEEvPiiiiii
384,167,conv4,_Z26precomputed_convolve_sgemmIfiLi512ELi6ELi7ELi4ELi3ELi5ELi1ELb0EEviiiPKT_iPS0_S2_18kernel_conv_paramsyT0_ffibbS2_S2_Pi
384,167,relu4,_ZN2at6native29vectorized_elementwise_kernelILi4EZZZNS0_49_GLOBAL__N__a62a4dcd_16_TensorCompare_cu_71e06f4e19launch_clamp_scalarERNS_18TensorIteratorBaseEN3c106ScalarES6_NS0_6detail11ClampLimitsEENKUlvE_clEvENKUlvE5_clEvEUlfE_St5arrayIPcLy2EELb0EEEviT0_T1_
384,167,conv5,_Z23implicit_convolve_sgemmIffiLi512ELi6ELi8ELi3ELi3ELi5ELi1ELb0ELb0ELb1EEviiiPKT_iPT0_S2_18kernel_conv_paramsyT1_ffiPKS3_S8_bbii
384,167,relu5,_ZN2at6native29vectorized_elementwise_kernelILi4EZZZNS0_49_GLOBAL__N__a62a4dcd_16_TensorCompare_cu_71e06f4e19launch_clamp_scalarERNS_18TensorIteratorBaseEN3c106ScalarES6_NS0_6detail11ClampLimitsEENKUlvE_clEvENKUlvE5_clEvEUlfE_St5arrayIPcLy2EELb0EEEviT0_T1_
384,167,conv6,_ZN5cudnn3cnn23kern_precompute_indicesILb0EEEvPiiiiii
384,167,conv6,_Z26precomputed_convolve_sgemmIfiLi512ELi6ELi7ELi4ELi3ELi5ELi1ELb0EEviiiPKT_iPS0_S2_18kernel_conv_paramsyT0_ffibbS2_S2_Pi
384,167,relu6,_ZN2at6native29vectorized_elementwise_kernelILi4EZZZNS0_49_GLOBAL__N__a62a4dcd_16_TensorCompare_cu_71e06f4e19launch_clamp_scalarERNS_18TensorIteratorBaseEN3c106ScalarES6_NS0_6detail11ClampLimitsEENKUlvE_clEvENKUlvE5_clEvEUlfE_St5arrayIPcLy2EELb0EEEviT0_T1_
384,167,global_avg_pool,_ZN2at6native13reduce_kernelILi512ELi1ENS0_8ReduceOpIfNS0_7MeanOpsIffffEEjfLi4ELi4EEEEEvT1_
384,167,fc1,_ZN7cutlass7Kernel2I41cutlass_80_simt_sgemm_64x64_8x5_tn_align1EEvNT_6ParamsE
384,167,fc1,_ZN8cublasLt19splitKreduce_kernelILi32ELi16EiffffLb0EfffLb1ELb1ELb0ELb0EEEvNS_18cublasSplitKParamsIT4_EEPKT2_PKT8_PT7_PT3_PKS2_SF_PKT9_S6_PSG_PvxPS2_PiSL_SL_SF_SF_SF_SF_SF_
384,167,relu7,_ZN2at6native29vectorized_elementwise_kernelILi4EZZZNS0_49_GLOBAL__N__a62a4dcd_16_TensorCompare_cu_71e06f4e19launch_clamp_scalarERNS_18TensorIteratorBaseEN3c106ScalarES6_NS0_6detail11ClampLimitsEENKUlvE_clEvENKUlvE5_clEvEUlfE_St5arrayIPcLy2EELb0EEEviT0_T1_
384,167,fc2,_ZN7cutlass7Kernel2I41cutlass_80_simt_sgemm_64x64_8x5_tn_align1EEvNT_6ParamsE
384,167,fc2,_ZN8cublasLt19splitKreduce_kernelILi32ELi16EiffffLb0EfffLb1ELb1ELb0ELb0EEEvNS_18cublasSplitKParamsIT4_EEPKT2_PKT8_PT7_PT3_PKS2_SF_PKT9_S6_PSG_PvxPS2_PiSL_SL_SF_SF_SF_SF_SF_
384,256,conv1,_Z23implicit_convolve_sgemmIffiLi1024ELi5ELi5ELi3ELi3ELi3ELi1ELb0ELb0ELb1EEviiiPKT_iPT0_S2_18kernel_conv_paramsyT1_ffiPKS3_S8_bbii
384,256,relu1,_ZN2at6native29vectorized_elementwise_kernelILi4EZZZNS0_49_GLOBAL__N__a62a4dcd_16_TensorCompare_cu_71e06f4e19launch_clamp_scalarERNS_18TensorIteratorBaseEN3c106ScalarES6_NS0_6detail11ClampLimitsEENKUlvE_clEvENKUlvE5_clEvEUlfE_St5arrayIPcLy2EELb0EEEviT0_T1_
384,256,maxpool,_ZN2at6native52_GLOBAL__N__71d79c19_19_DilatedMaxPool2d_cu_9872839c21max_pool_forward_nchwIfiEEvT0_PKT_xxxiiiiiiiiiiPS4_Px
384,256,conv2,_Z23implicit_convolve_sgemmIffiLi128ELi5ELi5ELi3ELi3ELi3ELi1ELb0ELb0ELb1EEviiiPKT_iPT0_S2_18kernel_conv_paramsyT1_ffiPKS3_S8_bbii
384,256,relu2,_ZN2at6native29vectorized_elementwise_kernelILi4EZZZNS0_49_GLOBAL__N__a62a4dcd_16_TensorCompare_cu_71e06f4e19launch_clamp_scalarERNS_18TensorIteratorBaseEN3c106ScalarES6_NS0_6detail11ClampLimitsEENKUlvE_clEvENKUlvE5_clEvEUlfE_St5arrayIPcLy2EELb0EEEviT0_T1_
384,256,conv3,_Z23implicit_convolve_sgemmIffiLi512ELi6ELi8ELi3ELi3ELi5ELi1ELb0ELb0ELb1EEviiiPKT_iPT0_S2_18kernel_conv_paramsyT1_ffiPKS3_S8_bbii
384,256,relu3,_ZN2at6native29vectorized_elementwise_kernelILi4EZZZNS0_49_GLOBAL__N__a62a4dcd_16_TensorCompare_cu_71e06f4e19launch_clamp_scalarERNS_18TensorIteratorBaseEN3c106ScalarES6_NS0_6detail11ClampLimitsEENKUlvE_clEvENKUlvE5_clEvEUlfE_St5arrayIPcLy2EELb0EEEviT0_T1_
384,256,conv4,_ZN5cudnn3cnn23kern_precompute_indicesILb0EEEvPiiiiii
384,256,conv4,_Z26precomputed_convolve_sgemmIfiLi512ELi6ELi7ELi4ELi3ELi5ELi1ELb0EEviiiPKT_iPS0_S2_18kernel_conv_paramsyT0_ffibbS2_S2_Pi
384,256,relu4,_ZN2at6native29vectorized_elementwise_kernelILi4EZZZNS0_49_GLOBAL__N__a62a4dcd_16_TensorCompare_cu_71e06f4e19launch_clamp_scalarERNS_18TensorIteratorBaseEN3c106ScalarES6_NS0_6detail11ClampLimitsEENKUlvE_clEvENKUlvE5_clEvEUlfE_St5arrayIPcLy2EELb0EEEviT0_T1_
384,256,conv5,_Z23implicit_convolve_sgemmIffiLi512ELi6ELi8ELi3ELi3ELi5ELi1ELb0ELb0ELb1EEviiiPKT_iPT0_S2_18kernel_conv_paramsyT1_ffiPKS3_S8_bbii
384,256,relu5,_ZN2at6native29vectorized_elementwise_kernelILi4EZZZNS0_49_GLOBAL__N__a62a4dcd_16_TensorCompare_cu_71e06f4e19launch_clamp_scalarERNS_18TensorIteratorBaseEN3c106ScalarES6_NS0_6detail11ClampLimitsEENKUlvE_clEvENKUlvE5_clEvEUlfE_St5arrayIPcLy2EELb0EEEviT0_T1_
384,256,conv6,_ZN5cudnn3cnn23kern_precompute_indicesILb0EEEvPiiiiii
384,256,conv6,_Z26precomputed_convolve_sgemmIfiLi512ELi6ELi7ELi4ELi3ELi5ELi1ELb0EEviiiPKT_iPS0_S2_18kernel_conv_paramsyT0_ffibbS2_S2_Pi
384,256,relu6,_ZN2at6native29vectorized_elementwise_kernelILi4EZZZNS0_49_GLOBAL__N__a62a4dcd_16_TensorCompare_cu_71e06f4e19launch_clamp_scalarERNS_18TensorIteratorBaseEN3c106ScalarES6_NS0_6detail11ClampLimitsEENKUlvE_clEvENKUlvE5_clEvEUlfE_St5arrayIPcLy2EELb0EEEviT0_T1_
384,256,global_avg_pool,_ZN2at6native13reduce_kernelILi512ELi1ENS0_8ReduceOpIfNS0_7MeanOpsIffffEEjfLi4ELi4EEEEEvT1_
384,256,fc1,_ZN7cutlass7Kernel2I41cutlass_80_simt_sgemm_64x64_8x5_tn_align1EEvNT_6ParamsE
384,256,fc1,_ZN8cublasLt19splitKreduce_kernelILi32ELi16EiffffLb0EfffLb1ELb1ELb0ELb0EEEvNS_18cublasSplitKParamsIT4_EEPKT2_PKT8_PT7_PT3_PKS2_SF_PKT9_S6_PSG_PvxPS2_PiSL_SL_SF_SF_SF_SF_SF_
384,256,relu7,_ZN2at6native29vectorized_elementwise_kernelILi4EZZZNS0_49_GLOBAL__N__a62a4dcd_16_TensorCompare_cu_71e06f4e19launch_clamp_scalarERNS_18TensorIteratorBaseEN3c106ScalarES6_NS0_6detail11ClampLimitsEENKUlvE_clEvENKUlvE5_clEvEUlfE_St5arrayIPcLy2EELb0EEEviT0_T1_
384,256,fc2,_ZN7cutlass7Kernel2I41cutlass_80_simt_sgemm_64x64_8x5_tn_align1EEvNT_6ParamsE
384,256,fc2,_ZN8cublasLt19splitKreduce_kernelILi32ELi16EiffffLb0EfffLb1ELb1ELb0ELb0EEEvNS_18cublasSplitKParamsIT4_EEPKT2_PKT8_PT7_PT3_PKS2_SF_PKT9_S6_PSG_PvxPS2_PiSL_SL_SF_SF_SF_SF_SF_
400,1,conv1,_Z23implicit_convolve_sgemmIffiLi1024ELi5ELi5ELi3ELi3ELi3ELi1ELb0ELb0ELb1EEviiiPKT_iPT0_S2_18kernel_conv_paramsyT1_ffiPKS3_S8_bbii
400,1,relu1,_ZN2at6native29vectorized_elementwise_kernelILi4EZZZNS0_49_GLOBAL__N__a62a4dcd_16_TensorCompare_cu_71e06f4e19launch_clamp_scalarERNS_18TensorIteratorBaseEN3c106ScalarES6_NS0_6detail11ClampLimitsEENKUlvE_clEvENKUlvE5_clEvEUlfE_St5arrayIPcLy2EELb0EEEviT0_T1_
400,1,maxpool,_ZN2at6native52_GLOBAL__N__71d79c19_19_DilatedMaxPool2d_cu_9872839c21max_pool_forward_nchwIfiEEvT0_PKT_xxxiiiiiiiiiiPS4_Px
400,1,conv2,_Z23implicit_convolve_sgemmIffiLi128ELi5ELi5ELi3ELi3ELi3ELi1ELb0ELb0ELb1EEviiiPKT_iPT0_S2_18kernel_conv_paramsyT1_ffiPKS3_S8_bbii
400,1,relu2,_ZN2at6native29vectorized_elementwise_kernelILi4EZZZNS0_49_GLOBAL__N__a62a4dcd_16_TensorCompare_cu_71e06f4e19launch_clamp_scalarERNS_18TensorIteratorBaseEN3c106ScalarES6_NS0_6detail11ClampLimitsEENKUlvE_clEvENKUlvE5_clEvEUlfE_St5arrayIPcLy2EELb0EEEviT0_T1_
400,1,conv3,_Z23implicit_convolve_sgemmIffiLi1024ELi5ELi5ELi3ELi3ELi3ELi1ELb0ELb0ELb1EEviiiPKT_iPT0_S2_18kernel_conv_paramsyT1_ffiPKS3_S8_bbii
400,1,relu3,_ZN2at6native29vectorized_elementwise_kernelILi4EZZZNS0_49_GLOBAL__N__a62a4dcd_16_TensorCompare_cu_71e06f4e19launch_clamp_scalarERNS_18TensorIteratorBaseEN3c106ScalarES6_NS0_6detail11ClampLimitsEENKUlvE_clEvENKUlvE5_clEvEUlfE_St5arrayIPcLy2EELb0EEEviT0_T1_
400,1,conv4,_Z23implicit_convolve_sgemmIffiLi1024ELi5ELi5ELi3ELi3ELi3ELi1ELb0ELb0ELb1EEviiiPKT_iPT0_S2_18kernel_conv_paramsyT1_ffiPKS3_S8_bbii
400,1,relu4,_ZN2at6native29vectorized_elementwise_kernelILi4EZZZNS0_49_GLOBAL__N__a62a4dcd_16_TensorCompare_cu_71e06f4e19launch_clamp_scalarERNS_18TensorIteratorBaseEN3c106ScalarES6_NS0_6detail11ClampLimitsEENKUlvE_clEvENKUlvE5_clEvEUlfE_St5arrayIPcLy2EELb0EEEviT0_T1_
400,1,conv5,_Z23implicit_convolve_sgemmIffiLi1024ELi5ELi5ELi3ELi3ELi3ELi1ELb0ELb0ELb1EEviiiPKT_iPT0_S2_18kernel_conv_paramsyT1_ffiPKS3_S8_bbii
400,1,relu5,_ZN2at6native29vectorized_elementwise_kernelILi4EZZZNS0_49_GLOBAL__N__a62a4dcd_16_TensorCompare_cu_71e06f4e19launch_clamp_scalarERNS_18TensorIteratorBaseEN3c106ScalarES6_NS0_6detail11ClampLimitsEENKUlvE_clEvENKUlvE5_clEvEUlfE_St5arrayIPcLy2EELb0EEEviT0_T1_
400,1,conv6,_Z23implicit_convolve_sgemmIffiLi1024ELi5ELi5ELi3ELi3ELi3ELi1ELb0ELb0ELb1EEviiiPKT_iPT0_S2_18kernel_conv_paramsyT1_ffiPKS3_S8_bbii
400,1,relu6,_ZN2at6native29vectorized_elementwise_kernelILi4EZZZNS0_49_GLOBAL__N__a62a4dcd_16_TensorCompare_cu_71e06f4e19launch_clamp_scalarERNS_18TensorIteratorBaseEN3c106ScalarES6_NS0_6detail11ClampLimitsEENKUlvE_clEvENKUlvE5_clEvEUlfE_St5arrayIPcLy2EELb0EEEviT0_T1_
400,1,global_avg_pool,_ZN2at6native13reduce_kernelILi512ELi1ENS0_8ReduceOpIfNS0_7MeanOpsIffffEEjfLi4ELi4EEEEEvT1_
400,1,fc1,_ZN8internal5gemvx6kernelIiiffffLb0ELb1ELb1ELb0ELi7ELb0E18cublasGemvParamsExIi30cublasGemvTensorStridedBatchedIKfES5_S3_IfEfEEENSt9enable_ifIXntT5_EvE4typeET11_
400,1,relu7,_ZN2at6native29vectorized_elementwise_kernelILi4EZZZNS0_49_GLOBAL__N__a62a4dcd_16_TensorCompare_cu_71e06f4e19launch_clamp_scalarERNS_18TensorIteratorBaseEN3c106ScalarES6_NS0_6detail11ClampLimitsEENKUlvE_clEvENKUlvE5_clEvEUlfE_St5arrayIPcLy2EELb0EEEviT0_T1_
400,1,fc2,_ZN8internal5gemvx6kernelIiiffffLb0ELb1ELb1ELb0ELi7ELb0E18cublasGemvParamsExIi30cublasGemvTensorStridedBatchedIKfES5_S3_IfEfEEENSt9enable_ifIXntT5_EvE4typeET11_
400,2,conv1,_Z23implicit_convolve_sgemmIffiLi1024ELi5ELi5ELi3ELi3ELi3ELi1ELb0ELb0ELb1EEviiiPKT_iPT0_S2_18kernel_conv_paramsyT1_ffiPKS3_S8_bbii
400,2,relu1,_ZN2at6native29vectorized_elementwise_kernelILi4EZZZNS0_49_GLOBAL__N__a62a4dcd_16_TensorCompare_cu_71e06f4e19launch_clamp_scalarERNS_18TensorIteratorBaseEN3c106ScalarES6_NS0_6detail11ClampLimitsEENKUlvE_clEvENKUlvE5_clEvEUlfE_St5arrayIPcLy2EELb0EEEviT0_T1_
400,2,maxpool,_ZN2at6native52_GLOBAL__N__71d79c19_19_DilatedMaxPool2d_cu_9872839c21max_pool_forward_nchwIfiEEvT0_PKT_xxxiiiiiiiiiiPS4_Px
400,2,conv2,_ZN5cudnn17winograd_nonfused26winogradForwardData9x9_5x5IffEEvNS0_18WinogradDataParamsIT_T0_EE
400,2,conv2,_ZN5cudnn17winograd_nonfused28winogradForwardFilter9x9_5x5IffEEvNS0_20WinogradFilterParamsIT_T0_EE
400,2,conv2,_Z20magma_sgemmEx_kernelIfffLb0ELb0ELi6ELi3ELi5ELi3ELi3EEviii13BatchedTensoriS0_iS0_iS0_iiiPKT_S3_S1_S1_i18cublasLtEpilogue_tiPKvx
400,2,conv2,_ZN5cudnn17winograd_nonfused28winogradForwardOutput9x9_5x5IffEEvNS0_20WinogradOutputParamsIT_T0_EE
400,2,relu2,_ZN2at6native29vectorized_elementwise_kernelILi4EZZZNS0_49_GLOBAL__N__a62a4dcd_16_TensorCompare_cu_71e06f4e19launch_clamp_scalarERNS_18TensorIteratorBaseEN3c106ScalarES6_NS0_6detail11ClampLimitsEENKUlvE_clEvENKUlvE5_clEvEUlfE_St5arrayIPcLy2EELb0EEEviT0_T1_
400,2,conv3,_Z23implicit_convolve_sgemmIffiLi1024ELi5ELi5ELi3ELi3ELi3ELi1ELb0ELb0ELb1EEviiiPKT_iPT0_S2_18kernel_conv_paramsyT1_ffiPKS3_S8_bbii
400,2,relu3,_ZN2at6native29vectorized_elementwise_kernelILi4EZZZNS0_49_GLOBAL__N__a62a4dcd_16_TensorCompare_cu_71e06f4e19launch_clamp_scalarERNS_18TensorIteratorBaseEN3c106ScalarES6_NS0_6detail11ClampLimitsEENKUlvE_clEvENKUlvE5_clEvEUlfE_St5arrayIPcLy2EELb0EEEviT0_T1_
400,2,conv4,_Z23implicit_convolve_sgemmIffiLi1024ELi5ELi5ELi3ELi3ELi3ELi1ELb0ELb0ELb1EEviiiPKT_iPT0_S2_18kernel_conv_paramsyT1_ffiPKS3_S8_bbii
400,2,relu4,_ZN2at6native29vectorized_elementwise_kernelILi4EZZZNS0_49_GLOBAL__N__a62a4dcd_16_TensorCompare_cu_71e06f4e19launch_clamp_scalarERNS_18TensorIteratorBaseEN3c106ScalarES6_NS0_6detail11ClampLimitsEENKUlvE_clEvENKUlvE5_clEvEUlfE_St5arrayIPcLy2EELb0EEEviT0_T1_
400,2,conv5,_Z23implicit_convolve_sgemmIffiLi1024ELi5ELi5ELi3ELi3ELi3ELi1ELb0ELb0ELb1EEviiiPKT_iPT0_S2_18kernel_conv_paramsyT1_ffiPKS3_S8_bbii
400,2,relu5,_ZN2at6native29vectorized_elementwise_kernelILi4EZZZNS0_49_GLOBAL__N__a62a4dcd_16_TensorCompare_cu_71e06f4e19launch_clamp_scalarERNS_18TensorIteratorBaseEN3c106ScalarES6_NS0_6detail11ClampLimitsEENKUlvE_clEvENKUlvE5_clEvEUlfE_St5arrayIPcLy2EELb0EEEviT0_T1_
400,2,conv6,_Z23implicit_convolve_sgemmIffiLi1024ELi5ELi5ELi3ELi3ELi3ELi1ELb0ELb0ELb1EEviiiPKT_iPT0_S2_18kernel_conv_paramsyT1_ffiPKS3_S8_bbii
400,2,relu6,_ZN2at6native29vectorized_elementwise_kernelILi4EZZZNS0_49_GLOBAL__N__a62a4dcd_16_TensorCompare_cu_71e06f4e19launch_clamp_scalarERNS_18TensorIteratorBaseEN3c106ScalarES6_NS0_6detail11ClampLimitsEENKUlvE_clEvENKUlvE5_clEvEUlfE_St5arrayIPcLy2EELb0EEEviT0_T1_
400,2,global_avg_pool,_ZN2at6native13reduce_kernelILi512ELi1ENS0_8ReduceOpIfNS0_7MeanOpsIffffEEjfLi4ELi4EEEEEvT1_
400,2,fc1,_Z16gemmSN_TN_kernelIfLi128ELi16ELi2ELi4ELi2ELi2ELb1E30cublasGemvTensorStridedBatchedIKfES2_S0_IfEEv22cublasGemmSmallNParamsIT7_T8_T9_T_E
400,2,relu7,_ZN2at6native29vectorized_elementwise_kernelILi4EZZZNS0_49_GLOBAL__N__a62a4dcd_16_TensorCompare_cu_71e06f4e19launch_clamp_scalarERNS_18TensorIteratorBaseEN3c106ScalarES6_NS0_6detail11ClampLimitsEENKUlvE_clEvENKUlvE5_clEvEUlfE_St5arrayIPcLy2EELb0EEEviT0_T1_
400,2,fc2,_Z16gemmSN_TN_kernelIfLi128ELi16ELi2ELi4ELi2ELi2ELb1E30cublasGemvTensorStridedBatchedIKfES2_S0_IfEEv22cublasGemmSmallNParamsIT7_T8_T9_T_E
400,4,conv1,_Z23implicit_convolve_sgemmIffiLi1024ELi5ELi5ELi3ELi3ELi3ELi1ELb0ELb0ELb1EEviiiPKT_iPT0_S2_18kernel_conv_paramsyT1_ffiPKS3_S8_bbii
400,4,relu1,_ZN2at6native29vectorized_elementwise_kernelILi4EZZZNS0_49_GLOBAL__N__a62a4dcd_16_TensorCompare_cu_71e06f4e19launch_clamp_scalarERNS_18TensorIteratorBaseEN3c106ScalarES6_NS0_6detail11ClampLimitsEENKUlvE_clEvENKUlvE5_clEvEUlfE_St5arrayIPcLy2EELb0EEEviT0_T1_
400,4,maxpool,_ZN2at6native52_GLOBAL__N__71d79c19_19_DilatedMaxPool2d_cu_9872839c21max_pool_forward_nchwIfiEEvT0_PKT_xxxiiiiiiiiiiPS4_Px
400,4,conv2,_ZN5cudnn17winograd_nonfused26winogradForwardData9x9_5x5IffEEvNS0_18WinogradDataParamsIT_T0_EE
400,4,conv2,_ZN5cudnn17winograd_nonfused28winogradForwardFilter9x9_5x5IffEEvNS0_20WinogradFilterParamsIT_T0_EE
400,4,conv2,_Z20magma_sgemmEx_kernelIfffLb0ELb0ELi6ELi3ELi5ELi3ELi3EEviii13BatchedTensoriS0_iS0_iS0_iiiPKT_S3_S1_S1_i18cublasLtEpilogue_tiPKvx
400,4,conv2,_ZN5cudnn17winograd_nonfused28winogradForwardOutput9x9_5x5IffEEvNS0_20WinogradOutputParamsIT_T0_EE
400,4,relu2,_ZN2at6native29vectorized_elementwise_kernelILi4EZZZNS0_49_GLOBAL__N__a62a4dcd_16_TensorCompare_cu_71e06f4e19launch_clamp_scalarERNS_18TensorIteratorBaseEN3c106ScalarES6_NS0_6detail11ClampLimitsEENKUlvE_clEvENKUlvE5_clEvEUlfE_St5arrayIPcLy2EELb0EEEviT0_T1_
400,4,conv3,_Z23implicit_convolve_sgemmIffiLi128ELi5ELi5ELi3ELi3ELi3ELi1ELb0ELb0ELb1EEviiiPKT_iPT0_S2_18kernel_conv_paramsyT1_ffiPKS3_S8_bbii
400,4,relu3,_ZN2at6native29vectorized_elementwise_kernelILi4EZZZNS0_49_GLOBAL__N__a62a4dcd_16_TensorCompare_cu_71e06f4e19launch_clamp_scalarERNS_18TensorIteratorBaseEN3c106ScalarES6_NS0_6detail11ClampLimitsEENKUlvE_clEvENKUlvE5_clEvEUlfE_St5arrayIPcLy2EELb0EEEviT0_T1_
400,4,conv4,_Z23implicit_convolve_sgemmIffiLi1024ELi5ELi5ELi3ELi3ELi3ELi1ELb0ELb0ELb1EEviiiPKT_iPT0_S2_18kernel_conv_paramsyT1_ffiPKS3_S8_bbii
400,4,relu4,_ZN2at6native29vectorized_elementwise_kernelILi4EZZZNS0_49_GLOBAL__N__a62a4dcd_16_TensorCompare_cu_71e06f4e19launch_clamp_scalarERNS_18TensorIteratorBaseEN3c106ScalarES6_NS0_6detail11ClampLimitsEENKUlvE_clEvENKUlvE5_clEvEUlfE_St5arrayIPcLy2EELb0EEEviT0_T1_
400,4,conv5,_Z23implicit_convolve_sgemmIffiLi1024ELi5ELi5ELi3ELi3ELi3ELi1ELb0ELb0ELb1EEviiiPKT_iPT0_S2_18kernel_conv_paramsyT1_ffiPKS3_S8_bbii
400,4,relu5,_ZN2at6native29vectorized_elementwise_kernelILi4EZZZNS0_49_GLOBAL__N__a62a4dcd_16_TensorCompare_cu_71e06f4e19launch_clamp_scalarERNS_18TensorIteratorBaseEN3c106ScalarES6_NS0_6detail11ClampLimitsEENKUlvE_clEvENKUlvE5_clEvEUlfE_St5arrayIPcLy2EELb0EEEviT0_T1_
400,4,conv6,_Z23implicit_convolve_sgemmIffiLi1024ELi5ELi5ELi3ELi3ELi3ELi1ELb0ELb0ELb1EEviiiPKT_iPT0_S2_18kernel_conv_paramsyT1_ffiPKS3_S8_bbii
400,4,relu6,_ZN2at6native29vectorized_elementwise_kernelILi4EZZZNS0_49_GLOBAL__N__a62a4dcd_16_TensorCompare_cu_71e06f4e19launch_clamp_scalarERNS_18TensorIteratorBaseEN3c106ScalarES6_NS0_6detail11ClampLimitsEENKUlvE_clEvENKUlvE5_clEvEUlfE_St5arrayIPcLy2EELb0EEEviT0_T1_
400,4,global_avg_pool,_ZN2at6native13reduce_kernelILi512ELi1ENS0_8ReduceOpIfNS0_7MeanOpsIffffEEjfLi4ELi4EEEEEvT1_
400,4,fc1,_Z16gemmSN_TN_kernelIfLi128ELi16ELi2ELi4ELi4ELi4ELb1E30cublasGemvTensorStridedBatchedIKfES2_S0_IfEEv22cublasGemmSmallNParamsIT7_T8_T9_T_E
400,4,relu7,_ZN2at6native29vectorized_elementwise_kernelILi4EZZZNS0_49_GLOBAL__N__a62a4dcd_16_TensorCompare_cu_71e06f4e19launch_clamp_scalarERNS_18TensorIteratorBaseEN3c106ScalarES6_NS0_6detail11ClampLimitsEENKUlvE_clEvENKUlvE5_clEvEUlfE_St5arrayIPcLy2EELb0EEEviT0_T1_
400,4,fc2,_Z16gemmSN_TN_kernelIfLi128ELi16ELi2ELi4ELi4ELi4ELb1E30cublasGemvTensorStridedBatchedIKfES2_S0_IfEEv22cublasGemmSmallNParamsIT7_T8_T9_T_E
400,8,conv1,_Z23implicit_convolve_sgemmIffiLi1024ELi5ELi5ELi3ELi3ELi3ELi1ELb0ELb0ELb1EEviiiPKT_iPT0_S2_18kernel_conv_paramsyT1_ffiPKS3_S8_bbii
400,8,relu1,_ZN2at6native29vectorized_elementwise_kernelILi4EZZZNS0_49_GLOBAL__N__a62a4dcd_16_TensorCompare_cu_71e06f4e19launch_clamp_scalarERNS_18TensorIteratorBaseEN3c106ScalarES6_NS0_6detail11ClampLimitsEENKUlvE_clEvENKUlvE5_clEvEUlfE_St5arrayIPcLy2EELb0EEEviT0_T1_
400,8,maxpool,_ZN2at6native52_GLOBAL__N__71d79c19_19_DilatedMaxPool2d_cu_9872839c21max_pool_forward_nchwIfiEEvT0_PKT_xxxiiiiiiiiiiPS4_Px
400,8,conv2,_ZN5cudnn17winograd_nonfused26winogradForwardData9x9_5x5IffEEvNS0_18WinogradDataParamsIT_T0_EE
400,8,conv2,_ZN5cudnn17winograd_nonfused28winogradForwardFilter9x9_5x5IffEEvNS0_20WinogradFilterParamsIT_T0_EE
400,8,conv2,_Z20magma_sgemmEx_kernelIfffLb0ELb0ELi6ELi3ELi5ELi3ELi3EEviii13BatchedTensoriS0_iS0_iS0_iiiPKT_S3_S1_S1_i18cublasLtEpilogue_tiPKvx
400,8,conv2,_ZN5cudnn17winograd_nonfused28winogradForwardOutput9x9_5x5IffEEvNS0_20WinogradOutputParamsIT_T0_EE
400,8,relu2,_ZN2at6native29vectorized_elementwise_kernelILi4EZZZNS0_49_GLOBAL__N__a62a4dcd_16_TensorCompare_cu_71e06f4e19launch_clamp_scalarERNS_18TensorIteratorBaseEN3c106ScalarES6_NS0_6detail11ClampLimitsEENKUlvE_clEvENKUlvE5_clEvEUlfE_St5arrayIPcLy2EELb0EEEviT0_T1_
400,8,conv3,_Z23implicit_convolve_sgemmIffiLi512ELi6ELi8ELi3ELi3ELi5ELi1ELb0ELb0ELb1EEviiiPKT_iPT0_S2_18kernel_conv_paramsyT1_ffiPKS3_S8_bbii
400,8,relu3,_ZN2at6native29vectorized_elementwise_kernelILi4EZZZNS0_49_GLOBAL__N__a62a4dcd_16_TensorCompare_cu_71e06f4e19launch_clamp_scalarERNS_18TensorIteratorBaseEN3c106ScalarES6_NS0_6detail11ClampLimitsEENKUlvE_clEvENKUlvE5_clEvEUlfE_St5arrayIPcLy2EELb0EEEviT0_T1_
400,8,conv4,_Z23implicit_convolve_sgemmIffiLi1024ELi5ELi5ELi3ELi3ELi3ELi1ELb0ELb0ELb1EEviiiPKT_iPT0_S2_18kernel_conv_paramsyT1_ffiPKS3_S8_bbii
400,8,relu4,_ZN2at6native29vectorized_elementwise_kernelILi4EZZZNS0_49_GLOBAL__N__a62a4dcd_16_TensorCompare_cu_71e06f4e19launch_clamp_scalarERNS_18TensorIteratorBaseEN3c106ScalarES6_NS0_6detail11ClampLimitsEENKUlvE_clEvENKUlvE5_clEvEUlfE_St5arrayIPcLy2EELb0EEEviT0_T1_
400,8,conv5,_ZN5cudnn3cnn23kern_precompute_indicesILb0EEEvPiiiiii
400,8,conv5,_Z26precomputed_convolve_sgemmIfiLi512ELi6ELi7ELi4ELi3ELi5ELi1ELb0EEviiiPKT_iPS0_S2_18kernel_conv_paramsyT0_ffibbS2_S2_Pi
400,8,conv5,_Z23implicit_convolve_sgemmIffiLi128ELi6ELi7ELi3ELi3ELi5ELi1ELb0ELb0ELb1EEviiiPKT_iPT0_S2_18kernel_conv_paramsyT1_ffiPKS3_S8_bbii
400,8,conv5,_Z23implicit_convolve_sgemmIffiLi128ELi6ELi7ELi3ELi3ELi5ELi1ELb0ELb0ELb1EEviiiPKT_iPT0_S2_18kernel_conv_paramsyT1_ffiPKS3_S8_bbii
400,8,relu5,_ZN2at6native29vectorized_elementwise_kernelILi4EZZZNS0_49_GLOBAL__N__a62a4dcd_16_TensorCompare_cu_71e06f4e19launch_clamp_scalarERNS_18TensorIteratorBaseEN3c106ScalarES6_NS0_6detail11ClampLimitsEENKUlvE_clEvENKUlvE5_clEvEUlfE_St5arrayIPcLy2EELb0EEEviT0_T1_
400,8,conv6,_ZN5cudnn3cnn23kern_precompute_indicesILb0EEEvPiiiiii
400,8,conv6,_Z26precomputed_convolve_sgemmIfiLi512ELi6ELi7ELi4ELi3ELi5ELi1ELb0EEviiiPKT_iPS0_S2_18kernel_conv_paramsyT0_ffibbS2_S2_Pi
400,8,relu6,_ZN2at6native29vectorized_elementwise_kernelILi4EZZZNS0_49_GLOBAL__N__a62a4dcd_16_TensorCompare_cu_71e06f4e19launch_clamp_scalarERNS_18TensorIteratorBaseEN3c106ScalarES6_NS0_6detail11ClampLimitsEENKUlvE_clEvENKUlvE5_clEvEUlfE_St5arrayIPcLy2EELb0EEEviT0_T1_
400,8,global_avg_pool,_ZN2at6native13reduce_kernelILi512ELi1ENS0_8ReduceOpIfNS0_7MeanOpsIffffEEjfLi4ELi4EEEEEvT1_
400,8,fc1,_Z16gemmSN_TN_kernelIfLi128ELi16ELi2ELi4ELi8ELi9ELb0E30cublasGemvTensorStridedBatchedIKfES2_S0_IfEEv22cublasGemmSmallNParamsIT7_T8_T9_T_E
400,8,relu7,_ZN2at6native29vectorized_elementwise_kernelILi4EZZZNS0_49_GLOBAL__N__a62a4dcd_16_TensorCompare_cu_71e06f4e19launch_clamp_scalarERNS_18TensorIteratorBaseEN3c106ScalarES6_NS0_6detail11ClampLimitsEENKUlvE_clEvENKUlvE5_clEvEUlfE_St5arrayIPcLy2EELb0EEEviT0_T1_
400,8,fc2,_Z16gemmSN_TN_kernelIfLi128ELi16ELi2ELi4ELi8ELi9ELb0E30cublasGemvTensorStridedBatchedIKfES2_S0_IfEEv22cublasGemmSmallNParamsIT7_T8_T9_T_E
400,16,conv1,_Z23implicit_convolve_sgemmIffiLi1024ELi5ELi5ELi3ELi3ELi3ELi1ELb0ELb0ELb1EEviiiPKT_iPT0_S2_18kernel_conv_paramsyT1_ffiPKS3_S8_bbii
400,16,relu1,_ZN2at6native29vectorized_elementwise_kernelILi4EZZZNS0_49_GLOBAL__N__a62a4dcd_16_TensorCompare_cu_71e06f4e19launch_clamp_scalarERNS_18TensorIteratorBaseEN3c106ScalarES6_NS0_6detail11ClampLimitsEENKUlvE_clEvENKUlvE5_clEvEUlfE_St5arrayIPcLy2EELb0EEEviT0_T1_
400,16,maxpool,_ZN2at6native52_GLOBAL__N__71d79c19_19_DilatedMaxPool2d_cu_9872839c21max_pool_forward_nchwIfiEEvT0_PKT_xxxiiiiiiiiiiPS4_Px
400,16,conv2,_ZN5cudnn17winograd_nonfused26winogradForwardData9x9_5x5IffEEvNS0_18WinogradDataParamsIT_T0_EE
400,16,conv2,_ZN5cudnn17winograd_nonfused28winogradForwardFilter9x9_5x5IffEEvNS0_20WinogradFilterParamsIT_T0_EE
400,16,conv2,_Z20magma_sgemmEx_kernelIfffLb0ELb0ELi6ELi3ELi5ELi3ELi3EEviii13BatchedTensoriS0_iS0_iS0_iiiPKT_S3_S1_S1_i18cublasLtEpilogue_tiPKvx
400,16,conv2,_ZN5cudnn17winograd_nonfused28winogradForwardOutput9x9_5x5IffEEvNS0_20WinogradOutputParamsIT_T0_EE
400,16,relu2,_ZN2at6native29vectorized_elementwise_kernelILi4EZZZNS0_49_GLOBAL__N__a62a4dcd_16_TensorCompare_cu_71e06f4e19launch_clamp_scalarERNS_18TensorIteratorBaseEN3c106ScalarES6_NS0_6detail11ClampLimitsEENKUlvE_clEvENKUlvE5_clEvEUlfE_St5arrayIPcLy2EELb0EEEviT0_T1_
400,16,conv3,_Z23implicit_convolve_sgemmIffiLi512ELi6ELi8ELi3ELi3ELi5ELi1ELb0ELb0ELb1EEviiiPKT_iPT0_S2_18kernel_conv_paramsyT1_ffiPKS3_S8_bbii
400,16,relu3,_ZN2at6native29vectorized_elementwise_kernelILi4EZZZNS0_49_GLOBAL__N__a62a4dcd_16_TensorCompare_cu_71e06f4e19launch_clamp_scalarERNS_18TensorIteratorBaseEN3c106ScalarES6_NS0_6detail11ClampLimitsEENKUlvE_clEvENKUlvE5_clEvEUlfE_St5arrayIPcLy2EELb0EEEviT0_T1_
400,16,conv4,_Z23implicit_convolve_sgemmIffiLi1024ELi5ELi5ELi3ELi3ELi3ELi1ELb0ELb0ELb1EEviiiPKT_iPT0_S2_18kernel_conv_paramsyT1_ffiPKS3_S8_bbii
400,16,relu4,_ZN2at6native29vectorized_elementwise_kernelILi4EZZZNS0_49_GLOBAL__N__a62a4dcd_16_TensorCompare_cu_71e06f4e19launch_clamp_scalarERNS_18TensorIteratorBaseEN3c106ScalarES6_NS0_6detail11ClampLimitsEENKUlvE_clEvENKUlvE5_clEvEUlfE_St5arrayIPcLy2EELb0EEEviT0_T1_
400,16,conv5,_Z23implicit_convolve_sgemmIffiLi512ELi6ELi8ELi3ELi3ELi5ELi1ELb0ELb0ELb1EEviiiPKT_iPT0_S2_18kernel_conv_paramsyT1_ffiPKS3_S8_bbii
400,16,relu5,_ZN2at6native29vectorized_elementwise_kernelILi4EZZZNS0_49_GLOBAL__N__a62a4dcd_16_TensorCompare_cu_71e06f4e19launch_clamp_scalarERNS_18TensorIteratorBaseEN3c106ScalarES6_NS0_6detail11ClampLimitsEENKUlvE_clEvENKUlvE5_clEvEUlfE_St5arrayIPcLy2EELb0EEEviT0_T1_
400,16,conv6,_ZN5cudnn3cnn23kern_precompute_indicesILb0EEEvPiiiiii
400,16,conv6,_Z26precomputed_convolve_sgemmIfiLi512ELi6ELi7ELi4ELi3ELi5ELi1ELb0EEviiiPKT_iPS0_S2_18kernel_conv_paramsyT0_ffibbS2_S2_Pi
400,16,relu6,_ZN2at6native29vectorized_elementwise_kernelILi4EZZZNS0_49_GLOBAL__N__a62a4dcd_16_TensorCompare_cu_71e06f4e19launch_clamp_scalarERNS_18TensorIteratorBaseEN3c106ScalarES6_NS0_6detail11ClampLimitsEENKUlvE_clEvENKUlvE5_clEvEUlfE_St5arrayIPcLy2EELb0EEEviT0_T1_
400,16,global_avg_pool,_ZN2at6native13reduce_kernelILi512ELi1ENS0_8ReduceOpIfNS0_7MeanOpsIffffEEjfLi4ELi4EEEEEvT1_
400,16,fc1,_Z16gemmSN_TN_kernelIfLi128ELi16ELi2ELi4ELi8ELi9ELb0E30cublasGemvTensorStridedBatchedIKfES2_S0_IfEEv22cublasGemmSmallNParamsIT7_T8_T9_T_E
400,16,relu7,_ZN2at6native29vectorized_elementwise_kernelILi4EZZZNS0_49_GLOBAL__N__a62a4dcd_16_TensorCompare_cu_71e06f4e19launch_clamp_scalarERNS_18TensorIteratorBaseEN3c106ScalarES6_NS0_6detail11ClampLimitsEENKUlvE_clEvENKUlvE5_clEvEUlfE_St5arrayIPcLy2EELb0EEEviT0_T1_
400,16,fc2,_Z16gemmSN_TN_kernelIfLi128ELi16ELi2ELi4ELi8ELi9ELb0E30cublasGemvTensorStridedBatchedIKfES2_S0_IfEEv22cublasGemmSmallNParamsIT7_T8_T9_T_E
400,32,conv1,_Z23implicit_convolve_sgemmIffiLi1024ELi5ELi5ELi3ELi3ELi3ELi1ELb0ELb0ELb1EEviiiPKT_iPT0_S2_18kernel_conv_paramsyT1_ffiPKS3_S8_bbii
400,32,relu1,_ZN2at6native29vectorized_elementwise_kernelILi4EZZZNS0_49_GLOBAL__N__a62a4dcd_16_TensorCompare_cu_71e06f4e19launch_clamp_scalarERNS_18TensorIteratorBaseEN3c106ScalarES6_NS0_6detail11ClampLimitsEENKUlvE_clEvENKUlvE5_clEvEUlfE_St5arrayIPcLy2EELb0EEEviT0_T1_
400,32,maxpool,_ZN2at6native52_GLOBAL__N__71d79c19_19_DilatedMaxPool2d_cu_9872839c21max_pool_forward_nchwIfiEEvT0_PKT_xxxiiiiiiiiiiPS4_Px
400,32,conv2,_Z23implicit_convolve_sgemmIffiLi1024ELi5ELi5ELi3ELi3ELi3ELi1ELb0ELb0ELb1EEviiiPKT_iPT0_S2_18kernel_conv_paramsyT1_ffiPKS3_S8_bbii
400,32,relu2,_ZN2at6native29vectorized_elementwise_kernelILi4EZZZNS0_49_GLOBAL__N__a62a4dcd_16_TensorCompare_cu_71e06f4e19launch_clamp_scalarERNS_18TensorIteratorBaseEN3c106ScalarES6_NS0_6detail11ClampLimitsEENKUlvE_clEvENKUlvE5_clEvEUlfE_St5arrayIPcLy2EELb0EEEviT0_T1_
400,32,conv3,_Z23implicit_convolve_sgemmIffiLi512ELi6ELi8ELi3ELi3ELi5ELi1ELb0ELb0ELb1EEviiiPKT_iPT0_S2_18kernel_conv_paramsyT1_ffiPKS3_S8_bbii
400,32,relu3,_ZN2at6native29vectorized_elementwise_kernelILi4EZZZNS0_49_GLOBAL__N__a62a4dcd_16_TensorCompare_cu_71e06f4e19launch_clamp_scalarERNS_18TensorIteratorBaseEN3c106ScalarES6_NS0_6detail11ClampLimitsEENKUlvE_clEvENKUlvE5_clEvEUlfE_St5arrayIPcLy2EELb0EEEviT0_T1_
400,32,conv4,_Z23implicit_convolve_sgemmIffiLi1024ELi5ELi5ELi3ELi3ELi3ELi1ELb0ELb0ELb1EEviiiPKT_iPT0_S2_18kernel_conv_paramsyT1_ffiPKS3_S8_bbii
400,32,relu4,_ZN2at6native29vectorized_elementwise_kernelILi4EZZZNS0_49_GLOBAL__N__a62a4dcd_16_TensorCompare_cu_71e06f4e19launch_clamp_scalarERNS_18TensorIteratorBaseEN3c106ScalarES6_NS0_6detail11ClampLimitsEENKUlvE_clEvENKUlvE5_clEvEUlfE_St5arrayIPcLy2EELb0EEEviT0_T1_
400,32,conv5,_Z23implicit_convolve_sgemmIffiLi512ELi6ELi8ELi3ELi3ELi5ELi1ELb0ELb0ELb1EEviiiPKT_iPT0_S2_18kernel_conv_paramsyT1_ffiPKS3_S8_bbii
400,32,relu5,_ZN2at6native29vectorized_elementwise_kernelILi4EZZZNS0_49_GLOBAL__N__a62a4dcd_16_TensorCompare_cu_71e06f4e19launch_clamp_scalarERNS_18TensorIteratorBaseEN3c106ScalarES6_NS0_6detail11ClampLimitsEENKUlvE_clEvENKUlvE5_clEvEUlfE_St5arrayIPcLy2EELb0EEEviT0_T1_
400,32,conv6,_Z23implicit_convolve_sgemmIffiLi1024ELi5ELi5ELi3ELi3ELi3ELi1ELb0ELb0ELb1EEviiiPKT_iPT0_S2_18kernel_conv_paramsyT1_ffiPKS3_S8_bbii
400,32,relu6,_ZN2at6native29vectorized_elementwise_kernelILi4EZZZNS0_49_GLOBAL__N__a62a4dcd_16_TensorCompare_cu_71e06f4e19launch_clamp_scalarERNS_18TensorIteratorBaseEN3c106ScalarES6_NS0_6detail11ClampLimitsEENKUlvE_clEvENKUlvE5_clEvEUlfE_St5arrayIPcLy2EELb0EEEviT0_T1_
400,32,global_avg_pool,_ZN2at6native13reduce_kernelILi512ELi1ENS0_8ReduceOpIfNS0_7MeanOpsIffffEEjfLi4ELi4EEEEEvT1_
400,32,fc1,_ZN7cutlass7Kernel2I41cutlass_80_simt_sgemm_64x64_8x5_tn_align1EEvNT_6ParamsE
400,32,fc1,_ZN8cublasLt19splitKreduce_kernelILi32ELi16EiffffLb0EfffLb1ELb1ELb0ELb0EEEvNS_18cublasSplitKParamsIT4_EEPKT2_PKT8_PT7_PT3_PKS2_SF_PKT9_S6_PSG_PvxPS2_PiSL_SL_SF_SF_SF_SF_SF_
400,32,relu7,_ZN2at6native29vectorized_elementwise_kernelILi4EZZZNS0_49_GLOBAL__N__a62a4dcd_16_TensorCompare_cu_71e06f4e19launch_clamp_scalarERNS_18TensorIteratorBaseEN3c106ScalarES6_NS0_6detail11ClampLimitsEENKUlvE_clEvENKUlvE5_clEvEUlfE_St5arrayIPcLy2EELb0EEEviT0_T1_
400,32,fc2,_ZN7cutlass7Kernel2I41cutlass_80_simt_sgemm_64x64_8x5_tn_align1EEvNT_6ParamsE
400,32,fc2,_ZN8cublasLt19splitKreduce_kernelILi32ELi16EiffffLb0EfffLb1ELb1ELb0ELb0EEEvNS_18cublasSplitKParamsIT4_EEPKT2_PKT8_PT7_PT3_PKS2_SF_PKT9_S6_PSG_PvxPS2_PiSL_SL_SF_SF_SF_SF_SF_
400,64,conv1,_Z23implicit_convolve_sgemmIffiLi1024ELi5ELi5ELi3ELi3ELi3ELi1ELb0ELb0ELb1EEviiiPKT_iPT0_S2_18kernel_conv_paramsyT1_ffiPKS3_S8_bbii
400,64,relu1,_ZN2at6native29vectorized_elementwise_kernelILi4EZZZNS0_49_GLOBAL__N__a62a4dcd_16_TensorCompare_cu_71e06f4e19launch_clamp_scalarERNS_18TensorIteratorBaseEN3c106ScalarES6_NS0_6detail11ClampLimitsEENKUlvE_clEvENKUlvE5_clEvEUlfE_St5arrayIPcLy2EELb0EEEviT0_T1_
400,64,maxpool,_ZN2at6native52_GLOBAL__N__71d79c19_19_DilatedMaxPool2d_cu_9872839c21max_pool_forward_nchwIfiEEvT0_PKT_xxxiiiiiiiiiiPS4_Px
400,64,conv2,_Z23implicit_convolve_sgemmIffiLi1024ELi5ELi5ELi3ELi3ELi3ELi1ELb0ELb0ELb1EEviiiPKT_iPT0_S2_18kernel_conv_paramsyT1_ffiPKS3_S8_bbii
400,64,relu2,_ZN2at6native29vectorized_elementwise_kernelILi4EZZZNS0_49_GLOBAL__N__a62a4dcd_16_TensorCompare_cu_71e06f4e19launch_clamp_scalarERNS_18TensorIteratorBaseEN3c106ScalarES6_NS0_6detail11ClampLimitsEENKUlvE_clEvENKUlvE5_clEvEUlfE_St5arrayIPcLy2EELb0EEEviT0_T1_
400,64,conv3,_Z23implicit_convolve_sgemmIffiLi512ELi6ELi8ELi3ELi3ELi5ELi1ELb0ELb0ELb1EEviiiPKT_iPT0_S2_18kernel_conv_paramsyT1_ffiPKS3_S8_bbii
400,64,relu3,_ZN2at6native29vectorized_elementwise_kernelILi4EZZZNS0_49_GLOBAL__N__a62a4dcd_16_TensorCompare_cu_71e06f4e19launch_clamp_scalarERNS_18TensorIteratorBaseEN3c106ScalarES6_NS0_6detail11ClampLimitsEENKUlvE_clEvENKUlvE5_clEvEUlfE_St5arrayIPcLy2EELb0EEEviT0_T1_
400,64,conv4,_Z23implicit_convolve_sgemmIffiLi1024ELi5ELi5ELi3ELi3ELi3ELi1ELb0ELb0ELb1EEviiiPKT_iPT0_S2_18kernel_conv_paramsyT1_ffiPKS3_S8_bbii
400,64,relu4,_ZN2at6native29vectorized_elementwise_kernelILi4EZZZNS0_49_GLOBAL__N__a62a4dcd_16_TensorCompare_cu_71e06f4e19launch_clamp_scalarERNS_18TensorIteratorBaseEN3c106ScalarES6_NS0_6detail11ClampLimitsEENKUlvE_clEvENKUlvE5_clEvEUlfE_St5arrayIPcLy2EELb0EEEviT0_T1_
400,64,conv5,_Z23implicit_convolve_sgemmIffiLi512ELi6ELi8ELi3ELi3ELi5ELi1ELb0ELb0ELb1EEviiiPKT_iPT0_S2_18kernel_conv_paramsyT1_ffiPKS3_S8_bbii
400,64,relu5,_ZN2at6native29vectorized_elementwise_kernelILi4EZZZNS0_49_GLOBAL__N__a62a4dcd_16_TensorCompare_cu_71e06f4e19launch_clamp_scalarERNS_18TensorIteratorBaseEN3c106ScalarES6_NS0_6detail11ClampLimitsEENKUlvE_clEvENKUlvE5_clEvEUlfE_St5arrayIPcLy2EELb0EEEviT0_T1_
400,64,conv6,_ZN5cudnn3cnn23kern_precompute_indicesILb0EEEvPiiiiii
400,64,conv6,_Z26precomputed_convolve_sgemmIfiLi512ELi6ELi7ELi4ELi3ELi5ELi1ELb0EEviiiPKT_iPS0_S2_18kernel_conv_paramsyT0_ffibbS2_S2_Pi
400,64,relu6,_ZN2at6native29vectorized_elementwise_kernelILi4EZZZNS0_49_GLOBAL__N__a62a4dcd_16_TensorCompare_cu_71e06f4e19launch_clamp_scalarERNS_18TensorIteratorBaseEN3c106ScalarES6_NS0_6detail11ClampLimitsEENKUlvE_clEvENKUlvE5_clEvEUlfE_St5arrayIPcLy2EELb0EEEviT0_T1_
400,64,global_avg_pool,_ZN2at6native13reduce_kernelILi512ELi1ENS0_8ReduceOpIfNS0_7MeanOpsIffffEEjfLi4ELi4EEEEEvT1_
400,64,fc1,_ZN7cutlass7Kernel2I41cutlass_80_simt_sgemm_64x64_8x5_tn_align1EEvNT_6ParamsE
400,64,fc1,_ZN8cublasLt19splitKreduce_kernelILi32ELi16EiffffLb0EfffLb1ELb1ELb0ELb0EEEvNS_18cublasSplitKParamsIT4_EEPKT2_PKT8_PT7_PT3_PKS2_SF_PKT9_S6_PSG_PvxPS2_PiSL_SL_SF_SF_SF_SF_SF_
400,64,relu7,_ZN2at6native29vectorized_elementwise_kernelILi4EZZZNS0_49_GLOBAL__N__a62a4dcd_16_TensorCompare_cu_71e06f4e19launch_clamp_scalarERNS_18TensorIteratorBaseEN3c106ScalarES6_NS0_6detail11ClampLimitsEENKUlvE_clEvENKUlvE5_clEvEUlfE_St5arrayIPcLy2EELb0EEEviT0_T1_
400,64,fc2,_ZN7cutlass7Kernel2I41cutlass_80_simt_sgemm_64x64_8x5_tn_align1EEvNT_6ParamsE
400,64,fc2,_ZN8cublasLt19splitKreduce_kernelILi32ELi16EiffffLb0EfffLb1ELb1ELb0ELb0EEEvNS_18cublasSplitKParamsIT4_EEPKT2_PKT8_PT7_PT3_PKS2_SF_PKT9_S6_PSG_PvxPS2_PiSL_SL_SF_SF_SF_SF_SF_
400,95,conv1,_Z23implicit_convolve_sgemmIffiLi1024ELi5ELi5ELi3ELi3ELi3ELi1ELb0ELb0ELb1EEviiiPKT_iPT0_S2_18kernel_conv_paramsyT1_ffiPKS3_S8_bbii
400,95,relu1,_ZN2at6native29vectorized_elementwise_kernelILi4EZZZNS0_49_GLOBAL__N__a62a4dcd_16_TensorCompare_cu_71e06f4e19launch_clamp_scalarERNS_18TensorIteratorBaseEN3c106ScalarES6_NS0_6detail11ClampLimitsEENKUlvE_clEvENKUlvE5_clEvEUlfE_St5arrayIPcLy2EELb0EEEviT0_T1_
400,95,maxpool,_ZN2at6native52_GLOBAL__N__71d79c19_19_DilatedMaxPool2d_cu_9872839c21max_pool_forward_nchwIfiEEvT0_PKT_xxxiiiiiiiiiiPS4_Px
400,95,conv2,_Z23implicit_convolve_sgemmIffiLi1024ELi5ELi5ELi3ELi3ELi3ELi1ELb0ELb0ELb1EEviiiPKT_iPT0_S2_18kernel_conv_paramsyT1_ffiPKS3_S8_bbii
400,95,relu2,_ZN2at6native29vectorized_elementwise_kernelILi4EZZZNS0_49_GLOBAL__N__a62a4dcd_16_TensorCompare_cu_71e06f4e19launch_clamp_scalarERNS_18TensorIteratorBaseEN3c106ScalarES6_NS0_6detail11ClampLimitsEENKUlvE_clEvENKUlvE5_clEvEUlfE_St5arrayIPcLy2EELb0EEEviT0_T1_
400,95,conv3,_Z23implicit_convolve_sgemmIffiLi512ELi6ELi8ELi3ELi3ELi5ELi1ELb0ELb0ELb1EEviiiPKT_iPT0_S2_18kernel_conv_paramsyT1_ffiPKS3_S8_bbii
400,95,relu3,_ZN2at6native29vectorized_elementwise_kernelILi4EZZZNS0_49_GLOBAL__N__a62a4dcd_16_TensorCompare_cu_71e06f4e19launch_clamp_scalarERNS_18TensorIteratorBaseEN3c106ScalarES6_NS0_6detail11ClampLimitsEENKUlvE_clEvENKUlvE5_clEvEUlfE_St5arrayIPcLy2EELb0EEEviT0_T1_
400,95,conv4,_ZN5cudnn3cnn23kern_precompute_indicesILb0EEEvPiiiiii
400,95,conv4,_Z26precomputed_convolve_sgemmIfiLi512ELi6ELi7ELi4ELi3ELi5ELi1ELb0EEviiiPKT_iPS0_S2_18kernel_conv_paramsyT0_ffibbS2_S2_Pi
400,95,relu4,_ZN2at6native29vectorized_elementwise_kernelILi4EZZZNS0_49_GLOBAL__N__a62a4dcd_16_TensorCompare_cu_71e06f4e19launch_clamp_scalarERNS_18TensorIteratorBaseEN3c106ScalarES6_NS0_6detail11ClampLimitsEENKUlvE_clEvENKUlvE5_clEvEUlfE_St5arrayIPcLy2EELb0EEEviT0_T1_
400,95,conv5,_Z23implicit_convolve_sgemmIffiLi512ELi6ELi8ELi3ELi3ELi5ELi1ELb0ELb0ELb1EEviiiPKT_iPT0_S2_18kernel_conv_paramsyT1_ffiPKS3_S8_bbii
400,95,relu5,_ZN2at6native29vectorized_elementwise_kernelILi4EZZZNS0_49_GLOBAL__N__a62a4dcd_16_TensorCompare_cu_71e06f4e19launch_clamp_scalarERNS_18TensorIteratorBaseEN3c106ScalarES6_NS0_6detail11ClampLimitsEENKUlvE_clEvENKUlvE5_clEvEUlfE_St5arrayIPcLy2EELb0EEEviT0_T1_
400,95,conv6,_ZN5cudnn3cnn23kern_precompute_indicesILb0EEEvPiiiiii
400,95,conv6,_Z26precomputed_convolve_sgemmIfiLi512ELi6ELi7ELi4ELi3ELi5ELi1ELb0EEviiiPKT_iPS0_S2_18kernel_conv_paramsyT0_ffibbS2_S2_Pi
400,95,relu6,_ZN2at6native29vectorized_elementwise_kernelILi4EZZZNS0_49_GLOBAL__N__a62a4dcd_16_TensorCompare_cu_71e06f4e19launch_clamp_scalarERNS_18TensorIteratorBaseEN3c106ScalarES6_NS0_6detail11ClampLimitsEENKUlvE_clEvENKUlvE5_clEvEUlfE_St5arrayIPcLy2EELb0EEEviT0_T1_
400,95,global_avg_pool,_ZN2at6native13reduce_kernelILi512ELi1ENS0_8ReduceOpIfNS0_7MeanOpsIffffEEjfLi4ELi4EEEEEvT1_
400,95,fc1,_ZN7cutlass7Kernel2I41cutlass_80_simt_sgemm_64x64_8x5_tn_align1EEvNT_6ParamsE
400,95,fc1,_ZN8cublasLt19splitKreduce_kernelILi32ELi16EiffffLb0EfffLb1ELb1ELb0ELb0EEEvNS_18cublasSplitKParamsIT4_EEPKT2_PKT8_PT7_PT3_PKS2_SF_PKT9_S6_PSG_PvxPS2_PiSL_SL_SF_SF_SF_SF_SF_
400,95,relu7,_ZN2at6native29vectorized_elementwise_kernelILi4EZZZNS0_49_GLOBAL__N__a62a4dcd_16_TensorCompare_cu_71e06f4e19launch_clamp_scalarERNS_18TensorIteratorBaseEN3c106ScalarES6_NS0_6detail11ClampLimitsEENKUlvE_clEvENKUlvE5_clEvEUlfE_St5arrayIPcLy2EELb0EEEviT0_T1_
400,95,fc2,_ZN7cutlass7Kernel2I41cutlass_80_simt_sgemm_64x64_8x5_tn_align1EEvNT_6ParamsE
400,95,fc2,_ZN8cublasLt19splitKreduce_kernelILi32ELi16EiffffLb0EfffLb1ELb1ELb0ELb0EEEvNS_18cublasSplitKParamsIT4_EEPKT2_PKT8_PT7_PT3_PKS2_SF_PKT9_S6_PSG_PvxPS2_PiSL_SL_SF_SF_SF_SF_SF_
400,98,conv1,_Z23implicit_convolve_sgemmIffiLi1024ELi5ELi5ELi3ELi3ELi3ELi1ELb0ELb0ELb1EEviiiPKT_iPT0_S2_18kernel_conv_paramsyT1_ffiPKS3_S8_bbii
400,98,relu1,_ZN2at6native29vectorized_elementwise_kernelILi4EZZZNS0_49_GLOBAL__N__a62a4dcd_16_TensorCompare_cu_71e06f4e19launch_clamp_scalarERNS_18TensorIteratorBaseEN3c106ScalarES6_NS0_6detail11ClampLimitsEENKUlvE_clEvENKUlvE5_clEvEUlfE_St5arrayIPcLy2EELb0EEEviT0_T1_
400,98,maxpool,_ZN2at6native52_GLOBAL__N__71d79c19_19_DilatedMaxPool2d_cu_9872839c21max_pool_forward_nchwIfiEEvT0_PKT_xxxiiiiiiiiiiPS4_Px
400,98,conv2,_Z23implicit_convolve_sgemmIffiLi1024ELi5ELi5ELi3ELi3ELi3ELi1ELb0ELb0ELb1EEviiiPKT_iPT0_S2_18kernel_conv_paramsyT1_ffiPKS3_S8_bbii
400,98,relu2,_ZN2at6native29vectorized_elementwise_kernelILi4EZZZNS0_49_GLOBAL__N__a62a4dcd_16_TensorCompare_cu_71e06f4e19launch_clamp_scalarERNS_18TensorIteratorBaseEN3c106ScalarES6_NS0_6detail11ClampLimitsEENKUlvE_clEvENKUlvE5_clEvEUlfE_St5arrayIPcLy2EELb0EEEviT0_T1_
400,98,conv3,_Z23implicit_convolve_sgemmIffiLi512ELi6ELi8ELi3ELi3ELi5ELi1ELb0ELb0ELb1EEviiiPKT_iPT0_S2_18kernel_conv_paramsyT1_ffiPKS3_S8_bbii
400,98,relu3,_ZN2at6native29vectorized_elementwise_kernelILi4EZZZNS0_49_GLOBAL__N__a62a4dcd_16_TensorCompare_cu_71e06f4e19launch_clamp_scalarERNS_18TensorIteratorBaseEN3c106ScalarES6_NS0_6detail11ClampLimitsEENKUlvE_clEvENKUlvE5_clEvEUlfE_St5arrayIPcLy2EELb0EEEviT0_T1_
400,98,conv4,_ZN5cudnn3cnn23kern_precompute_indicesILb0EEEvPiiiiii
400,98,conv4,_Z26precomputed_convolve_sgemmIfiLi512ELi6ELi7ELi4ELi3ELi5ELi1ELb0EEviiiPKT_iPS0_S2_18kernel_conv_paramsyT0_ffibbS2_S2_Pi
400,98,relu4,_ZN2at6native29vectorized_elementwise_kernelILi4EZZZNS0_49_GLOBAL__N__a62a4dcd_16_TensorCompare_cu_71e06f4e19launch_clamp_scalarERNS_18TensorIteratorBaseEN3c106ScalarES6_NS0_6detail11ClampLimitsEENKUlvE_clEvENKUlvE5_clEvEUlfE_St5arrayIPcLy2EELb0EEEviT0_T1_
400,98,conv5,_Z23implicit_convolve_sgemmIffiLi512ELi6ELi8ELi3ELi3ELi5ELi1ELb0ELb0ELb1EEviiiPKT_iPT0_S2_18kernel_conv_paramsyT1_ffiPKS3_S8_bbii
400,98,relu5,_ZN2at6native29vectorized_elementwise_kernelILi4EZZZNS0_49_GLOBAL__N__a62a4dcd_16_TensorCompare_cu_71e06f4e19launch_clamp_scalarERNS_18TensorIteratorBaseEN3c106ScalarES6_NS0_6detail11ClampLimitsEENKUlvE_clEvENKUlvE5_clEvEUlfE_St5arrayIPcLy2EELb0EEEviT0_T1_
400,98,conv6,_ZN5cudnn3cnn23kern_precompute_indicesILb0EEEvPiiiiii
400,98,conv6,_Z26precomputed_convolve_sgemmIfiLi512ELi6ELi7ELi4ELi3ELi5ELi1ELb0EEviiiPKT_iPS0_S2_18kernel_conv_paramsyT0_ffibbS2_S2_Pi
400,98,relu6,_ZN2at6native29vectorized_elementwise_kernelILi4EZZZNS0_49_GLOBAL__N__a62a4dcd_16_TensorCompare_cu_71e06f4e19launch_clamp_scalarERNS_18TensorIteratorBaseEN3c106ScalarES6_NS0_6detail11ClampLimitsEENKUlvE_clEvENKUlvE5_clEvEUlfE_St5arrayIPcLy2EELb0EEEviT0_T1_
400,98,global_avg_pool,_ZN2at6native13reduce_kernelILi512ELi1ENS0_8ReduceOpIfNS0_7MeanOpsIffffEEjfLi4ELi4EEEEEvT1_
400,98,fc1,_ZN7cutlass7Kernel2I41cutlass_80_simt_sgemm_64x64_8x5_tn_align1EEvNT_6ParamsE
400,98,fc1,_ZN8cublasLt19splitKreduce_kernelILi32ELi16EiffffLb0EfffLb1ELb1ELb0ELb0EEEvNS_18cublasSplitKParamsIT4_EEPKT2_PKT8_PT7_PT3_PKS2_SF_PKT9_S6_PSG_PvxPS2_PiSL_SL_SF_SF_SF_SF_SF_
400,98,relu7,_ZN2at6native29vectorized_elementwise_kernelILi4EZZZNS0_49_GLOBAL__N__a62a4dcd_16_TensorCompare_cu_71e06f4e19launch_clamp_scalarERNS_18TensorIteratorBaseEN3c106ScalarES6_NS0_6detail11ClampLimitsEENKUlvE_clEvENKUlvE5_clEvEUlfE_St5arrayIPcLy2EELb0EEEviT0_T1_
400,98,fc2,_ZN7cutlass7Kernel2I41cutlass_80_simt_sgemm_64x64_8x5_tn_align1EEvNT_6ParamsE
400,98,fc2,_ZN8cublasLt19splitKreduce_kernelILi32ELi16EiffffLb0EfffLb1ELb1ELb0ELb0EEEvNS_18cublasSplitKParamsIT4_EEPKT2_PKT8_PT7_PT3_PKS2_SF_PKT9_S6_PSG_PvxPS2_PiSL_SL_SF_SF_SF_SF_SF_
400,128,conv1,_Z23implicit_convolve_sgemmIffiLi1024ELi5ELi5ELi3ELi3ELi3ELi1ELb0ELb0ELb1EEviiiPKT_iPT0_S2_18kernel_conv_paramsyT1_ffiPKS3_S8_bbii
400,128,relu1,_ZN2at6native29vectorized_elementwise_kernelILi4EZZZNS0_49_GLOBAL__N__a62a4dcd_16_TensorCompare_cu_71e06f4e19launch_clamp_scalarERNS_18TensorIteratorBaseEN3c106ScalarES6_NS0_6detail11ClampLimitsEENKUlvE_clEvENKUlvE5_clEvEUlfE_St5arrayIPcLy2EELb0EEEviT0_T1_
400,128,maxpool,_ZN2at6native52_GLOBAL__N__71d79c19_19_DilatedMaxPool2d_cu_9872839c21max_pool_forward_nchwIfiEEvT0_PKT_xxxiiiiiiiiiiPS4_Px
400,128,conv2,_Z23implicit_convolve_sgemmIffiLi1024ELi5ELi5ELi3ELi3ELi3ELi1ELb0ELb0ELb1EEviiiPKT_iPT0_S2_18kernel_conv_paramsyT1_ffiPKS3_S8_bbii
400,128,relu2,_ZN2at6native29vectorized_elementwise_kernelILi4EZZZNS0_49_GLOBAL__N__a62a4dcd_16_TensorCompare_cu_71e06f4e19launch_clamp_scalarERNS_18TensorIteratorBaseEN3c106ScalarES6_NS0_6detail11ClampLimitsEENKUlvE_clEvENKUlvE5_clEvEUlfE_St5arrayIPcLy2EELb0EEEviT0_T1_
400,128,conv3,_Z23implicit_convolve_sgemmIffiLi512ELi6ELi8ELi3ELi3ELi5ELi1ELb0ELb0ELb1EEviiiPKT_iPT0_S2_18kernel_conv_paramsyT1_ffiPKS3_S8_bbii
400,128,relu3,_ZN2at6native29vectorized_elementwise_kernelILi4EZZZNS0_49_GLOBAL__N__a62a4dcd_16_TensorCompare_cu_71e06f4e19launch_clamp_scalarERNS_18TensorIteratorBaseEN3c106ScalarES6_NS0_6detail11ClampLimitsEENKUlvE_clEvENKUlvE5_clEvEUlfE_St5arrayIPcLy2EELb0EEEviT0_T1_
400,128,conv4,_ZN5cudnn3cnn23kern_precompute_indicesILb0EEEvPiiiiii
400,128,conv4,_Z26precomputed_convolve_sgemmIfiLi512ELi6ELi7ELi4ELi3ELi5ELi1ELb0EEviiiPKT_iPS0_S2_18kernel_conv_paramsyT0_ffibbS2_S2_Pi
400,128,relu4,_ZN2at6native29vectorized_elementwise_kernelILi4EZZZNS0_49_GLOBAL__N__a62a4dcd_16_TensorCompare_cu_71e06f4e19launch_clamp_scalarERNS_18TensorIteratorBaseEN3c106ScalarES6_NS0_6detail11ClampLimitsEENKUlvE_clEvENKUlvE5_clEvEUlfE_St5arrayIPcLy2EELb0EEEviT0_T1_
400,128,conv5,_Z23implicit_convolve_sgemmIffiLi512ELi6ELi8ELi3ELi3ELi5ELi1ELb0ELb0ELb1EEviiiPKT_iPT0_S2_18kernel_conv_paramsyT1_ffiPKS3_S8_bbii
400,128,relu5,_ZN2at6native29vectorized_elementwise_kernelILi4EZZZNS0_49_GLOBAL__N__a62a4dcd_16_TensorCompare_cu_71e06f4e19launch_clamp_scalarERNS_18TensorIteratorBaseEN3c106ScalarES6_NS0_6detail11ClampLimitsEENKUlvE_clEvENKUlvE5_clEvEUlfE_St5arrayIPcLy2EELb0EEEviT0_T1_
400,128,conv6,_ZN5cudnn3cnn23kern_precompute_indicesILb0EEEvPiiiiii
400,128,conv6,_Z26precomputed_convolve_sgemmIfiLi512ELi6ELi7ELi4ELi3ELi5ELi1ELb0EEviiiPKT_iPS0_S2_18kernel_conv_paramsyT0_ffibbS2_S2_Pi
400,128,relu6,_ZN2at6native29vectorized_elementwise_kernelILi4EZZZNS0_49_GLOBAL__N__a62a4dcd_16_TensorCompare_cu_71e06f4e19launch_clamp_scalarERNS_18TensorIteratorBaseEN3c106ScalarES6_NS0_6detail11ClampLimitsEENKUlvE_clEvENKUlvE5_clEvEUlfE_St5arrayIPcLy2EELb0EEEviT0_T1_
400,128,global_avg_pool,_ZN2at6native13reduce_kernelILi512ELi1ENS0_8ReduceOpIfNS0_7MeanOpsIffffEEjfLi4ELi4EEEEEvT1_
400,128,fc1,_ZN7cutlass7Kernel2I41cutlass_80_simt_sgemm_64x64_8x5_tn_align1EEvNT_6ParamsE
400,128,fc1,_ZN8cublasLt19splitKreduce_kernelILi32ELi16EiffffLb0EfffLb1ELb1ELb0ELb0EEEvNS_18cublasSplitKParamsIT4_EEPKT2_PKT8_PT7_PT3_PKS2_SF_PKT9_S6_PSG_PvxPS2_PiSL_SL_SF_SF_SF_SF_SF_
400,128,relu7,_ZN2at6native29vectorized_elementwise_kernelILi4EZZZNS0_49_GLOBAL__N__a62a4dcd_16_TensorCompare_cu_71e06f4e19launch_clamp_scalarERNS_18TensorIteratorBaseEN3c106ScalarES6_NS0_6detail11ClampLimitsEENKUlvE_clEvENKUlvE5_clEvEUlfE_St5arrayIPcLy2EELb0EEEviT0_T1_
400,128,fc2,_ZN7cutlass7Kernel2I41cutlass_80_simt_sgemm_64x64_8x5_tn_align1EEvNT_6ParamsE
400,128,fc2,_ZN8cublasLt19splitKreduce_kernelILi32ELi16EiffffLb0EfffLb1ELb1ELb0ELb0EEEvNS_18cublasSplitKParamsIT4_EEPKT2_PKT8_PT7_PT3_PKS2_SF_PKT9_S6_PSG_PvxPS2_PiSL_SL_SF_SF_SF_SF_SF_
400,167,conv1,_Z23implicit_convolve_sgemmIffiLi1024ELi5ELi5ELi3ELi3ELi3ELi1ELb0ELb0ELb1EEviiiPKT_iPT0_S2_18kernel_conv_paramsyT1_ffiPKS3_S8_bbii
400,167,relu1,_ZN2at6native29vectorized_elementwise_kernelILi4EZZZNS0_49_GLOBAL__N__a62a4dcd_16_TensorCompare_cu_71e06f4e19launch_clamp_scalarERNS_18TensorIteratorBaseEN3c106ScalarES6_NS0_6detail11ClampLimitsEENKUlvE_clEvENKUlvE5_clEvEUlfE_St5arrayIPcLy2EELb0EEEviT0_T1_
400,167,maxpool,_ZN2at6native52_GLOBAL__N__71d79c19_19_DilatedMaxPool2d_cu_9872839c21max_pool_forward_nchwIfiEEvT0_PKT_xxxiiiiiiiiiiPS4_Px
400,167,conv2,_Z23implicit_convolve_sgemmIffiLi128ELi5ELi5ELi3ELi3ELi3ELi1ELb0ELb0ELb1EEviiiPKT_iPT0_S2_18kernel_conv_paramsyT1_ffiPKS3_S8_bbii
400,167,relu2,_ZN2at6native29vectorized_elementwise_kernelILi4EZZZNS0_49_GLOBAL__N__a62a4dcd_16_TensorCompare_cu_71e06f4e19launch_clamp_scalarERNS_18TensorIteratorBaseEN3c106ScalarES6_NS0_6detail11ClampLimitsEENKUlvE_clEvENKUlvE5_clEvEUlfE_St5arrayIPcLy2EELb0EEEviT0_T1_
400,167,conv3,_Z23implicit_convolve_sgemmIffiLi512ELi6ELi8ELi3ELi3ELi5ELi1ELb0ELb0ELb1EEviiiPKT_iPT0_S2_18kernel_conv_paramsyT1_ffiPKS3_S8_bbii
400,167,relu3,_ZN2at6native29vectorized_elementwise_kernelILi4EZZZNS0_49_GLOBAL__N__a62a4dcd_16_TensorCompare_cu_71e06f4e19launch_clamp_scalarERNS_18TensorIteratorBaseEN3c106ScalarES6_NS0_6detail11ClampLimitsEENKUlvE_clEvENKUlvE5_clEvEUlfE_St5arrayIPcLy2EELb0EEEviT0_T1_
400,167,conv4,_ZN5cudnn3cnn23kern_precompute_indicesILb0EEEvPiiiiii
400,167,conv4,_Z26precomputed_convolve_sgemmIfiLi512ELi6ELi7ELi4ELi3ELi5ELi1ELb0EEviiiPKT_iPS0_S2_18kernel_conv_paramsyT0_ffibbS2_S2_Pi
400,167,relu4,_ZN2at6native29vectorized_elementwise_kernelILi4EZZZNS0_49_GLOBAL__N__a62a4dcd_16_TensorCompare_cu_71e06f4e19launch_clamp_scalarERNS_18TensorIteratorBaseEN3c106ScalarES6_NS0_6detail11ClampLimitsEENKUlvE_clEvENKUlvE5_clEvEUlfE_St5arrayIPcLy2EELb0EEEviT0_T1_
400,167,conv5,_Z23implicit_convolve_sgemmIffiLi512ELi6ELi8ELi3ELi3ELi5ELi1ELb0ELb0ELb1EEviiiPKT_iPT0_S2_18kernel_conv_paramsyT1_ffiPKS3_S8_bbii
400,167,relu5,_ZN2at6native29vectorized_elementwise_kernelILi4EZZZNS0_49_GLOBAL__N__a62a4dcd_16_TensorCompare_cu_71e06f4e19launch_clamp_scalarERNS_18TensorIteratorBaseEN3c106ScalarES6_NS0_6detail11ClampLimitsEENKUlvE_clEvENKUlvE5_clEvEUlfE_St5arrayIPcLy2EELb0EEEviT0_T1_
400,167,conv6,_ZN5cudnn3cnn23kern_precompute_indicesILb0EEEvPiiiiii
400,167,conv6,_Z26precomputed_convolve_sgemmIfiLi512ELi6ELi7ELi4ELi3ELi5ELi1ELb0EEviiiPKT_iPS0_S2_18kernel_conv_paramsyT0_ffibbS2_S2_Pi
400,167,relu6,_ZN2at6native29vectorized_elementwise_kernelILi4EZZZNS0_49_GLOBAL__N__a62a4dcd_16_TensorCompare_cu_71e06f4e19launch_clamp_scalarERNS_18TensorIteratorBaseEN3c106ScalarES6_NS0_6detail11ClampLimitsEENKUlvE_clEvENKUlvE5_clEvEUlfE_St5arrayIPcLy2EELb0EEEviT0_T1_
400,167,global_avg_pool,_ZN2at6native13reduce_kernelILi512ELi1ENS0_8ReduceOpIfNS0_7MeanOpsIffffEEjfLi4ELi4EEEEEvT1_
400,167,fc1,_ZN7cutlass7Kernel2I41cutlass_80_simt_sgemm_64x64_8x5_tn_align1EEvNT_6ParamsE
400,167,fc1,_ZN8cublasLt19splitKreduce_kernelILi32ELi16EiffffLb0EfffLb1ELb1ELb0ELb0EEEvNS_18cublasSplitKParamsIT4_EEPKT2_PKT8_PT7_PT3_PKS2_SF_PKT9_S6_PSG_PvxPS2_PiSL_SL_SF_SF_SF_SF_SF_
400,167,relu7,_ZN2at6native29vectorized_elementwise_kernelILi4EZZZNS0_49_GLOBAL__N__a62a4dcd_16_TensorCompare_cu_71e06f4e19launch_clamp_scalarERNS_18TensorIteratorBaseEN3c106ScalarES6_NS0_6detail11ClampLimitsEENKUlvE_clEvENKUlvE5_clEvEUlfE_St5arrayIPcLy2EELb0EEEviT0_T1_
400,167,fc2,_ZN7cutlass7Kernel2I41cutlass_80_simt_sgemm_64x64_8x5_tn_align1EEvNT_6ParamsE
400,167,fc2,_ZN8cublasLt19splitKreduce_kernelILi32ELi16EiffffLb0EfffLb1ELb1ELb0ELb0EEEvNS_18cublasSplitKParamsIT4_EEPKT2_PKT8_PT7_PT3_PKS2_SF_PKT9_S6_PSG_PvxPS2_PiSL_SL_SF_SF_SF_SF_SF_
400,256,conv1,_Z23implicit_convolve_sgemmIffiLi1024ELi5ELi5ELi3ELi3ELi3ELi1ELb0ELb0ELb1EEviiiPKT_iPT0_S2_18kernel_conv_paramsyT1_ffiPKS3_S8_bbii
400,256,relu1,_ZN2at6native29vectorized_elementwise_kernelILi4EZZZNS0_49_GLOBAL__N__a62a4dcd_16_TensorCompare_cu_71e06f4e19launch_clamp_scalarERNS_18TensorIteratorBaseEN3c106ScalarES6_NS0_6detail11ClampLimitsEENKUlvE_clEvENKUlvE5_clEvEUlfE_St5arrayIPcLy2EELb0EEEviT0_T1_
400,256,maxpool,_ZN2at6native52_GLOBAL__N__71d79c19_19_DilatedMaxPool2d_cu_9872839c21max_pool_forward_nchwIfiEEvT0_PKT_xxxiiiiiiiiiiPS4_Px
400,256,conv2,_Z23implicit_convolve_sgemmIffiLi128ELi5ELi5ELi3ELi3ELi3ELi1ELb0ELb0ELb1EEviiiPKT_iPT0_S2_18kernel_conv_paramsyT1_ffiPKS3_S8_bbii
400,256,relu2,_ZN2at6native29vectorized_elementwise_kernelILi4EZZZNS0_49_GLOBAL__N__a62a4dcd_16_TensorCompare_cu_71e06f4e19launch_clamp_scalarERNS_18TensorIteratorBaseEN3c106ScalarES6_NS0_6detail11ClampLimitsEENKUlvE_clEvENKUlvE5_clEvEUlfE_St5arrayIPcLy2EELb0EEEviT0_T1_
400,256,conv3,_Z23implicit_convolve_sgemmIffiLi512ELi6ELi8ELi3ELi3ELi5ELi1ELb0ELb0ELb1EEviiiPKT_iPT0_S2_18kernel_conv_paramsyT1_ffiPKS3_S8_bbii
400,256,relu3,_ZN2at6native29vectorized_elementwise_kernelILi4EZZZNS0_49_GLOBAL__N__a62a4dcd_16_TensorCompare_cu_71e06f4e19launch_clamp_scalarERNS_18TensorIteratorBaseEN3c106ScalarES6_NS0_6detail11ClampLimitsEENKUlvE_clEvENKUlvE5_clEvEUlfE_St5arrayIPcLy2EELb0EEEviT0_T1_
400,256,conv4,_ZN5cudnn3cnn23kern_precompute_indicesILb0EEEvPiiiiii
400,256,conv4,_Z26precomputed_convolve_sgemmIfiLi512ELi6ELi7ELi4ELi3ELi5ELi1ELb0EEviiiPKT_iPS0_S2_18kernel_conv_paramsyT0_ffibbS2_S2_Pi
400,256,relu4,_ZN2at6native29vectorized_elementwise_kernelILi4EZZZNS0_49_GLOBAL__N__a62a4dcd_16_TensorCompare_cu_71e06f4e19launch_clamp_scalarERNS_18TensorIteratorBaseEN3c106ScalarES6_NS0_6detail11ClampLimitsEENKUlvE_clEvENKUlvE5_clEvEUlfE_St5arrayIPcLy2EELb0EEEviT0_T1_
400,256,conv5,_Z23implicit_convolve_sgemmIffiLi512ELi6ELi8ELi3ELi3ELi5ELi1ELb0ELb0ELb1EEviiiPKT_iPT0_S2_18kernel_conv_paramsyT1_ffiPKS3_S8_bbii
400,256,relu5,_ZN2at6native29vectorized_elementwise_kernelILi4EZZZNS0_49_GLOBAL__N__a62a4dcd_16_TensorCompare_cu_71e06f4e19launch_clamp_scalarERNS_18TensorIteratorBaseEN3c106ScalarES6_NS0_6detail11ClampLimitsEENKUlvE_clEvENKUlvE5_clEvEUlfE_St5arrayIPcLy2EELb0EEEviT0_T1_
400,256,conv6,_ZN5cudnn3cnn23kern_precompute_indicesILb0EEEvPiiiiii
400,256,conv6,_Z26precomputed_convolve_sgemmIfiLi512ELi6ELi7ELi4ELi3ELi5ELi1ELb0EEviiiPKT_iPS0_S2_18kernel_conv_paramsyT0_ffibbS2_S2_Pi
400,256,relu6,_ZN2at6native29vectorized_elementwise_kernelILi4EZZZNS0_49_GLOBAL__N__a62a4dcd_16_TensorCompare_cu_71e06f4e19launch_clamp_scalarERNS_18TensorIteratorBaseEN3c106ScalarES6_NS0_6detail11ClampLimitsEENKUlvE_clEvENKUlvE5_clEvEUlfE_St5arrayIPcLy2EELb0EEEviT0_T1_
400,256,global_avg_pool,_ZN2at6native13reduce_kernelILi512ELi1ENS0_8ReduceOpIfNS0_7MeanOpsIffffEEjfLi4ELi4EEEEEvT1_
400,256,fc1,_ZN7cutlass7Kernel2I41cutlass_80_simt_sgemm_64x64_8x5_tn_align1EEvNT_6ParamsE
400,256,fc1,_ZN8cublasLt19splitKreduce_kernelILi32ELi16EiffffLb0EfffLb1ELb1ELb0ELb0EEEvNS_18cublasSplitKParamsIT4_EEPKT2_PKT8_PT7_PT3_PKS2_SF_PKT9_S6_PSG_PvxPS2_PiSL_SL_SF_SF_SF_SF_SF_
400,256,relu7,_ZN2at6native29vectorized_elementwise_kernelILi4EZZZNS0_49_GLOBAL__N__a62a4dcd_16_TensorCompare_cu_71e06f4e19launch_clamp_scalarERNS_18TensorIteratorBaseEN3c106ScalarES6_NS0_6detail11ClampLimitsEENKUlvE_clEvENKUlvE5_clEvEUlfE_St5arrayIPcLy2EELb0EEEviT0_T1_
400,256,fc2,_ZN7cutlass7Kernel2I41cutlass_80_simt_sgemm_64x64_8x5_tn_align1EEvNT_6ParamsE
400,256,fc2,_ZN8cublasLt19splitKreduce_kernelILi32ELi16EiffffLb0EfffLb1ELb1ELb0ELb0EEEvNS_18cublasSplitKParamsIT4_EEPKT2_PKT8_PT7_PT3_PKS2_SF_PKT9_S6_PSG_PvxPS2_PiSL_SL_SF_SF_SF_SF_SF_
512,1,conv1,_Z23implicit_convolve_sgemmIffiLi1024ELi5ELi5ELi3ELi3ELi3ELi1ELb0ELb0ELb1EEviiiPKT_iPT0_S2_18kernel_conv_paramsyT1_ffiPKS3_S8_bbii
512,1,relu1,_ZN2at6native29vectorized_elementwise_kernelILi4EZZZNS0_49_GLOBAL__N__a62a4dcd_16_TensorCompare_cu_71e06f4e19launch_clamp_scalarERNS_18TensorIteratorBaseEN3c106ScalarES6_NS0_6detail11ClampLimitsEENKUlvE_clEvENKUlvE5_clEvEUlfE_St5arrayIPcLy2EELb0EEEviT0_T1_
512,1,maxpool,_ZN2at6native52_GLOBAL__N__71d79c19_19_DilatedMaxPool2d_cu_9872839c21max_pool_forward_nchwIfiEEvT0_PKT_xxxiiiiiiiiiiPS4_Px
512,1,conv2,_Z23implicit_convolve_sgemmIffiLi128ELi5ELi5ELi3ELi3ELi3ELi1ELb0ELb0ELb1EEviiiPKT_iPT0_S2_18kernel_conv_paramsyT1_ffiPKS3_S8_bbii
512,1,relu2,_ZN2at6native29vectorized_elementwise_kernelILi4EZZZNS0_49_GLOBAL__N__a62a4dcd_16_TensorCompare_cu_71e06f4e19launch_clamp_scalarERNS_18TensorIteratorBaseEN3c106ScalarES6_NS0_6detail11ClampLimitsEENKUlvE_clEvENKUlvE5_clEvEUlfE_St5arrayIPcLy2EELb0EEEviT0_T1_
512,1,conv3,_Z23implicit_convolve_sgemmIffiLi1024ELi5ELi5ELi3ELi3ELi3ELi1ELb0ELb0ELb1EEviiiPKT_iPT0_S2_18kernel_conv_paramsyT1_ffiPKS3_S8_bbii
512,1,relu3,_ZN2at6native29vectorized_elementwise_kernelILi4EZZZNS0_49_GLOBAL__N__a62a4dcd_16_TensorCompare_cu_71e06f4e19launch_clamp_scalarERNS_18TensorIteratorBaseEN3c106ScalarES6_NS0_6detail11ClampLimitsEENKUlvE_clEvENKUlvE5_clEvEUlfE_St5arrayIPcLy2EELb0EEEviT0_T1_
512,1,conv4,_Z23implicit_convolve_sgemmIffiLi1024ELi5ELi5ELi3ELi3ELi3ELi1ELb0ELb0ELb1EEviiiPKT_iPT0_S2_18kernel_conv_paramsyT1_ffiPKS3_S8_bbii
512,1,relu4,_ZN2at6native29vectorized_elementwise_kernelILi4EZZZNS0_49_GLOBAL__N__a62a4dcd_16_TensorCompare_cu_71e06f4e19launch_clamp_scalarERNS_18TensorIteratorBaseEN3c106ScalarES6_NS0_6detail11ClampLimitsEENKUlvE_clEvENKUlvE5_clEvEUlfE_St5arrayIPcLy2EELb0EEEviT0_T1_
512,1,conv5,_Z23implicit_convolve_sgemmIffiLi1024ELi5ELi5ELi3ELi3ELi3ELi1ELb0ELb0ELb1EEviiiPKT_iPT0_S2_18kernel_conv_paramsyT1_ffiPKS3_S8_bbii
512,1,relu5,_ZN2at6native29vectorized_elementwise_kernelILi4EZZZNS0_49_GLOBAL__N__a62a4dcd_16_TensorCompare_cu_71e06f4e19launch_clamp_scalarERNS_18TensorIteratorBaseEN3c106ScalarES6_NS0_6detail11ClampLimitsEENKUlvE_clEvENKUlvE5_clEvEUlfE_St5arrayIPcLy2EELb0EEEviT0_T1_
512,1,conv6,_Z23implicit_convolve_sgemmIffiLi1024ELi5ELi5ELi3ELi3ELi3ELi1ELb0ELb0ELb1EEviiiPKT_iPT0_S2_18kernel_conv_paramsyT1_ffiPKS3_S8_bbii
512,1,relu6,_ZN2at6native29vectorized_elementwise_kernelILi4EZZZNS0_49_GLOBAL__N__a62a4dcd_16_TensorCompare_cu_71e06f4e19launch_clamp_scalarERNS_18TensorIteratorBaseEN3c106ScalarES6_NS0_6detail11ClampLimitsEENKUlvE_clEvENKUlvE5_clEvEUlfE_St5arrayIPcLy2EELb0EEEviT0_T1_
512,1,global_avg_pool,_ZN2at6native13reduce_kernelILi512ELi1ENS0_8ReduceOpIfNS0_7MeanOpsIffffEEjfLi4ELi4EEEEEvT1_
512,1,fc1,_ZN8internal5gemvx6kernelIiiffffLb0ELb1ELb1ELb0ELi7ELb0E18cublasGemvParamsExIi30cublasGemvTensorStridedBatchedIKfES5_S3_IfEfEEENSt9enable_ifIXntT5_EvE4typeET11_
512,1,relu7,_ZN2at6native29vectorized_elementwise_kernelILi4EZZZNS0_49_GLOBAL__N__a62a4dcd_16_TensorCompare_cu_71e06f4e19launch_clamp_scalarERNS_18TensorIteratorBaseEN3c106ScalarES6_NS0_6detail11ClampLimitsEENKUlvE_clEvENKUlvE5_clEvEUlfE_St5arrayIPcLy2EELb0EEEviT0_T1_
512,1,fc2,_ZN8internal5gemvx6kernelIiiffffLb0ELb1ELb1ELb0ELi7ELb0E18cublasGemvParamsExIi30cublasGemvTensorStridedBatchedIKfES5_S3_IfEfEEENSt9enable_ifIXntT5_EvE4typeET11_
512,2,conv1,_Z23implicit_convolve_sgemmIffiLi1024ELi5ELi5ELi3ELi3ELi3ELi1ELb0ELb0ELb1EEviiiPKT_iPT0_S2_18kernel_conv_paramsyT1_ffiPKS3_S8_bbii
512,2,relu1,_ZN2at6native29vectorized_elementwise_kernelILi4EZZZNS0_49_GLOBAL__N__a62a4dcd_16_TensorCompare_cu_71e06f4e19launch_clamp_scalarERNS_18TensorIteratorBaseEN3c106ScalarES6_NS0_6detail11ClampLimitsEENKUlvE_clEvENKUlvE5_clEvEUlfE_St5arrayIPcLy2EELb0EEEviT0_T1_
512,2,maxpool,_ZN2at6native52_GLOBAL__N__71d79c19_19_DilatedMaxPool2d_cu_9872839c21max_pool_forward_nchwIfiEEvT0_PKT_xxxiiiiiiiiiiPS4_Px
512,2,conv2,_ZN5cudnn17winograd_nonfused26winogradForwardData9x9_5x5IffEEvNS0_18WinogradDataParamsIT_T0_EE
512,2,conv2,_ZN5cudnn17winograd_nonfused28winogradForwardFilter9x9_5x5IffEEvNS0_20WinogradFilterParamsIT_T0_EE
512,2,conv2,_Z20magma_sgemmEx_kernelIfffLb0ELb0ELi6ELi3ELi5ELi3ELi3EEviii13BatchedTensoriS0_iS0_iS0_iiiPKT_S3_S1_S1_i18cublasLtEpilogue_tiPKvx
512,2,conv2,_ZN5cudnn17winograd_nonfused28winogradForwardOutput9x9_5x5IffEEvNS0_20WinogradOutputParamsIT_T0_EE
512,2,relu2,_ZN2at6native29vectorized_elementwise_kernelILi4EZZZNS0_49_GLOBAL__N__a62a4dcd_16_TensorCompare_cu_71e06f4e19launch_clamp_scalarERNS_18TensorIteratorBaseEN3c106ScalarES6_NS0_6detail11ClampLimitsEENKUlvE_clEvENKUlvE5_clEvEUlfE_St5arrayIPcLy2EELb0EEEviT0_T1_
512,2,conv3,_Z23implicit_convolve_sgemmIffiLi128ELi5ELi5ELi3ELi3ELi3ELi1ELb0ELb0ELb1EEviiiPKT_iPT0_S2_18kernel_conv_paramsyT1_ffiPKS3_S8_bbii
512,2,relu3,_ZN2at6native29vectorized_elementwise_kernelILi4EZZZNS0_49_GLOBAL__N__a62a4dcd_16_TensorCompare_cu_71e06f4e19launch_clamp_scalarERNS_18TensorIteratorBaseEN3c106ScalarES6_NS0_6detail11ClampLimitsEENKUlvE_clEvENKUlvE5_clEvEUlfE_St5arrayIPcLy2EELb0EEEviT0_T1_
512,2,conv4,_Z23implicit_convolve_sgemmIffiLi1024ELi5ELi5ELi3ELi3ELi3ELi1ELb0ELb0ELb1EEviiiPKT_iPT0_S2_18kernel_conv_paramsyT1_ffiPKS3_S8_bbii
512,2,relu4,_ZN2at6native29vectorized_elementwise_kernelILi4EZZZNS0_49_GLOBAL__N__a62a4dcd_16_TensorCompare_cu_71e06f4e19launch_clamp_scalarERNS_18TensorIteratorBaseEN3c106ScalarES6_NS0_6detail11ClampLimitsEENKUlvE_clEvENKUlvE5_clEvEUlfE_St5arrayIPcLy2EELb0EEEviT0_T1_
512,2,conv5,_Z23implicit_convolve_sgemmIffiLi1024ELi5ELi5ELi3ELi3ELi3ELi1ELb0ELb0ELb1EEviiiPKT_iPT0_S2_18kernel_conv_paramsyT1_ffiPKS3_S8_bbii
512,2,relu5,_ZN2at6native29vectorized_elementwise_kernelILi4EZZZNS0_49_GLOBAL__N__a62a4dcd_16_TensorCompare_cu_71e06f4e19launch_clamp_scalarERNS_18TensorIteratorBaseEN3c106ScalarES6_NS0_6detail11ClampLimitsEENKUlvE_clEvENKUlvE5_clEvEUlfE_St5arrayIPcLy2EELb0EEEviT0_T1_
512,2,conv6,_Z23implicit_convolve_sgemmIffiLi1024ELi5ELi5ELi3ELi3ELi3ELi1ELb0ELb0ELb1EEviiiPKT_iPT0_S2_18kernel_conv_paramsyT1_ffiPKS3_S8_bbii
512,2,relu6,_ZN2at6native29vectorized_elementwise_kernelILi4EZZZNS0_49_GLOBAL__N__a62a4dcd_16_TensorCompare_cu_71e06f4e19launch_clamp_scalarERNS_18TensorIteratorBaseEN3c106ScalarES6_NS0_6detail11ClampLimitsEENKUlvE_clEvENKUlvE5_clEvEUlfE_St5arrayIPcLy2EELb0EEEviT0_T1_
512,2,global_avg_pool,_ZN2at6native13reduce_kernelILi512ELi1ENS0_8ReduceOpIfNS0_7MeanOpsIffffEEjfLi4ELi4EEEEEvT1_
512,2,fc1,_Z16gemmSN_TN_kernelIfLi128ELi16ELi2ELi4ELi2ELi2ELb1E30cublasGemvTensorStridedBatchedIKfES2_S0_IfEEv22cublasGemmSmallNParamsIT7_T8_T9_T_E
512,2,relu7,_ZN2at6native29vectorized_elementwise_kernelILi4EZZZNS0_49_GLOBAL__N__a62a4dcd_16_TensorCompare_cu_71e06f4e19launch_clamp_scalarERNS_18TensorIteratorBaseEN3c106ScalarES6_NS0_6detail11ClampLimitsEENKUlvE_clEvENKUlvE5_clEvEUlfE_St5arrayIPcLy2EELb0EEEviT0_T1_
512,2,fc2,_Z16gemmSN_TN_kernelIfLi128ELi16ELi2ELi4ELi2ELi2ELb1E30cublasGemvTensorStridedBatchedIKfES2_S0_IfEEv22cublasGemmSmallNParamsIT7_T8_T9_T_E
512,4,conv1,_Z23implicit_convolve_sgemmIffiLi1024ELi5ELi5ELi3ELi3ELi3ELi1ELb0ELb0ELb1EEviiiPKT_iPT0_S2_18kernel_conv_paramsyT1_ffiPKS3_S8_bbii
512,4,relu1,_ZN2at6native29vectorized_elementwise_kernelILi4EZZZNS0_49_GLOBAL__N__a62a4dcd_16_TensorCompare_cu_71e06f4e19launch_clamp_scalarERNS_18TensorIteratorBaseEN3c106ScalarES6_NS0_6detail11ClampLimitsEENKUlvE_clEvENKUlvE5_clEvEUlfE_St5arrayIPcLy2EELb0EEEviT0_T1_
512,4,maxpool,_ZN2at6native52_GLOBAL__N__71d79c19_19_DilatedMaxPool2d_cu_9872839c21max_pool_forward_nchwIfiEEvT0_PKT_xxxiiiiiiiiiiPS4_Px
512,4,conv2,_ZN5cudnn17winograd_nonfused26winogradForwardData9x9_5x5IffEEvNS0_18WinogradDataParamsIT_T0_EE
512,4,conv2,_ZN5cudnn17winograd_nonfused28winogradForwardFilter9x9_5x5IffEEvNS0_20WinogradFilterParamsIT_T0_EE
512,4,conv2,_Z20magma_sgemmEx_kernelIfffLb0ELb0ELi6ELi3ELi5ELi3ELi3EEviii13BatchedTensoriS0_iS0_iS0_iiiPKT_S3_S1_S1_i18cublasLtEpilogue_tiPKvx
512,4,conv2,_ZN5cudnn17winograd_nonfused28winogradForwardOutput9x9_5x5IffEEvNS0_20WinogradOutputParamsIT_T0_EE
512,4,relu2,_ZN2at6native29vectorized_elementwise_kernelILi4EZZZNS0_49_GLOBAL__N__a62a4dcd_16_TensorCompare_cu_71e06f4e19launch_clamp_scalarERNS_18TensorIteratorBaseEN3c106ScalarES6_NS0_6detail11ClampLimitsEENKUlvE_clEvENKUlvE5_clEvEUlfE_St5arrayIPcLy2EELb0EEEviT0_T1_
512,4,conv3,_Z23implicit_convolve_sgemmIffiLi512ELi6ELi8ELi3ELi3ELi5ELi1ELb0ELb0ELb1EEviiiPKT_iPT0_S2_18kernel_conv_paramsyT1_ffiPKS3_S8_bbii
512,4,relu3,_ZN2at6native29vectorized_elementwise_kernelILi4EZZZNS0_49_GLOBAL__N__a62a4dcd_16_TensorCompare_cu_71e06f4e19launch_clamp_scalarERNS_18TensorIteratorBaseEN3c106ScalarES6_NS0_6detail11ClampLimitsEENKUlvE_clEvENKUlvE5_clEvEUlfE_St5arrayIPcLy2EELb0EEEviT0_T1_
512,4,conv4,_Z23implicit_convolve_sgemmIffiLi1024ELi5ELi5ELi3ELi3ELi3ELi1ELb0ELb0ELb1EEviiiPKT_iPT0_S2_18kernel_conv_paramsyT1_ffiPKS3_S8_bbii
512,4,relu4,_ZN2at6native29vectorized_elementwise_kernelILi4EZZZNS0_49_GLOBAL__N__a62a4dcd_16_TensorCompare_cu_71e06f4e19launch_clamp_scalarERNS_18TensorIteratorBaseEN3c106ScalarES6_NS0_6detail11ClampLimitsEENKUlvE_clEvENKUlvE5_clEvEUlfE_St5arrayIPcLy2EELb0EEEviT0_T1_
512,4,conv5,_ZN5cudnn3cnn23kern_precompute_indicesILb0EEEvPiiiiii
512,4,conv5,_Z26precomputed_convolve_sgemmIfiLi512ELi6ELi7ELi4ELi3ELi5ELi1ELb0EEviiiPKT_iPS0_S2_18kernel_conv_paramsyT0_ffibbS2_S2_Pi
512,4,conv5,_Z23implicit_convolve_sgemmIffiLi128ELi6ELi7ELi3ELi3ELi5ELi1ELb0ELb0ELb1EEviiiPKT_iPT0_S2_18kernel_conv_paramsyT1_ffiPKS3_S8_bbii
512,4,conv5,_Z23implicit_convolve_sgemmIffiLi128ELi6ELi7ELi3ELi3ELi5ELi1ELb0ELb0ELb1EEviiiPKT_iPT0_S2_18kernel_conv_paramsyT1_ffiPKS3_S8_bbii
512,4,relu5,_ZN2at6native29vectorized_elementwise_kernelILi4EZZZNS0_49_GLOBAL__N__a62a4dcd_16_TensorCompare_cu_71e06f4e19launch_clamp_scalarERNS_18TensorIteratorBaseEN3c106ScalarES6_NS0_6detail11ClampLimitsEENKUlvE_clEvENKUlvE5_clEvEUlfE_St5arrayIPcLy2EELb0EEEviT0_T1_
512,4,conv6,_ZN5cudnn3cnn23kern_precompute_indicesILb0EEEvPiiiiii
512,4,conv6,_Z26precomputed_convolve_sgemmIfiLi512ELi6ELi7ELi4ELi3ELi5ELi1ELb0EEviiiPKT_iPS0_S2_18kernel_conv_paramsyT0_ffibbS2_S2_Pi
512,4,relu6,_ZN2at6native29vectorized_elementwise_kernelILi4EZZZNS0_49_GLOBAL__N__a62a4dcd_16_TensorCompare_cu_71e06f4e19launch_clamp_scalarERNS_18TensorIteratorBaseEN3c106ScalarES6_NS0_6detail11ClampLimitsEENKUlvE_clEvENKUlvE5_clEvEUlfE_St5arrayIPcLy2EELb0EEEviT0_T1_
512,4,global_avg_pool,_ZN2at6native13reduce_kernelILi512ELi1ENS0_8ReduceOpIfNS0_7MeanOpsIffffEEjfLi4ELi4EEEEEvT1_
512,4,fc1,_Z16gemmSN_TN_kernelIfLi128ELi16ELi2ELi4ELi4ELi4ELb1E30cublasGemvTensorStridedBatchedIKfES2_S0_IfEEv22cublasGemmSmallNParamsIT7_T8_T9_T_E
512,4,relu7,_ZN2at6native29vectorized_elementwise_kernelILi4EZZZNS0_49_GLOBAL__N__a62a4dcd_16_TensorCompare_cu_71e06f4e19launch_clamp_scalarERNS_18TensorIteratorBaseEN3c106ScalarES6_NS0_6detail11ClampLimitsEENKUlvE_clEvENKUlvE5_clEvEUlfE_St5arrayIPcLy2EELb0EEEviT0_T1_
512,4,fc2,_Z16gemmSN_TN_kernelIfLi128ELi16ELi2ELi4ELi4ELi4ELb1E30cublasGemvTensorStridedBatchedIKfES2_S0_IfEEv22cublasGemmSmallNParamsIT7_T8_T9_T_E
512,8,conv1,_Z23implicit_convolve_sgemmIffiLi1024ELi5ELi5ELi3ELi3ELi3ELi1ELb0ELb0ELb1EEviiiPKT_iPT0_S2_18kernel_conv_paramsyT1_ffiPKS3_S8_bbii
512,8,relu1,_ZN2at6native29vectorized_elementwise_kernelILi4EZZZNS0_49_GLOBAL__N__a62a4dcd_16_TensorCompare_cu_71e06f4e19launch_clamp_scalarERNS_18TensorIteratorBaseEN3c106ScalarES6_NS0_6detail11ClampLimitsEENKUlvE_clEvENKUlvE5_clEvEUlfE_St5arrayIPcLy2EELb0EEEviT0_T1_
512,8,maxpool,_ZN2at6native52_GLOBAL__N__71d79c19_19_DilatedMaxPool2d_cu_9872839c21max_pool_forward_nchwIfiEEvT0_PKT_xxxiiiiiiiiiiPS4_Px
512,8,conv2,_ZN5cudnn17winograd_nonfused26winogradForwardData9x9_5x5IffEEvNS0_18WinogradDataParamsIT_T0_EE
512,8,conv2,_ZN5cudnn17winograd_nonfused28winogradForwardFilter9x9_5x5IffEEvNS0_20WinogradFilterParamsIT_T0_EE
512,8,conv2,_Z20magma_sgemmEx_kernelIfffLb0ELb0ELi6ELi3ELi5ELi3ELi3EEviii13BatchedTensoriS0_iS0_iS0_iiiPKT_S3_S1_S1_i18cublasLtEpilogue_tiPKvx
512,8,conv2,_ZN5cudnn17winograd_nonfused28winogradForwardOutput9x9_5x5IffEEvNS0_20WinogradOutputParamsIT_T0_EE
512,8,relu2,_ZN2at6native29vectorized_elementwise_kernelILi4EZZZNS0_49_GLOBAL__N__a62a4dcd_16_TensorCompare_cu_71e06f4e19launch_clamp_scalarERNS_18TensorIteratorBaseEN3c106ScalarES6_NS0_6detail11ClampLimitsEENKUlvE_clEvENKUlvE5_clEvEUlfE_St5arrayIPcLy2EELb0EEEviT0_T1_
512,8,conv3,_Z23implicit_convolve_sgemmIffiLi512ELi6ELi8ELi3ELi3ELi5ELi1ELb0ELb0ELb1EEviiiPKT_iPT0_S2_18kernel_conv_paramsyT1_ffiPKS3_S8_bbii
512,8,relu3,_ZN2at6native29vectorized_elementwise_kernelILi4EZZZNS0_49_GLOBAL__N__a62a4dcd_16_TensorCompare_cu_71e06f4e19launch_clamp_scalarERNS_18TensorIteratorBaseEN3c106ScalarES6_NS0_6detail11ClampLimitsEENKUlvE_clEvENKUlvE5_clEvEUlfE_St5arrayIPcLy2EELb0EEEviT0_T1_
512,8,conv4,_Z23implicit_convolve_sgemmIffiLi1024ELi5ELi5ELi3ELi3ELi3ELi1ELb0ELb0ELb1EEviiiPKT_iPT0_S2_18kernel_conv_paramsyT1_ffiPKS3_S8_bbii
512,8,relu4,_ZN2at6native29vectorized_elementwise_kernelILi4EZZZNS0_49_GLOBAL__N__a62a4dcd_16_TensorCompare_cu_71e06f4e19launch_clamp_scalarERNS_18TensorIteratorBaseEN3c106ScalarES6_NS0_6detail11ClampLimitsEENKUlvE_clEvENKUlvE5_clEvEUlfE_St5arrayIPcLy2EELb0EEEviT0_T1_
512,8,conv5,_ZN5cudnn3cnn23kern_precompute_indicesILb0EEEvPiiiiii
512,8,conv5,_Z26precomputed_convolve_sgemmIfiLi512ELi6ELi7ELi4ELi3ELi5ELi1ELb0EEviiiPKT_iPS0_S2_18kernel_conv_paramsyT0_ffibbS2_S2_Pi
512,8,conv5,_Z23implicit_convolve_sgemmIffiLi128ELi6ELi7ELi3ELi3ELi5ELi1ELb0ELb0ELb1EEviiiPKT_iPT0_S2_18kernel_conv_paramsyT1_ffiPKS3_S8_bbii
512,8,conv5,_Z23implicit_convolve_sgemmIffiLi128ELi6ELi7ELi3ELi3ELi5ELi1ELb0ELb0ELb1EEviiiPKT_iPT0_S2_18kernel_conv_paramsyT1_ffiPKS3_S8_bbii
512,8,relu5,_ZN2at6native29vectorized_elementwise_kernelILi4EZZZNS0_49_GLOBAL__N__a62a4dcd_16_TensorCompare_cu_71e06f4e19launch_clamp_scalarERNS_18TensorIteratorBaseEN3c106ScalarES6_NS0_6detail11ClampLimitsEENKUlvE_clEvENKUlvE5_clEvEUlfE_St5arrayIPcLy2EELb0EEEviT0_T1_
512,8,conv6,_ZN5cudnn3cnn23kern_precompute_indicesILb0EEEvPiiiiii
512,8,conv6,_Z26precomputed_convolve_sgemmIfiLi512ELi6ELi7ELi4ELi3ELi5ELi1ELb0EEviiiPKT_iPS0_S2_18kernel_conv_paramsyT0_ffibbS2_S2_Pi
512,8,relu6,_ZN2at6native29vectorized_elementwise_kernelILi4EZZZNS0_49_GLOBAL__N__a62a4dcd_16_TensorCompare_cu_71e06f4e19launch_clamp_scalarERNS_18TensorIteratorBaseEN3c106ScalarES6_NS0_6detail11ClampLimitsEENKUlvE_clEvENKUlvE5_clEvEUlfE_St5arrayIPcLy2EELb0EEEviT0_T1_
512,8,global_avg_pool,_ZN2at6native13reduce_kernelILi512ELi1ENS0_8ReduceOpIfNS0_7MeanOpsIffffEEjfLi4ELi4EEEEEvT1_
512,8,fc1,_Z16gemmSN_TN_kernelIfLi128ELi16ELi2ELi4ELi8ELi9ELb0E30cublasGemvTensorStridedBatchedIKfES2_S0_IfEEv22cublasGemmSmallNParamsIT7_T8_T9_T_E
512,8,relu7,_ZN2at6native29vectorized_elementwise_kernelILi4EZZZNS0_49_GLOBAL__N__a62a4dcd_16_TensorCompare_cu_71e06f4e19launch_clamp_scalarERNS_18TensorIteratorBaseEN3c106ScalarES6_NS0_6detail11ClampLimitsEENKUlvE_clEvENKUlvE5_clEvEUlfE_St5arrayIPcLy2EELb0EEEviT0_T1_
512,8,fc2,_Z16gemmSN_TN_kernelIfLi128ELi16ELi2ELi4ELi8ELi9ELb0E30cublasGemvTensorStridedBatchedIKfES2_S0_IfEEv22cublasGemmSmallNParamsIT7_T8_T9_T_E
512,16,conv1,_Z23implicit_convolve_sgemmIffiLi1024ELi5ELi5ELi3ELi3ELi3ELi1ELb0ELb0ELb1EEviiiPKT_iPT0_S2_18kernel_conv_paramsyT1_ffiPKS3_S8_bbii
512,16,relu1,_ZN2at6native29vectorized_elementwise_kernelILi4EZZZNS0_49_GLOBAL__N__a62a4dcd_16_TensorCompare_cu_71e06f4e19launch_clamp_scalarERNS_18TensorIteratorBaseEN3c106ScalarES6_NS0_6detail11ClampLimitsEENKUlvE_clEvENKUlvE5_clEvEUlfE_St5arrayIPcLy2EELb0EEEviT0_T1_
512,16,maxpool,_ZN2at6native52_GLOBAL__N__71d79c19_19_DilatedMaxPool2d_cu_9872839c21max_pool_forward_nchwIfiEEvT0_PKT_xxxiiiiiiiiiiPS4_Px
512,16,conv2,_ZN5cudnn17winograd_nonfused26winogradForwardData9x9_5x5IffEEvNS0_18WinogradDataParamsIT_T0_EE
512,16,conv2,_ZN5cudnn17winograd_nonfused28winogradForwardFilter9x9_5x5IffEEvNS0_20WinogradFilterParamsIT_T0_EE
512,16,conv2,_Z20magma_sgemmEx_kernelIfffLb0ELb0ELi6ELi3ELi5ELi3ELi3EEviii13BatchedTensoriS0_iS0_iS0_iiiPKT_S3_S1_S1_i18cublasLtEpilogue_tiPKvx
512,16,conv2,_ZN5cudnn17winograd_nonfused28winogradForwardOutput9x9_5x5IffEEvNS0_20WinogradOutputParamsIT_T0_EE
512,16,relu2,_ZN2at6native29vectorized_elementwise_kernelILi4EZZZNS0_49_GLOBAL__N__a62a4dcd_16_TensorCompare_cu_71e06f4e19launch_clamp_scalarERNS_18TensorIteratorBaseEN3c106ScalarES6_NS0_6detail11ClampLimitsEENKUlvE_clEvENKUlvE5_clEvEUlfE_St5arrayIPcLy2EELb0EEEviT0_T1_
512,16,conv3,_Z23implicit_convolve_sgemmIffiLi512ELi6ELi8ELi3ELi3ELi5ELi1ELb0ELb0ELb1EEviiiPKT_iPT0_S2_18kernel_conv_paramsyT1_ffiPKS3_S8_bbii
512,16,relu3,_ZN2at6native29vectorized_elementwise_kernelILi4EZZZNS0_49_GLOBAL__N__a62a4dcd_16_TensorCompare_cu_71e06f4e19launch_clamp_scalarERNS_18TensorIteratorBaseEN3c106ScalarES6_NS0_6detail11ClampLimitsEENKUlvE_clEvENKUlvE5_clEvEUlfE_St5arrayIPcLy2EELb0EEEviT0_T1_
512,16,conv4,_Z23implicit_convolve_sgemmIffiLi1024ELi5ELi5ELi3ELi3ELi3ELi1ELb0ELb0ELb1EEviiiPKT_iPT0_S2_18kernel_conv_paramsyT1_ffiPKS3_S8_bbii
512,16,relu4,_ZN2at6native29vectorized_elementwise_kernelILi4EZZZNS0_49_GLOBAL__N__a62a4dcd_16_TensorCompare_cu_71e06f4e19launch_clamp_scalarERNS_18TensorIteratorBaseEN3c106ScalarES6_NS0_6detail11ClampLimitsEENKUlvE_clEvENKUlvE5_clEvEUlfE_St5arrayIPcLy2EELb0EEEviT0_T1_
512,16,conv5,_Z23implicit_convolve_sgemmIffiLi512ELi6ELi8ELi3ELi3ELi5ELi1ELb0ELb0ELb1EEviiiPKT_iPT0_S2_18kernel_conv_paramsyT1_ffiPKS3_S8_bbii
512,16,relu5,_ZN2at6native29vectorized_elementwise_kernelILi4EZZZNS0_49_GLOBAL__N__a62a4dcd_16_TensorCompare_cu_71e06f4e19launch_clamp_scalarERNS_18TensorIteratorBaseEN3c106ScalarES6_NS0_6detail11ClampLimitsEENKUlvE_clEvENKUlvE5_clEvEUlfE_St5arrayIPcLy2EELb0EEEviT0_T1_
512,16,conv6,_ZN5cudnn3cnn23kern_precompute_indicesILb0EEEvPiiiiii
512,16,conv6,_Z26precomputed_convolve_sgemmIfiLi512ELi6ELi7ELi4ELi3ELi5ELi1ELb0EEviiiPKT_iPS0_S2_18kernel_conv_paramsyT0_ffibbS2_S2_Pi
512,16,relu6,_ZN2at6native29vectorized_elementwise_kernelILi4EZZZNS0_49_GLOBAL__N__a62a4dcd_16_TensorCompare_cu_71e06f4e19launch_clamp_scalarERNS_18TensorIteratorBaseEN3c106ScalarES6_NS0_6detail11ClampLimitsEENKUlvE_clEvENKUlvE5_clEvEUlfE_St5arrayIPcLy2EELb0EEEviT0_T1_
512,16,global_avg_pool,_ZN2at6native13reduce_kernelILi512ELi1ENS0_8ReduceOpIfNS0_7MeanOpsIffffEEjfLi4ELi4EEEEEvT1_
512,16,fc1,_Z16gemmSN_TN_kernelIfLi128ELi16ELi2ELi4ELi8ELi9ELb0E30cublasGemvTensorStridedBatchedIKfES2_S0_IfEEv22cublasGemmSmallNParamsIT7_T8_T9_T_E
512,16,relu7,_ZN2at6native29vectorized_elementwise_kernelILi4EZZZNS0_49_GLOBAL__N__a62a4dcd_16_TensorCompare_cu_71e06f4e19launch_clamp_scalarERNS_18TensorIteratorBaseEN3c106ScalarES6_NS0_6detail11ClampLimitsEENKUlvE_clEvENKUlvE5_clEvEUlfE_St5arrayIPcLy2EELb0EEEviT0_T1_
512,16,fc2,_Z16gemmSN_TN_kernelIfLi128ELi16ELi2ELi4ELi8ELi9ELb0E30cublasGemvTensorStridedBatchedIKfES2_S0_IfEEv22cublasGemmSmallNParamsIT7_T8_T9_T_E
512,32,conv1,_Z23implicit_convolve_sgemmIffiLi1024ELi5ELi5ELi3ELi3ELi3ELi1ELb0ELb0ELb1EEviiiPKT_iPT0_S2_18kernel_conv_paramsyT1_ffiPKS3_S8_bbii
512,32,relu1,_ZN2at6native29vectorized_elementwise_kernelILi4EZZZNS0_49_GLOBAL__N__a62a4dcd_16_TensorCompare_cu_71e06f4e19launch_clamp_scalarERNS_18TensorIteratorBaseEN3c106ScalarES6_NS0_6detail11ClampLimitsEENKUlvE_clEvENKUlvE5_clEvEUlfE_St5arrayIPcLy2EELb0EEEviT0_T1_
512,32,maxpool,_ZN2at6native52_GLOBAL__N__71d79c19_19_DilatedMaxPool2d_cu_9872839c21max_pool_forward_nchwIfiEEvT0_PKT_xxxiiiiiiiiiiPS4_Px
512,32,conv2,_Z23implicit_convolve_sgemmIffiLi1024ELi5ELi5ELi3ELi3ELi3ELi1ELb0ELb0ELb1EEviiiPKT_iPT0_S2_18kernel_conv_paramsyT1_ffiPKS3_S8_bbii
512,32,relu2,_ZN2at6native29vectorized_elementwise_kernelILi4EZZZNS0_49_GLOBAL__N__a62a4dcd_16_TensorCompare_cu_71e06f4e19launch_clamp_scalarERNS_18TensorIteratorBaseEN3c106ScalarES6_NS0_6detail11ClampLimitsEENKUlvE_clEvENKUlvE5_clEvEUlfE_St5arrayIPcLy2EELb0EEEviT0_T1_
512,32,conv3,_Z23implicit_convolve_sgemmIffiLi512ELi6ELi8ELi3ELi3ELi5ELi1ELb0ELb0ELb1EEviiiPKT_iPT0_S2_18kernel_conv_paramsyT1_ffiPKS3_S8_bbii
512,32,relu3,_ZN2at6native29vectorized_elementwise_kernelILi4EZZZNS0_49_GLOBAL__N__a62a4dcd_16_TensorCompare_cu_71e06f4e19launch_clamp_scalarERNS_18TensorIteratorBaseEN3c106ScalarES6_NS0_6detail11ClampLimitsEENKUlvE_clEvENKUlvE5_clEvEUlfE_St5arrayIPcLy2EELb0EEEviT0_T1_
512,32,conv4,_Z23implicit_convolve_sgemmIffiLi1024ELi5ELi5ELi3ELi3ELi3ELi1ELb0ELb0ELb1EEviiiPKT_iPT0_S2_18kernel_conv_paramsyT1_ffiPKS3_S8_bbii
512,32,relu4,_ZN2at6native29vectorized_elementwise_kernelILi4EZZZNS0_49_GLOBAL__N__a62a4dcd_16_TensorCompare_cu_71e06f4e19launch_clamp_scalarERNS_18TensorIteratorBaseEN3c106ScalarES6_NS0_6detail11ClampLimitsEENKUlvE_clEvENKUlvE5_clEvEUlfE_St5arrayIPcLy2EELb0EEEviT0_T1_
512,32,conv5,_Z23implicit_convolve_sgemmIffiLi512ELi6ELi8ELi3ELi3ELi5ELi1ELb0ELb0ELb1EEviiiPKT_iPT0_S2_18kernel_conv_paramsyT1_ffiPKS3_S8_bbii
512,32,relu5,_ZN2at6native29vectorized_elementwise_kernelILi4EZZZNS0_49_GLOBAL__N__a62a4dcd_16_TensorCompare_cu_71e06f4e19launch_clamp_scalarERNS_18TensorIteratorBaseEN3c106ScalarES6_NS0_6detail11ClampLimitsEENKUlvE_clEvENKUlvE5_clEvEUlfE_St5arrayIPcLy2EELb0EEEviT0_T1_
512,32,conv6,_ZN5cudnn3cnn23kern_precompute_indicesILb0EEEvPiiiiii
512,32,conv6,_Z26precomputed_convolve_sgemmIfiLi512ELi6ELi7ELi4ELi3ELi5ELi1ELb0EEviiiPKT_iPS0_S2_18kernel_conv_paramsyT0_ffibbS2_S2_Pi
512,32,relu6,_ZN2at6native29vectorized_elementwise_kernelILi4EZZZNS0_49_GLOBAL__N__a62a4dcd_16_TensorCompare_cu_71e06f4e19launch_clamp_scalarERNS_18TensorIteratorBaseEN3c106ScalarES6_NS0_6detail11ClampLimitsEENKUlvE_clEvENKUlvE5_clEvEUlfE_St5arrayIPcLy2EELb0EEEviT0_T1_
512,32,global_avg_pool,_ZN2at6native13reduce_kernelILi512ELi1ENS0_8ReduceOpIfNS0_7MeanOpsIffffEEjfLi4ELi4EEEEEvT1_
512,32,fc1,_ZN7cutlass7Kernel2I41cutlass_80_simt_sgemm_64x64_8x5_tn_align1EEvNT_6ParamsE
512,32,fc1,_ZN8cublasLt19splitKreduce_kernelILi32ELi16EiffffLb0EfffLb1ELb1ELb0ELb0EEEvNS_18cublasSplitKParamsIT4_EEPKT2_PKT8_PT7_PT3_PKS2_SF_PKT9_S6_PSG_PvxPS2_PiSL_SL_SF_SF_SF_SF_SF_
512,32,relu7,_ZN2at6native29vectorized_elementwise_kernelILi4EZZZNS0_49_GLOBAL__N__a62a4dcd_16_TensorCompare_cu_71e06f4e19launch_clamp_scalarERNS_18TensorIteratorBaseEN3c106ScalarES6_NS0_6detail11ClampLimitsEENKUlvE_clEvENKUlvE5_clEvEUlfE_St5arrayIPcLy2EELb0EEEviT0_T1_
512,32,fc2,_ZN7cutlass7Kernel2I41cutlass_80_simt_sgemm_64x64_8x5_tn_align1EEvNT_6ParamsE
512,32,fc2,_ZN8cublasLt19splitKreduce_kernelILi32ELi16EiffffLb0EfffLb1ELb1ELb0ELb0EEEvNS_18cublasSplitKParamsIT4_EEPKT2_PKT8_PT7_PT3_PKS2_SF_PKT9_S6_PSG_PvxPS2_PiSL_SL_SF_SF_SF_SF_SF_
512,64,conv1,_Z23implicit_convolve_sgemmIffiLi1024ELi5ELi5ELi3ELi3ELi3ELi1ELb0ELb0ELb1EEviiiPKT_iPT0_S2_18kernel_conv_paramsyT1_ffiPKS3_S8_bbii
512,64,relu1,_ZN2at6native29vectorized_elementwise_kernelILi4EZZZNS0_49_GLOBAL__N__a62a4dcd_16_TensorCompare_cu_71e06f4e19launch_clamp_scalarERNS_18TensorIteratorBaseEN3c106ScalarES6_NS0_6detail11ClampLimitsEENKUlvE_clEvENKUlvE5_clEvEUlfE_St5arrayIPcLy2EELb0EEEviT0_T1_
512,64,maxpool,_ZN2at6native52_GLOBAL__N__71d79c19_19_DilatedMaxPool2d_cu_9872839c21max_pool_forward_nchwIfiEEvT0_PKT_xxxiiiiiiiiiiPS4_Px
512,64,conv2,_Z23implicit_convolve_sgemmIffiLi1024ELi5ELi5ELi3ELi3ELi3ELi1ELb0ELb0ELb1EEviiiPKT_iPT0_S2_18kernel_conv_paramsyT1_ffiPKS3_S8_bbii
512,64,relu2,_ZN2at6native29vectorized_elementwise_kernelILi4EZZZNS0_49_GLOBAL__N__a62a4dcd_16_TensorCompare_cu_71e06f4e19launch_clamp_scalarERNS_18TensorIteratorBaseEN3c106ScalarES6_NS0_6detail11ClampLimitsEENKUlvE_clEvENKUlvE5_clEvEUlfE_St5arrayIPcLy2EELb0EEEviT0_T1_
512,64,conv3,_Z23implicit_convolve_sgemmIffiLi512ELi6ELi8ELi3ELi3ELi5ELi1ELb0ELb0ELb1EEviiiPKT_iPT0_S2_18kernel_conv_paramsyT1_ffiPKS3_S8_bbii
512,64,relu3,_ZN2at6native29vectorized_elementwise_kernelILi4EZZZNS0_49_GLOBAL__N__a62a4dcd_16_TensorCompare_cu_71e06f4e19launch_clamp_scalarERNS_18TensorIteratorBaseEN3c106ScalarES6_NS0_6detail11ClampLimitsEENKUlvE_clEvENKUlvE5_clEvEUlfE_St5arrayIPcLy2EELb0EEEviT0_T1_
512,64,conv4,_Z23implicit_convolve_sgemmIffiLi1024ELi5ELi5ELi3ELi3ELi3ELi1ELb0ELb0ELb1EEviiiPKT_iPT0_S2_18kernel_conv_paramsyT1_ffiPKS3_S8_bbii
512,64,relu4,_ZN2at6native29vectorized_elementwise_kernelILi4EZZZNS0_49_GLOBAL__N__a62a4dcd_16_TensorCompare_cu_71e06f4e19launch_clamp_scalarERNS_18TensorIteratorBaseEN3c106ScalarES6_NS0_6detail11ClampLimitsEENKUlvE_clEvENKUlvE5_clEvEUlfE_St5arrayIPcLy2EELb0EEEviT0_T1_
512,64,conv5,_Z23implicit_convolve_sgemmIffiLi512ELi6ELi8ELi3ELi3ELi5ELi1ELb0ELb0ELb1EEviiiPKT_iPT0_S2_18kernel_conv_paramsyT1_ffiPKS3_S8_bbii
512,64,relu5,_ZN2at6native29vectorized_elementwise_kernelILi4EZZZNS0_49_GLOBAL__N__a62a4dcd_16_TensorCompare_cu_71e06f4e19launch_clamp_scalarERNS_18TensorIteratorBaseEN3c106ScalarES6_NS0_6detail11ClampLimitsEENKUlvE_clEvENKUlvE5_clEvEUlfE_St5arrayIPcLy2EELb0EEEviT0_T1_
512,64,conv6,_ZN5cudnn3cnn23kern_precompute_indicesILb0EEEvPiiiiii
512,64,conv6,_Z26precomputed_convolve_sgemmIfiLi512ELi6ELi7ELi4ELi3ELi5ELi1ELb0EEviiiPKT_iPS0_S2_18kernel_conv_paramsyT0_ffibbS2_S2_Pi
512,64,relu6,_ZN2at6native29vectorized_elementwise_kernelILi4EZZZNS0_49_GLOBAL__N__a62a4dcd_16_TensorCompare_cu_71e06f4e19launch_clamp_scalarERNS_18TensorIteratorBaseEN3c106ScalarES6_NS0_6detail11ClampLimitsEENKUlvE_clEvENKUlvE5_clEvEUlfE_St5arrayIPcLy2EELb0EEEviT0_T1_
512,64,global_avg_pool,_ZN2at6native13reduce_kernelILi512ELi1ENS0_8ReduceOpIfNS0_7MeanOpsIffffEEjfLi4ELi4EEEEEvT1_
512,64,fc1,_ZN7cutlass7Kernel2I41cutlass_80_simt_sgemm_64x64_8x5_tn_align1EEvNT_6ParamsE
512,64,fc1,_ZN8cublasLt19splitKreduce_kernelILi32ELi16EiffffLb0EfffLb1ELb1ELb0ELb0EEEvNS_18cublasSplitKParamsIT4_EEPKT2_PKT8_PT7_PT3_PKS2_SF_PKT9_S6_PSG_PvxPS2_PiSL_SL_SF_SF_SF_SF_SF_
512,64,relu7,_ZN2at6native29vectorized_elementwise_kernelILi4EZZZNS0_49_GLOBAL__N__a62a4dcd_16_TensorCompare_cu_71e06f4e19launch_clamp_scalarERNS_18TensorIteratorBaseEN3c106ScalarES6_NS0_6detail11ClampLimitsEENKUlvE_clEvENKUlvE5_clEvEUlfE_St5arrayIPcLy2EELb0EEEviT0_T1_
512,64,fc2,_ZN7cutlass7Kernel2I41cutlass_80_simt_sgemm_64x64_8x5_tn_align1EEvNT_6ParamsE
512,64,fc2,_ZN8cublasLt19splitKreduce_kernelILi32ELi16EiffffLb0EfffLb1ELb1ELb0ELb0EEEvNS_18cublasSplitKParamsIT4_EEPKT2_PKT8_PT7_PT3_PKS2_SF_PKT9_S6_PSG_PvxPS2_PiSL_SL_SF_SF_SF_SF_SF_
512,95,conv1,_Z23implicit_convolve_sgemmIffiLi1024ELi5ELi5ELi3ELi3ELi3ELi1ELb0ELb0ELb1EEviiiPKT_iPT0_S2_18kernel_conv_paramsyT1_ffiPKS3_S8_bbii
512,95,relu1,_ZN2at6native29vectorized_elementwise_kernelILi4EZZZNS0_49_GLOBAL__N__a62a4dcd_16_TensorCompare_cu_71e06f4e19launch_clamp_scalarERNS_18TensorIteratorBaseEN3c106ScalarES6_NS0_6detail11ClampLimitsEENKUlvE_clEvENKUlvE5_clEvEUlfE_St5arrayIPcLy2EELb0EEEviT0_T1_
512,95,maxpool,_ZN2at6native52_GLOBAL__N__71d79c19_19_DilatedMaxPool2d_cu_9872839c21max_pool_forward_nchwIfiEEvT0_PKT_xxxiiiiiiiiiiPS4_Px
512,95,conv2,_Z23implicit_convolve_sgemmIffiLi128ELi5ELi5ELi3ELi3ELi3ELi1ELb0ELb0ELb1EEviiiPKT_iPT0_S2_18kernel_conv_paramsyT1_ffiPKS3_S8_bbii
512,95,relu2,_ZN2at6native29vectorized_elementwise_kernelILi4EZZZNS0_49_GLOBAL__N__a62a4dcd_16_TensorCompare_cu_71e06f4e19launch_clamp_scalarERNS_18TensorIteratorBaseEN3c106ScalarES6_NS0_6detail11ClampLimitsEENKUlvE_clEvENKUlvE5_clEvEUlfE_St5arrayIPcLy2EELb0EEEviT0_T1_
512,95,conv3,_Z23implicit_convolve_sgemmIffiLi512ELi6ELi8ELi3ELi3ELi5ELi1ELb0ELb0ELb1EEviiiPKT_iPT0_S2_18kernel_conv_paramsyT1_ffiPKS3_S8_bbii
512,95,relu3,_ZN2at6native29vectorized_elementwise_kernelILi4EZZZNS0_49_GLOBAL__N__a62a4dcd_16_TensorCompare_cu_71e06f4e19launch_clamp_scalarERNS_18TensorIteratorBaseEN3c106ScalarES6_NS0_6detail11ClampLimitsEENKUlvE_clEvENKUlvE5_clEvEUlfE_St5arrayIPcLy2EELb0EEEviT0_T1_
512,95,conv4,_ZN5cudnn3cnn23kern_precompute_indicesILb0EEEvPiiiiii
512,95,conv4,_Z26precomputed_convolve_sgemmIfiLi512ELi6ELi7ELi4ELi3ELi5ELi1ELb0EEviiiPKT_iPS0_S2_18kernel_conv_paramsyT0_ffibbS2_S2_Pi
512,95,relu4,_ZN2at6native29vectorized_elementwise_kernelILi4EZZZNS0_49_GLOBAL__N__a62a4dcd_16_TensorCompare_cu_71e06f4e19launch_clamp_scalarERNS_18TensorIteratorBaseEN3c106ScalarES6_NS0_6detail11ClampLimitsEENKUlvE_clEvENKUlvE5_clEvEUlfE_St5arrayIPcLy2EELb0EEEviT0_T1_
512,95,conv5,_Z23implicit_convolve_sgemmIffiLi512ELi6ELi8ELi3ELi3ELi5ELi1ELb0ELb0ELb1EEviiiPKT_iPT0_S2_18kernel_conv_paramsyT1_ffiPKS3_S8_bbii
512,95,relu5,_ZN2at6native29vectorized_elementwise_kernelILi4EZZZNS0_49_GLOBAL__N__a62a4dcd_16_TensorCompare_cu_71e06f4e19launch_clamp_scalarERNS_18TensorIteratorBaseEN3c106ScalarES6_NS0_6detail11ClampLimitsEENKUlvE_clEvENKUlvE5_clEvEUlfE_St5arrayIPcLy2EELb0EEEviT0_T1_
512,95,conv6,_ZN5cudnn3cnn23kern_precompute_indicesILb0EEEvPiiiiii
512,95,conv6,_Z26precomputed_convolve_sgemmIfiLi512ELi6ELi7ELi4ELi3ELi5ELi1ELb0EEviiiPKT_iPS0_S2_18kernel_conv_paramsyT0_ffibbS2_S2_Pi
512,95,relu6,_ZN2at6native29vectorized_elementwise_kernelILi4EZZZNS0_49_GLOBAL__N__a62a4dcd_16_TensorCompare_cu_71e06f4e19launch_clamp_scalarERNS_18TensorIteratorBaseEN3c106ScalarES6_NS0_6detail11ClampLimitsEENKUlvE_clEvENKUlvE5_clEvEUlfE_St5arrayIPcLy2EELb0EEEviT0_T1_
512,95,global_avg_pool,_ZN2at6native13reduce_kernelILi512ELi1ENS0_8ReduceOpIfNS0_7MeanOpsIffffEEjfLi4ELi4EEEEEvT1_
512,95,fc1,_ZN7cutlass7Kernel2I41cutlass_80_simt_sgemm_64x64_8x5_tn_align1EEvNT_6ParamsE
512,95,fc1,_ZN8cublasLt19splitKreduce_kernelILi32ELi16EiffffLb0EfffLb1ELb1ELb0ELb0EEEvNS_18cublasSplitKParamsIT4_EEPKT2_PKT8_PT7_PT3_PKS2_SF_PKT9_S6_PSG_PvxPS2_PiSL_SL_SF_SF_SF_SF_SF_
512,95,relu7,_ZN2at6native29vectorized_elementwise_kernelILi4EZZZNS0_49_GLOBAL__N__a62a4dcd_16_TensorCompare_cu_71e06f4e19launch_clamp_scalarERNS_18TensorIteratorBaseEN3c106ScalarES6_NS0_6detail11ClampLimitsEENKUlvE_clEvENKUlvE5_clEvEUlfE_St5arrayIPcLy2EELb0EEEviT0_T1_
512,95,fc2,_ZN7cutlass7Kernel2I41cutlass_80_simt_sgemm_64x64_8x5_tn_align1EEvNT_6ParamsE
512,95,fc2,_ZN8cublasLt19splitKreduce_kernelILi32ELi16EiffffLb0EfffLb1ELb1ELb0ELb0EEEvNS_18cublasSplitKParamsIT4_EEPKT2_PKT8_PT7_PT3_PKS2_SF_PKT9_S6_PSG_PvxPS2_PiSL_SL_SF_SF_SF_SF_SF_
512,98,conv1,_Z23implicit_convolve_sgemmIffiLi1024ELi5ELi5ELi3ELi3ELi3ELi1ELb0ELb0ELb1EEviiiPKT_iPT0_S2_18kernel_conv_paramsyT1_ffiPKS3_S8_bbii
512,98,relu1,_ZN2at6native29vectorized_elementwise_kernelILi4EZZZNS0_49_GLOBAL__N__a62a4dcd_16_TensorCompare_cu_71e06f4e19launch_clamp_scalarERNS_18TensorIteratorBaseEN3c106ScalarES6_NS0_6detail11ClampLimitsEENKUlvE_clEvENKUlvE5_clEvEUlfE_St5arrayIPcLy2EELb0EEEviT0_T1_
512,98,maxpool,_ZN2at6native52_GLOBAL__N__71d79c19_19_DilatedMaxPool2d_cu_9872839c21max_pool_forward_nchwIfiEEvT0_PKT_xxxiiiiiiiiiiPS4_Px
512,98,conv2,_Z23implicit_convolve_sgemmIffiLi128ELi5ELi5ELi3ELi3ELi3ELi1ELb0ELb0ELb1EEviiiPKT_iPT0_S2_18kernel_conv_paramsyT1_ffiPKS3_S8_bbii
512,98,relu2,_ZN2at6native29vectorized_elementwise_kernelILi4EZZZNS0_49_GLOBAL__N__a62a4dcd_16_TensorCompare_cu_71e06f4e19launch_clamp_scalarERNS_18TensorIteratorBaseEN3c106ScalarES6_NS0_6detail11ClampLimitsEENKUlvE_clEvENKUlvE5_clEvEUlfE_St5arrayIPcLy2EELb0EEEviT0_T1_
512,98,conv3,_Z23implicit_convolve_sgemmIffiLi512ELi6ELi8ELi3ELi3ELi5ELi1ELb0ELb0ELb1EEviiiPKT_iPT0_S2_18kernel_conv_paramsyT1_ffiPKS3_S8_bbii
512,98,relu3,_ZN2at6native29vectorized_elementwise_kernelILi4EZZZNS0_49_GLOBAL__N__a62a4dcd_16_TensorCompare_cu_71e06f4e19launch_clamp_scalarERNS_18TensorIteratorBaseEN3c106ScalarES6_NS0_6detail11ClampLimitsEENKUlvE_clEvENKUlvE5_clEvEUlfE_St5arrayIPcLy2EELb0EEEviT0_T1_
512,98,conv4,_ZN5cudnn3cnn23kern_precompute_indicesILb0EEEvPiiiiii
512,98,conv4,_Z26precomputed_convolve_sgemmIfiLi512ELi6ELi7ELi4ELi3ELi5ELi1ELb0EEviiiPKT_iPS0_S2_18kernel_conv_paramsyT0_ffibbS2_S2_Pi
512,98,relu4,_ZN2at6native29vectorized_elementwise_kernelILi4EZZZNS0_49_GLOBAL__N__a62a4dcd_16_TensorCompare_cu_71e06f4e19launch_clamp_scalarERNS_18TensorIteratorBaseEN3c106ScalarES6_NS0_6detail11ClampLimitsEENKUlvE_clEvENKUlvE5_clEvEUlfE_St5arrayIPcLy2EELb0EEEviT0_T1_
512,98,conv5,_Z23implicit_convolve_sgemmIffiLi512ELi6ELi8ELi3ELi3ELi5ELi1ELb0ELb0ELb1EEviiiPKT_iPT0_S2_18kernel_conv_paramsyT1_ffiPKS3_S8_bbii
512,98,relu5,_ZN2at6native29vectorized_elementwise_kernelILi4EZZZNS0_49_GLOBAL__N__a62a4dcd_16_TensorCompare_cu_71e06f4e19launch_clamp_scalarERNS_18TensorIteratorBaseEN3c106ScalarES6_NS0_6detail11ClampLimitsEENKUlvE_clEvENKUlvE5_clEvEUlfE_St5arrayIPcLy2EELb0EEEviT0_T1_
512,98,conv6,_ZN5cudnn3cnn23kern_precompute_indicesILb0EEEvPiiiiii
512,98,conv6,_Z26precomputed_convolve_sgemmIfiLi512ELi6ELi7ELi4ELi3ELi5ELi1ELb0EEviiiPKT_iPS0_S2_18kernel_conv_paramsyT0_ffibbS2_S2_Pi
512,98,relu6,_ZN2at6native29vectorized_elementwise_kernelILi4EZZZNS0_49_GLOBAL__N__a62a4dcd_16_TensorCompare_cu_71e06f4e19launch_clamp_scalarERNS_18TensorIteratorBaseEN3c106ScalarES6_NS0_6detail11ClampLimitsEENKUlvE_clEvENKUlvE5_clEvEUlfE_St5arrayIPcLy2EELb0EEEviT0_T1_
512,98,global_avg_pool,_ZN2at6native13reduce_kernelILi512ELi1ENS0_8ReduceOpIfNS0_7MeanOpsIffffEEjfLi4ELi4EEEEEvT1_
512,98,fc1,_ZN7cutlass7Kernel2I41cutlass_80_simt_sgemm_64x64_8x5_tn_align1EEvNT_6ParamsE
512,98,fc1,_ZN8cublasLt19splitKreduce_kernelILi32ELi16EiffffLb0EfffLb1ELb1ELb0ELb0EEEvNS_18cublasSplitKParamsIT4_EEPKT2_PKT8_PT7_PT3_PKS2_SF_PKT9_S6_PSG_PvxPS2_PiSL_SL_SF_SF_SF_SF_SF_
512,98,relu7,_ZN2at6native29vectorized_elementwise_kernelILi4EZZZNS0_49_GLOBAL__N__a62a4dcd_16_TensorCompare_cu_71e06f4e19launch_clamp_scalarERNS_18TensorIteratorBaseEN3c106ScalarES6_NS0_6detail11ClampLimitsEENKUlvE_clEvENKUlvE5_clEvEUlfE_St5arrayIPcLy2EELb0EEEviT0_T1_
512,98,fc2,_ZN7cutlass7Kernel2I41cutlass_80_simt_sgemm_64x64_8x5_tn_align1EEvNT_6ParamsE
512,98,fc2,_ZN8cublasLt19splitKreduce_kernelILi32ELi16EiffffLb0EfffLb1ELb1ELb0ELb0EEEvNS_18cublasSplitKParamsIT4_EEPKT2_PKT8_PT7_PT3_PKS2_SF_PKT9_S6_PSG_PvxPS2_PiSL_SL_SF_SF_SF_SF_SF_
512,128,conv1,_Z23implicit_convolve_sgemmIffiLi1024ELi5ELi5ELi3ELi3ELi3ELi1ELb0ELb0ELb1EEviiiPKT_iPT0_S2_18kernel_conv_paramsyT1_ffiPKS3_S8_bbii
512,128,relu1,_ZN2at6native29vectorized_elementwise_kernelILi4EZZZNS0_49_GLOBAL__N__a62a4dcd_16_TensorCompare_cu_71e06f4e19launch_clamp_scalarERNS_18TensorIteratorBaseEN3c106ScalarES6_NS0_6detail11ClampLimitsEENKUlvE_clEvENKUlvE5_clEvEUlfE_St5arrayIPcLy2EELb0EEEviT0_T1_
512,128,maxpool,_ZN2at6native52_GLOBAL__N__71d79c19_19_DilatedMaxPool2d_cu_9872839c21max_pool_forward_nchwIfiEEvT0_PKT_xxxiiiiiiiiiiPS4_Px
512,128,conv2,_Z23implicit_convolve_sgemmIffiLi128ELi5ELi5ELi3ELi3ELi3ELi1ELb0ELb0ELb1EEviiiPKT_iPT0_S2_18kernel_conv_paramsyT1_ffiPKS3_S8_bbii
512,128,relu2,_ZN2at6native29vectorized_elementwise_kernelILi4EZZZNS0_49_GLOBAL__N__a62a4dcd_16_TensorCompare_cu_71e06f4e19launch_clamp_scalarERNS_18TensorIteratorBaseEN3c106ScalarES6_NS0_6detail11ClampLimitsEENKUlvE_clEvENKUlvE5_clEvEUlfE_St5arrayIPcLy2EELb0EEEviT0_T1_
512,128,conv3,_Z23implicit_convolve_sgemmIffiLi512ELi6ELi8ELi3ELi3ELi5ELi1ELb0ELb0ELb1EEviiiPKT_iPT0_S2_18kernel_conv_paramsyT1_ffiPKS3_S8_bbii
512,128,relu3,_ZN2at6native29vectorized_elementwise_kernelILi4EZZZNS0_49_GLOBAL__N__a62a4dcd_16_TensorCompare_cu_71e06f4e19launch_clamp_scalarERNS_18TensorIteratorBaseEN3c106ScalarES6_NS0_6detail11ClampLimitsEENKUlvE_clEvENKUlvE5_clEvEUlfE_St5arrayIPcLy2EELb0EEEviT0_T1_
512,128,conv4,_ZN5cudnn3cnn23kern_precompute_indicesILb0EEEvPiiiiii
512,128,conv4,_Z26precomputed_convolve_sgemmIfiLi512ELi6ELi7ELi4ELi3ELi5ELi1ELb0EEviiiPKT_iPS0_S2_18kernel_conv_paramsyT0_ffibbS2_S2_Pi
512,128,relu4,_ZN2at6native29vectorized_elementwise_kernelILi4EZZZNS0_49_GLOBAL__N__a62a4dcd_16_TensorCompare_cu_71e06f4e19launch_clamp_scalarERNS_18TensorIteratorBaseEN3c106ScalarES6_NS0_6detail11ClampLimitsEENKUlvE_clEvENKUlvE5_clEvEUlfE_St5arrayIPcLy2EELb0EEEviT0_T1_
512,128,conv5,_Z23implicit_convolve_sgemmIffiLi512ELi6ELi8ELi3ELi3ELi5ELi1ELb0ELb0ELb1EEviiiPKT_iPT0_S2_18kernel_conv_paramsyT1_ffiPKS3_S8_bbii
512,128,relu5,_ZN2at6native29vectorized_elementwise_kernelILi4EZZZNS0_49_GLOBAL__N__a62a4dcd_16_TensorCompare_cu_71e06f4e19launch_clamp_scalarERNS_18TensorIteratorBaseEN3c106ScalarES6_NS0_6detail11ClampLimitsEENKUlvE_clEvENKUlvE5_clEvEUlfE_St5arrayIPcLy2EELb0EEEviT0_T1_
512,128,conv6,_ZN5cudnn3cnn23kern_precompute_indicesILb0EEEvPiiiiii
512,128,conv6,_Z26precomputed_convolve_sgemmIfiLi512ELi6ELi7ELi4ELi3ELi5ELi1ELb0EEviiiPKT_iPS0_S2_18kernel_conv_paramsyT0_ffibbS2_S2_Pi
512,128,relu6,_ZN2at6native29vectorized_elementwise_kernelILi4EZZZNS0_49_GLOBAL__N__a62a4dcd_16_TensorCompare_cu_71e06f4e19launch_clamp_scalarERNS_18TensorIteratorBaseEN3c106ScalarES6_NS0_6detail11ClampLimitsEENKUlvE_clEvENKUlvE5_clEvEUlfE_St5arrayIPcLy2EELb0EEEviT0_T1_
512,128,global_avg_pool,_ZN2at6native13reduce_kernelILi512ELi1ENS0_8ReduceOpIfNS0_7MeanOpsIffffEEjfLi4ELi4EEEEEvT1_
512,128,fc1,_ZN7cutlass7Kernel2I41cutlass_80_simt_sgemm_64x64_8x5_tn_align1EEvNT_6ParamsE
512,128,fc1,_ZN8cublasLt19splitKreduce_kernelILi32ELi16EiffffLb0EfffLb1ELb1ELb0ELb0EEEvNS_18cublasSplitKParamsIT4_EEPKT2_PKT8_PT7_PT3_PKS2_SF_PKT9_S6_PSG_PvxPS2_PiSL_SL_SF_SF_SF_SF_SF_
512,128,relu7,_ZN2at6native29vectorized_elementwise_kernelILi4EZZZNS0_49_GLOBAL__N__a62a4dcd_16_TensorCompare_cu_71e06f4e19launch_clamp_scalarERNS_18TensorIteratorBaseEN3c106ScalarES6_NS0_6detail11ClampLimitsEENKUlvE_clEvENKUlvE5_clEvEUlfE_St5arrayIPcLy2EELb0EEEviT0_T1_
512,128,fc2,_ZN7cutlass7Kernel2I41cutlass_80_simt_sgemm_64x64_8x5_tn_align1EEvNT_6ParamsE
512,128,fc2,_ZN8cublasLt19splitKreduce_kernelILi32ELi16EiffffLb0EfffLb1ELb1ELb0ELb0EEEvNS_18cublasSplitKParamsIT4_EEPKT2_PKT8_PT7_PT3_PKS2_SF_PKT9_S6_PSG_PvxPS2_PiSL_SL_SF_SF_SF_SF_SF_
512,167,conv1,_Z23implicit_convolve_sgemmIffiLi1024ELi5ELi5ELi3ELi3ELi3ELi1ELb0ELb0ELb1EEviiiPKT_iPT0_S2_18kernel_conv_paramsyT1_ffiPKS3_S8_bbii
512,167,relu1,_ZN2at6native29vectorized_elementwise_kernelILi4EZZZNS0_49_GLOBAL__N__a62a4dcd_16_TensorCompare_cu_71e06f4e19launch_clamp_scalarERNS_18TensorIteratorBaseEN3c106ScalarES6_NS0_6detail11ClampLimitsEENKUlvE_clEvENKUlvE5_clEvEUlfE_St5arrayIPcLy2EELb0EEEviT0_T1_
512,167,maxpool,_ZN2at6native52_GLOBAL__N__71d79c19_19_DilatedMaxPool2d_cu_9872839c21max_pool_forward_nchwIfiEEvT0_PKT_xxxiiiiiiiiiiPS4_Px
512,167,conv2,_Z23implicit_convolve_sgemmIffiLi128ELi5ELi5ELi3ELi3ELi3ELi1ELb0ELb0ELb1EEviiiPKT_iPT0_S2_18kernel_conv_paramsyT1_ffiPKS3_S8_bbii
512,167,relu2,_ZN2at6native29vectorized_elementwise_kernelILi4EZZZNS0_49_GLOBAL__N__a62a4dcd_16_TensorCompare_cu_71e06f4e19launch_clamp_scalarERNS_18TensorIteratorBaseEN3c106ScalarES6_NS0_6detail11ClampLimitsEENKUlvE_clEvENKUlvE5_clEvEUlfE_St5arrayIPcLy2EELb0EEEviT0_T1_
512,167,conv3,_Z23implicit_convolve_sgemmIffiLi512ELi6ELi8ELi3ELi3ELi5ELi1ELb0ELb0ELb1EEviiiPKT_iPT0_S2_18kernel_conv_paramsyT1_ffiPKS3_S8_bbii
512,167,relu3,_ZN2at6native29vectorized_elementwise_kernelILi4EZZZNS0_49_GLOBAL__N__a62a4dcd_16_TensorCompare_cu_71e06f4e19launch_clamp_scalarERNS_18TensorIteratorBaseEN3c106ScalarES6_NS0_6detail11ClampLimitsEENKUlvE_clEvENKUlvE5_clEvEUlfE_St5arrayIPcLy2EELb0EEEviT0_T1_
512,167,conv4,_ZN5cudnn3cnn23kern_precompute_indicesILb0EEEvPiiiiii
512,167,conv4,_Z26precomputed_convolve_sgemmIfiLi512ELi6ELi7ELi4ELi3ELi5ELi1ELb0EEviiiPKT_iPS0_S2_18kernel_conv_paramsyT0_ffibbS2_S2_Pi
512,167,relu4,_ZN2at6native29vectorized_elementwise_kernelILi4EZZZNS0_49_GLOBAL__N__a62a4dcd_16_TensorCompare_cu_71e06f4e19launch_clamp_scalarERNS_18TensorIteratorBaseEN3c106ScalarES6_NS0_6detail11ClampLimitsEENKUlvE_clEvENKUlvE5_clEvEUlfE_St5arrayIPcLy2EELb0EEEviT0_T1_
512,167,conv5,_Z23implicit_convolve_sgemmIffiLi512ELi6ELi8ELi3ELi3ELi5ELi1ELb0ELb0ELb1EEviiiPKT_iPT0_S2_18kernel_conv_paramsyT1_ffiPKS3_S8_bbii
512,167,relu5,_ZN2at6native29vectorized_elementwise_kernelILi4EZZZNS0_49_GLOBAL__N__a62a4dcd_16_TensorCompare_cu_71e06f4e19launch_clamp_scalarERNS_18TensorIteratorBaseEN3c106ScalarES6_NS0_6detail11ClampLimitsEENKUlvE_clEvENKUlvE5_clEvEUlfE_St5arrayIPcLy2EELb0EEEviT0_T1_
512,167,conv6,_ZN5cudnn3cnn23kern_precompute_indicesILb0EEEvPiiiiii
512,167,conv6,_Z26precomputed_convolve_sgemmIfiLi512ELi6ELi7ELi4ELi3ELi5ELi1ELb0EEviiiPKT_iPS0_S2_18kernel_conv_paramsyT0_ffibbS2_S2_Pi
512,167,relu6,_ZN2at6native29vectorized_elementwise_kernelILi4EZZZNS0_49_GLOBAL__N__a62a4dcd_16_TensorCompare_cu_71e06f4e19launch_clamp_scalarERNS_18TensorIteratorBaseEN3c106ScalarES6_NS0_6detail11ClampLimitsEENKUlvE_clEvENKUlvE5_clEvEUlfE_St5arrayIPcLy2EELb0EEEviT0_T1_
512,167,global_avg_pool,_ZN2at6native13reduce_kernelILi512ELi1ENS0_8ReduceOpIfNS0_7MeanOpsIffffEEjfLi4ELi4EEEEEvT1_
512,167,fc1,_ZN7cutlass7Kernel2I41cutlass_80_simt_sgemm_64x64_8x5_tn_align1EEvNT_6ParamsE
512,167,fc1,_ZN8cublasLt19splitKreduce_kernelILi32ELi16EiffffLb0EfffLb1ELb1ELb0ELb0EEEvNS_18cublasSplitKParamsIT4_EEPKT2_PKT8_PT7_PT3_PKS2_SF_PKT9_S6_PSG_PvxPS2_PiSL_SL_SF_SF_SF_SF_SF_
512,167,relu7,_ZN2at6native29vectorized_elementwise_kernelILi4EZZZNS0_49_GLOBAL__N__a62a4dcd_16_TensorCompare_cu_71e06f4e19launch_clamp_scalarERNS_18TensorIteratorBaseEN3c106ScalarES6_NS0_6detail11ClampLimitsEENKUlvE_clEvENKUlvE5_clEvEUlfE_St5arrayIPcLy2EELb0EEEviT0_T1_
512,167,fc2,_ZN7cutlass7Kernel2I41cutlass_80_simt_sgemm_64x64_8x5_tn_align1EEvNT_6ParamsE
512,167,fc2,_ZN8cublasLt19splitKreduce_kernelILi32ELi16EiffffLb0EfffLb1ELb1ELb0ELb0EEEvNS_18cublasSplitKParamsIT4_EEPKT2_PKT8_PT7_PT3_PKS2_SF_PKT9_S6_PSG_PvxPS2_PiSL_SL_SF_SF_SF_SF_SF_
512,256,conv1,_Z23implicit_convolve_sgemmIffiLi1024ELi5ELi5ELi3ELi3ELi3ELi1ELb0ELb0ELb1EEviiiPKT_iPT0_S2_18kernel_conv_paramsyT1_ffiPKS3_S8_bbii
512,256,relu1,_ZN2at6native29vectorized_elementwise_kernelILi4EZZZNS0_49_GLOBAL__N__a62a4dcd_16_TensorCompare_cu_71e06f4e19launch_clamp_scalarERNS_18TensorIteratorBaseEN3c106ScalarES6_NS0_6detail11ClampLimitsEENKUlvE_clEvENKUlvE5_clEvEUlfE_St5arrayIPcLy2EELb0EEEviT0_T1_
512,256,maxpool,_ZN2at6native52_GLOBAL__N__71d79c19_19_DilatedMaxPool2d_cu_9872839c21max_pool_forward_nchwIfiEEvT0_PKT_xxxiiiiiiiiiiPS4_Px
512,256,conv2,_Z23implicit_convolve_sgemmIffiLi128ELi5ELi5ELi3ELi3ELi3ELi1ELb0ELb0ELb1EEviiiPKT_iPT0_S2_18kernel_conv_paramsyT1_ffiPKS3_S8_bbii
512,256,relu2,_ZN2at6native29vectorized_elementwise_kernelILi4EZZZNS0_49_GLOBAL__N__a62a4dcd_16_TensorCompare_cu_71e06f4e19launch_clamp_scalarERNS_18TensorIteratorBaseEN3c106ScalarES6_NS0_6detail11ClampLimitsEENKUlvE_clEvENKUlvE5_clEvEUlfE_St5arrayIPcLy2EELb0EEEviT0_T1_
512,256,conv3,_Z23implicit_convolve_sgemmIffiLi512ELi6ELi8ELi3ELi3ELi5ELi1ELb0ELb0ELb1EEviiiPKT_iPT0_S2_18kernel_conv_paramsyT1_ffiPKS3_S8_bbii
512,256,relu3,_ZN2at6native29vectorized_elementwise_kernelILi4EZZZNS0_49_GLOBAL__N__a62a4dcd_16_TensorCompare_cu_71e06f4e19launch_clamp_scalarERNS_18TensorIteratorBaseEN3c106ScalarES6_NS0_6detail11ClampLimitsEENKUlvE_clEvENKUlvE5_clEvEUlfE_St5arrayIPcLy2EELb0EEEviT0_T1_
512,256,conv4,_ZN5cudnn3cnn23kern_precompute_indicesILb0EEEvPiiiiii
512,256,conv4,_Z26precomputed_convolve_sgemmIfiLi512ELi6ELi7ELi4ELi3ELi5ELi1ELb0EEviiiPKT_iPS0_S2_18kernel_conv_paramsyT0_ffibbS2_S2_Pi
512,256,relu4,_ZN2at6native29vectorized_elementwise_kernelILi4EZZZNS0_49_GLOBAL__N__a62a4dcd_16_TensorCompare_cu_71e06f4e19launch_clamp_scalarERNS_18TensorIteratorBaseEN3c106ScalarES6_NS0_6detail11ClampLimitsEENKUlvE_clEvENKUlvE5_clEvEUlfE_St5arrayIPcLy2EELb0EEEviT0_T1_
512,256,conv5,_Z23implicit_convolve_sgemmIffiLi512ELi6ELi8ELi3ELi3ELi5ELi1ELb0ELb0ELb1EEviiiPKT_iPT0_S2_18kernel_conv_paramsyT1_ffiPKS3_S8_bbii
512,256,relu5,_ZN2at6native29vectorized_elementwise_kernelILi4EZZZNS0_49_GLOBAL__N__a62a4dcd_16_TensorCompare_cu_71e06f4e19launch_clamp_scalarERNS_18TensorIteratorBaseEN3c106ScalarES6_NS0_6detail11ClampLimitsEENKUlvE_clEvENKUlvE5_clEvEUlfE_St5arrayIPcLy2EELb0EEEviT0_T1_
512,256,conv6,_ZN5cudnn3cnn23kern_precompute_indicesILb0EEEvPiiiiii
512,256,conv6,_Z26precomputed_convolve_sgemmIfiLi512ELi6ELi7ELi4ELi3ELi5ELi1ELb0EEviiiPKT_iPS0_S2_18kernel_conv_paramsyT0_ffibbS2_S2_Pi
512,256,relu6,_ZN2at6native29vectorized_elementwise_kernelILi4EZZZNS0_49_GLOBAL__N__a62a4dcd_16_TensorCompare_cu_71e06f4e19launch_clamp_scalarERNS_18TensorIteratorBaseEN3c106ScalarES6_NS0_6detail11ClampLimitsEENKUlvE_clEvENKUlvE5_clEvEUlfE_St5arrayIPcLy2EELb0EEEviT0_T1_
512,256,global_avg_pool,_ZN2at6native13reduce_kernelILi512ELi1ENS0_8ReduceOpIfNS0_7MeanOpsIffffEEjfLi4ELi4EEEEEvT1_
512,256,fc1,_ZN7cutlass7Kernel2I41cutlass_80_simt_sgemm_64x64_8x5_tn_align1EEvNT_6ParamsE
512,256,fc1,_ZN8cublasLt19splitKreduce_kernelILi32ELi16EiffffLb0EfffLb1ELb1ELb0ELb0EEEvNS_18cublasSplitKParamsIT4_EEPKT2_PKT8_PT7_PT3_PKS2_SF_PKT9_S6_PSG_PvxPS2_PiSL_SL_SF_SF_SF_SF_SF_
512,256,relu7,_ZN2at6native29vectorized_elementwise_kernelILi4EZZZNS0_49_GLOBAL__N__a62a4dcd_16_TensorCompare_cu_71e06f4e19launch_clamp_scalarERNS_18TensorIteratorBaseEN3c106ScalarES6_NS0_6detail11ClampLimitsEENKUlvE_clEvENKUlvE5_clEvEUlfE_St5arrayIPcLy2EELb0EEEviT0_T1_
512,256,fc2,_ZN7cutlass7Kernel2I41cutlass_80_simt_sgemm_64x64_8x5_tn_align1EEvNT_6ParamsE
512,256,fc2,_ZN8cublasLt19splitKreduce_kernelILi32ELi16EiffffLb0EfffLb1ELb1ELb0ELb0EEEvNS_18cublasSplitKParamsIT4_EEPKT2_PKT8_PT7_PT3_PKS2_SF_PKT9_S6_PSG_PvxPS2_PiSL_SL_SF_SF_SF_SF_SF_
